<?xml version="1.0" encoding="UTF-8"?>
<Microcontroller name="PIC18F8723">
   <Generator program="pic18x_include_file_generator.exe"/>
   <Source filename="PIC18F8723.PIC" mplabx_version="v3.26" filedate="2016-03-02"/>
   <CPUInfo>
      <Chip name="PIC18F8723" is_extended="true" first_access_bank_absolute_address="3936" rom_size="131072" alt_shared_addr_test="0"/>
      <EEPROM size="1024" eeadr="4009" eeadrh="4010" eecon1="4006" eecon2="4007" eedata="4008"/>
      <SFR name="SSP2CON2" addr="3938"/>
      <SFR name="SSP2CON1" addr="3939"/>
      <SFR name="SSP2STAT" addr="3940"/>
      <SFR name="SSP2ADD" addr="3941"/>
      <SFR name="SSP2BUF" addr="3942"/>
      <SFR name="ECCP2DEL" addr="3943"/>
      <SFR name="ECCP2AS" addr="3944"/>
      <SFR name="ECCP3DEL" addr="3945"/>
      <SFR name="ECCP3AS" addr="3946"/>
      <SFR name="RCSTA2" addr="3947"/>
      <SFR name="TXSTA2" addr="3948"/>
      <SFR name="TXREG2" addr="3949"/>
      <SFR name="RCREG2" addr="3950"/>
      <SFR name="SPBRG2" addr="3951"/>
      <SFR name="CCP5CON" addr="3952"/>
      <SFR name="CCPR5L" addr="3953"/>
      <SFR name="CCPR5H" addr="3954"/>
      <SFR name="CCP4CON" addr="3955"/>
      <SFR name="CCPR4L" addr="3956"/>
      <SFR name="CCPR4H" addr="3957"/>
      <SFR name="T4CON" addr="3958"/>
      <SFR name="PR4" addr="3959"/>
      <SFR name="TMR4" addr="3960"/>
      <SFR name="ECCP1DEL" addr="3961"/>
      <SFR name="BAUDCON2" addr="3964"/>
      <SFR name="SPBRGH2" addr="3965"/>
      <SFR name="BAUDCON1" addr="3966"/>
      <SFR name="SPBRGH1" addr="3967"/>
      <SFR name="PORTA" addr="3968"/>
      <SFR name="PORTB" addr="3969"/>
      <SFR name="PORTC" addr="3970"/>
      <SFR name="PORTD" addr="3971"/>
      <SFR name="PORTE" addr="3972"/>
      <SFR name="PORTF" addr="3973"/>
      <SFR name="PORTG" addr="3974"/>
      <SFR name="PORTH" addr="3975"/>
      <SFR name="PORTJ" addr="3976"/>
      <SFR name="LATA" addr="3977"/>
      <SFR name="LATB" addr="3978"/>
      <SFR name="LATC" addr="3979"/>
      <SFR name="LATD" addr="3980"/>
      <SFR name="LATE" addr="3981"/>
      <SFR name="LATF" addr="3982"/>
      <SFR name="LATG" addr="3983"/>
      <SFR name="LATH" addr="3984"/>
      <SFR name="LATJ" addr="3985"/>
      <SFR name="TRISA" addr="3986"/>
      <SFR name="TRISB" addr="3987"/>
      <SFR name="TRISC" addr="3988"/>
      <SFR name="TRISD" addr="3989"/>
      <SFR name="TRISE" addr="3990"/>
      <SFR name="TRISF" addr="3991"/>
      <SFR name="TRISG" addr="3992"/>
      <SFR name="TRISH" addr="3993"/>
      <SFR name="TRISJ" addr="3994"/>
      <SFR name="OSCTUNE" addr="3995"/>
      <SFR name="MEMCON" addr="3996"/>
      <SFR name="PIE1" addr="3997"/>
      <SFR name="PIR1" addr="3998"/>
      <SFR name="IPR1" addr="3999"/>
      <SFR name="PIE2" addr="4000"/>
      <SFR name="PIR2" addr="4001"/>
      <SFR name="IPR2" addr="4002"/>
      <SFR name="PIE3" addr="4003"/>
      <SFR name="PIR3" addr="4004"/>
      <SFR name="IPR3" addr="4005"/>
      <SFR name="RCSTA1" addr="4011"/>
      <SFR name="TXSTA1" addr="4012"/>
      <SFR name="TXREG1" addr="4013"/>
      <SFR name="RCREG1" addr="4014"/>
      <SFR name="SPBRG1" addr="4015"/>
      <SFR name="PSPCON" addr="4016"/>
      <SFR name="T3CON" addr="4017"/>
      <SFR name="TMR3L" addr="4018"/>
      <SFR name="TMR3H" addr="4019"/>
      <SFR name="CMCON" addr="4020"/>
      <SFR name="CVRCON" addr="4021"/>
      <SFR name="ECCP1AS" addr="4022"/>
      <SFR name="CCP3CON" addr="4023"/>
      <SFR name="CCPR3L" addr="4024"/>
      <SFR name="CCPR3H" addr="4025"/>
      <SFR name="CCP2CON" addr="4026"/>
      <SFR name="CCPR2L" addr="4027"/>
      <SFR name="CCPR2H" addr="4028"/>
      <SFR name="CCP1CON" addr="4029"/>
      <SFR name="CCPR1L" addr="4030"/>
      <SFR name="CCPR1H" addr="4031"/>
      <SFR name="ADCON2" addr="4032"/>
      <SFR name="ADCON1" addr="4033"/>
      <SFR name="ADCON0" addr="4034"/>
      <SFR name="ADRESL" addr="4035"/>
      <SFR name="ADRESH" addr="4036"/>
      <SFR name="SSP1CON2" addr="4037"/>
      <SFR name="SSP1CON1" addr="4038"/>
      <SFR name="SSP1STAT" addr="4039"/>
      <SFR name="SSP1ADD" addr="4040"/>
      <SFR name="SSP1BUF" addr="4041"/>
      <SFR name="T2CON" addr="4042"/>
      <SFR name="PR2" addr="4043"/>
      <SFR name="TMR2" addr="4044"/>
      <SFR name="T1CON" addr="4045"/>
      <SFR name="TMR1L" addr="4046"/>
      <SFR name="TMR1H" addr="4047"/>
      <SFR name="RCON" addr="4048"/>
      <SFR name="WDTCON" addr="4049"/>
      <SFR name="HLVDCON" addr="4050"/>
      <SFR name="OSCCON" addr="4051"/>
      <SFR name="T0CON" addr="4053"/>
      <SFR name="TMR0L" addr="4054"/>
      <SFR name="TMR0H" addr="4055"/>
      <SFR name="INTCON3" addr="4080"/>
      <SFR name="INTCON2" addr="4081"/>
      <SFR name="INTCON" addr="4082"/>
   </CPUInfo>
   <ConfigBits>
      <ConfigByte/>
      <ConfigByte name="CONFIG1H">
         <ConfigField name="OSC" desc="Oscillator Selection bits" default="7" ishidden="false" nop_marker="false">
            <ConfigFieldValue name="INTIO7" desc="Internal oscillator block, CLKO function on RA6, port function on RA7" value="9"/>
            <ConfigFieldValue name="INTIO67" desc="Internal oscillator block, port function on RA6 and RA7" value="8"/>
            <ConfigFieldValue name="RCIO6" desc="External RC oscillator, port function on RA6" value="7"/>
            <ConfigFieldValue name="HSPLL" desc="HS oscillator, PLL enabled (Clock Frequency = 4 x FOSC1)" value="6"/>
            <ConfigFieldValue name="ECIO6" desc="EC oscillator, port function on RA6" value="5"/>
            <ConfigFieldValue name="EC" desc="EC oscillator, CLKO function on RA6" value="4"/>
            <ConfigFieldValue name="RC" desc="External RC oscillator, CLKO function on RA6" value="3"/>
            <ConfigFieldValue name="HS" desc="HS oscillator" value="2"/>
            <ConfigFieldValue name="XT" desc="XT oscillator" value="1"/>
            <ConfigFieldValue name="LP" desc="LP oscillator" value="0"/>
         </ConfigField>
         <ConfigField name="-" desc="" default="0" ishidden="false" nop_marker="false"/>
         <ConfigField name="FCMEN" desc="Fail-Safe Clock Monitor Enable bit" default="0" ishidden="false" nop_marker="false">
            <ConfigFieldValue name="ON" desc="Fail-Safe Clock Monitor enabled" value="1"/>
            <ConfigFieldValue name="OFF" desc="Fail-Safe Clock Monitor disabled" value="0"/>
         </ConfigField>
         <ConfigField name="IESO" desc="Internal/External Oscillator Switchover bit" default="0" ishidden="false" nop_marker="false">
            <ConfigFieldValue name="ON" desc="Two-Speed Start-up enabled" value="1"/>
            <ConfigFieldValue name="OFF" desc="Two-Speed Start-up disabled" value="0"/>
         </ConfigField>
      </ConfigByte>
      <ConfigByte name="CONFIG2L">
         <ConfigField name="PWRT" desc="Power-up Timer Enable bit" default="1" ishidden="false" nop_marker="false">
            <ConfigFieldValue name="OFF" desc="PWRT disabled" value="1"/>
            <ConfigFieldValue name="ON" desc="PWRT enabled" value="0"/>
         </ConfigField>
         <ConfigField name="BOREN" desc="Brown-out Reset Enable bits" default="3" ishidden="false" nop_marker="false">
            <ConfigFieldValue name="SBORDIS" desc="Brown-out Reset enabled in hardware only (SBOREN is disabled)" value="3"/>
            <ConfigFieldValue name="NOSLP" desc="Brown-out Reset enabled in hardware only and disabled in Sleep mode (SBOREN is disabled)" value="2"/>
            <ConfigFieldValue name="ON" desc="Brown-out Reset enabled and controlled by software (SBOREN is enabled)" value="1"/>
            <ConfigFieldValue name="OFF" desc="Brown-out Reset disabled in hardware and software" value="0"/>
         </ConfigField>
         <ConfigField name="BORV" desc="Brown-out Voltage bits" default="3" ishidden="false" nop_marker="false">
            <ConfigFieldValue name="3" desc="Minimum setting" value="3"/>
            <ConfigFieldValue name="2" desc="" value="2"/>
            <ConfigFieldValue name="1" desc="" value="1"/>
            <ConfigFieldValue name="0" desc="Maximum setting" value="0"/>
         </ConfigField>
      </ConfigByte>
      <ConfigByte name="CONFIG2H">
         <ConfigField name="WDT" desc="Watchdog Timer" default="1" ishidden="false" nop_marker="false">
            <ConfigFieldValue name="ON" desc="WDT enabled" value="1"/>
            <ConfigFieldValue name="OFF" desc="WDT disabled (control is placed on the SWDTEN bit)" value="0"/>
         </ConfigField>
         <ConfigField name="WDTPS" desc="Watchdog Timer Postscale Select bits" default="15" ishidden="false" nop_marker="false">
            <ConfigFieldValue name="32768" desc="1:32768" value="15"/>
            <ConfigFieldValue name="16384" desc="1:16384" value="14"/>
            <ConfigFieldValue name="8192" desc="1:8192" value="13"/>
            <ConfigFieldValue name="4096" desc="1:4096" value="12"/>
            <ConfigFieldValue name="2048" desc="1:2048" value="11"/>
            <ConfigFieldValue name="1024" desc="1:1024" value="10"/>
            <ConfigFieldValue name="512" desc="1:512" value="9"/>
            <ConfigFieldValue name="256" desc="1:256" value="8"/>
            <ConfigFieldValue name="128" desc="1:128" value="7"/>
            <ConfigFieldValue name="64" desc="1:64" value="6"/>
            <ConfigFieldValue name="32" desc="1:32" value="5"/>
            <ConfigFieldValue name="16" desc="1:16" value="4"/>
            <ConfigFieldValue name="8" desc="1:8" value="3"/>
            <ConfigFieldValue name="4" desc="1:4" value="2"/>
            <ConfigFieldValue name="2" desc="1:2" value="1"/>
            <ConfigFieldValue name="1" desc="1:1" value="0"/>
         </ConfigField>
      </ConfigByte>
      <ConfigByte name="CONFIG3L">
         <ConfigField name="MODE" desc="Processor Data Memory Mode Select bits" default="3" ishidden="false" nop_marker="false">
            <ConfigFieldValue name="MC" desc="Microcontroller mode" value="3"/>
            <ConfigFieldValue name="MP" desc="Microprocessor mode" value="2"/>
            <ConfigFieldValue name="MPB" desc="Microprocessor with Boot Block mode" value="1"/>
            <ConfigFieldValue name="EM" desc="Extended Microcontroller mode" value="0"/>
         </ConfigField>
         <ConfigField name="-" desc="" default="0" ishidden="false" nop_marker="false"/>
         <ConfigField name="ADDRBW" desc="Address Bus Width Select bits" default="3" ishidden="false" nop_marker="false">
            <ConfigFieldValue name="ADDR20BIT" desc="20-bit Address Bus" value="3"/>
            <ConfigFieldValue name="ADDR16BIT" desc="16-bit Address Bus" value="2"/>
            <ConfigFieldValue name="ADDR12BIT" desc="12-bit Address Bus" value="1"/>
            <ConfigFieldValue name="ADDR8BIT" desc="8-bit Address Bus" value="0"/>
         </ConfigField>
         <ConfigField name="DATABW" desc="Data Bus Width Select bit" default="1" ishidden="false" nop_marker="false">
            <ConfigFieldValue name="DATA16BIT" desc="16-bit External Bus mode" value="1"/>
            <ConfigFieldValue name="DATA8BIT" desc="8-bit External Bus mode" value="0"/>
         </ConfigField>
         <ConfigField name="WAIT" desc="External Bus Data Wait Enable bit" default="1" ishidden="false" nop_marker="false">
            <ConfigFieldValue name="OFF" desc="Wait selections are unavailable for table reads and table writes" value="1"/>
            <ConfigFieldValue name="ON" desc="Wait selections for table reads and table writes are determined by the WAIT1:WAIT0 bits" value="0"/>
         </ConfigField>
      </ConfigByte>
      <ConfigByte name="CONFIG3H">
         <ConfigField name="CCP2MX" desc="CCP2 MUX bit" default="1" ishidden="false" nop_marker="false">
            <ConfigFieldValue name="PORTC" desc="ECCP2 input/output is multiplexed with RC1" value="1"/>
            <ConfigFieldValue name="PORTBE" desc="ECCP2 is multiplexed with RB3 in Extended Microcontroller, Microprocessor or Microprocessor with Boot Block mode. Or with RE7 in Microcontroller mode." value="0"/>
         </ConfigField>
         <ConfigField name="ECCPMX" desc="ECCP MUX bit" default="1" ishidden="false" nop_marker="false">
            <ConfigFieldValue name="PORTE" desc="ECCP1/3 (P1B/P1C/P3B/P3C) are multiplexed onto RE6, RE5, RE4 and RE3 respectively" value="1"/>
            <ConfigFieldValue name="PORTH" desc="ECCP1/3 (P1B/P1C/P3B/P3C) are multiplexed onto RH7, RH6, RH5 and RH4 respectively" value="0"/>
         </ConfigField>
         <ConfigField name="LPT1OSC" desc="Low-Power Timer1 Oscillator Enable bit" default="0" ishidden="false" nop_marker="false">
            <ConfigFieldValue name="ON" desc="Timer1 configured for low-power operation" value="1"/>
            <ConfigFieldValue name="OFF" desc="Timer1 configured for higher power operation" value="0"/>
         </ConfigField>
         <ConfigField name="-" desc="" default="0" ishidden="false" nop_marker="false"/>
         <ConfigField name="MCLRE" desc="MCLR Pin Enable bit" default="1" ishidden="false" nop_marker="false">
            <ConfigFieldValue name="ON" desc="MCLR pin enabled; RG5 input pin disabled" value="1"/>
            <ConfigFieldValue name="OFF" desc="RG5 input pin enabled; MCLR disabled" value="0"/>
         </ConfigField>
      </ConfigByte>
      <ConfigByte name="CONFIG4L">
         <ConfigField name="STVREN" desc="Stack Full/Underflow Reset Enable bit" default="1" ishidden="false" nop_marker="false">
            <ConfigFieldValue name="ON" desc="Stack full/underflow will cause Reset" value="1"/>
            <ConfigFieldValue name="OFF" desc="Stack full/underflow will not cause Reset" value="0"/>
         </ConfigField>
         <ConfigField name="-" desc="" default="0" ishidden="false" nop_marker="false"/>
         <ConfigField name="LVP" desc="Single-Supply ICSP Enable bit" default="1" ishidden="false" nop_marker="false">
            <ConfigFieldValue name="ON" desc="Single-Supply ICSP enabled" value="1"/>
            <ConfigFieldValue name="OFF" desc="Single-Supply ICSP disabled" value="0"/>
         </ConfigField>
         <ConfigField name="-" desc="" default="0" ishidden="false" nop_marker="false"/>
         <ConfigField name="BBSIZ" desc="Boot Block Size Select bits" default="0" ishidden="false" nop_marker="false">
            <ConfigFieldValue name="BB8K" desc="4K words (8 Kbytes) Boot Block size" value="2"/>
            <ConfigFieldValue name="BB4K" desc="2K words (4 Kbytes) Boot Block size" value="1"/>
            <ConfigFieldValue name="BB2K" desc="1K word (2 Kbytes) Boot Block size" value="0"/>
         </ConfigField>
         <ConfigField name="XINST" desc="Extended Instruction Set Enable bit" default="0" ishidden="false" nop_marker="false">
            <ConfigFieldValue name="ON" desc="Instruction set extension and Indexed Addressing mode enabled" value="1"/>
            <ConfigFieldValue name="OFF" desc="Instruction set extension and Indexed Addressing mode disabled (Legacy mode)" value="0"/>
         </ConfigField>
         <ConfigField name="DEBUG" desc="Background Debugger Enable bit" default="1" ishidden="false" nop_marker="false">
            <ConfigFieldValue name="OFF" desc="Background debugger disabled, RB6 and RB7 configured as general purpose I/O pins" value="1"/>
            <ConfigFieldValue name="ON" desc="Background debugger enabled, RB6 and RB7 are dedicated to In-Circuit Debug" value="0"/>
         </ConfigField>
      </ConfigByte>
      <ConfigByte/>
      <ConfigByte name="CONFIG5L">
         <ConfigField name="CP0" desc="Code Protection bit Block 0" default="1" ishidden="false" nop_marker="false">
            <ConfigFieldValue name="OFF" desc="Block 0 (000800, 001000 or 002000-003FFFh) not code-protected" value="1"/>
            <ConfigFieldValue name="ON" desc="Block 0 (000800, 001000 or 002000-003FFFh) code-protected" value="0"/>
         </ConfigField>
         <ConfigField name="CP1" desc="Code Protection bit Block 1" default="1" ishidden="false" nop_marker="false">
            <ConfigFieldValue name="OFF" desc="Block 1 (004000-007FFFh) not code-protected" value="1"/>
            <ConfigFieldValue name="ON" desc="Block 1 (004000-007FFFh) code-protected" value="0"/>
         </ConfigField>
         <ConfigField name="CP2" desc="Code Protection bit Block 2" default="1" ishidden="false" nop_marker="false">
            <ConfigFieldValue name="OFF" desc="Block 2 (008000-00BFFFh) not code-protected" value="1"/>
            <ConfigFieldValue name="ON" desc="Block 2 (008000-00BFFFh) code-protected" value="0"/>
         </ConfigField>
         <ConfigField name="CP3" desc="Code Protection bit Block 3" default="1" ishidden="false" nop_marker="false">
            <ConfigFieldValue name="OFF" desc="Block 3 (00C000-00FFFFh) not code-protected" value="1"/>
            <ConfigFieldValue name="ON" desc="Block 3 (00C000-00FFFFh) code-protected" value="0"/>
         </ConfigField>
         <ConfigField name="CP4" desc="Code Protection bit Block 4" default="1" ishidden="false" nop_marker="false">
            <ConfigFieldValue name="OFF" desc="Block 4 (010000-013FFFh) not code-protected" value="1"/>
            <ConfigFieldValue name="ON" desc="Block 4 (010000-013FFFh) code-protected" value="0"/>
         </ConfigField>
         <ConfigField name="CP5" desc="Code Protection bit Block 5" default="1" ishidden="false" nop_marker="false">
            <ConfigFieldValue name="OFF" desc="Block 5 (014000-017FFFh) not code-protected" value="1"/>
            <ConfigFieldValue name="ON" desc="Block 5 (014000-017FFFh) code-protected" value="0"/>
         </ConfigField>
         <ConfigField name="CP6" desc="Code Protection bit Block 6" default="1" ishidden="false" nop_marker="false">
            <ConfigFieldValue name="OFF" desc="Block 6 (01BFFF-018000h) not code-protected" value="1"/>
            <ConfigFieldValue name="ON" desc="Block 6 (01BFFF-018000h) code-protected" value="0"/>
         </ConfigField>
         <ConfigField name="CP7" desc="Code Protection bit Block 7" default="1" ishidden="false" nop_marker="false">
            <ConfigFieldValue name="OFF" desc="Block 7 (01C000-01FFFFh) not code-protected" value="1"/>
            <ConfigFieldValue name="ON" desc="Block 7 (01C000-01FFFFh) code-protected" value="0"/>
         </ConfigField>
      </ConfigByte>
      <ConfigByte name="CONFIG5H">
         <ConfigField name="-" desc="" default="0" ishidden="false" nop_marker="false"/>
         <ConfigField name="CPB" desc="Boot Block Code Protection bit" default="1" ishidden="false" nop_marker="false">
            <ConfigFieldValue name="OFF" desc="Boot Block (000000-0007FFh) not code-protected" value="1"/>
            <ConfigFieldValue name="ON" desc="Boot Block (000000-0007FFh) code-protected" value="0"/>
         </ConfigField>
         <ConfigField name="CPD" desc="Data EEPROM Code Protection bit" default="1" ishidden="false" nop_marker="false">
            <ConfigFieldValue name="OFF" desc="Data EEPROM not code-protected" value="1"/>
            <ConfigFieldValue name="ON" desc="Data EEPROM code-protected" value="0"/>
         </ConfigField>
      </ConfigByte>
      <ConfigByte name="CONFIG6L">
         <ConfigField name="WRT0" desc="Write Protection bit Block 0" default="1" ishidden="false" nop_marker="false">
            <ConfigFieldValue name="OFF" desc="Block 0 (000800, 001000 or 002000-003FFFh) not write-protected" value="1"/>
            <ConfigFieldValue name="ON" desc="Block 0 (000800, 001000 or 002000-003FFFh) write-protected" value="0"/>
         </ConfigField>
         <ConfigField name="WRT1" desc="Write Protection bit Block 1" default="1" ishidden="false" nop_marker="false">
            <ConfigFieldValue name="OFF" desc="Block 1 (004000-007FFFh) not write-protected" value="1"/>
            <ConfigFieldValue name="ON" desc="Block 1 (004000-007FFFh) write-protected" value="0"/>
         </ConfigField>
         <ConfigField name="WRT2" desc="Write Protection bit Block 2" default="1" ishidden="false" nop_marker="false">
            <ConfigFieldValue name="OFF" desc="Block 2 (008000-00BFFFh) not write-protected" value="1"/>
            <ConfigFieldValue name="ON" desc="Block 2 (008000-00BFFFh) write-protected" value="0"/>
         </ConfigField>
         <ConfigField name="WRT3" desc="Write Protection bit Block 3" default="1" ishidden="false" nop_marker="false">
            <ConfigFieldValue name="OFF" desc="Block 3 (00C000-00FFFFh) not write-protected" value="1"/>
            <ConfigFieldValue name="ON" desc="Block 3 (00C000-00FFFFh) write-protected" value="0"/>
         </ConfigField>
         <ConfigField name="WRT4" desc="Write Protection bit Block 4" default="1" ishidden="false" nop_marker="false">
            <ConfigFieldValue name="OFF" desc="Block 4 (010000-013FFFh) not write-protected" value="1"/>
            <ConfigFieldValue name="ON" desc="Block 4 (010000-013FFFh) write-protected" value="0"/>
         </ConfigField>
         <ConfigField name="WRT5" desc="Write Protection bit Block 5" default="1" ishidden="false" nop_marker="false">
            <ConfigFieldValue name="OFF" desc="Block 5 (014000-017FFFh) not write-protected" value="1"/>
            <ConfigFieldValue name="ON" desc="Block 5 (014000-017FFFh) write-protected" value="0"/>
         </ConfigField>
         <ConfigField name="WRT6" desc="Write Protection bit Block 6" default="1" ishidden="false" nop_marker="false">
            <ConfigFieldValue name="OFF" desc="Block 6 (01BFFF-018000h) not write-protected" value="1"/>
            <ConfigFieldValue name="ON" desc="Block 6 (01BFFF-018000h) write-protected" value="0"/>
         </ConfigField>
         <ConfigField name="WRT7" desc="Write Protection bit Block 7" default="1" ishidden="false" nop_marker="false">
            <ConfigFieldValue name="OFF" desc="Block 7 (01C000-01FFFFh) not write-protected" value="1"/>
            <ConfigFieldValue name="ON" desc="Block 7 (01C000-01FFFFh) write-protected" value="0"/>
         </ConfigField>
      </ConfigByte>
      <ConfigByte name="CONFIG6H">
         <ConfigField name="-" desc="" default="0" ishidden="false" nop_marker="false"/>
         <ConfigField name="WRTC" desc="Configuration Register Write Protection bit" default="1" ishidden="false" nop_marker="false">
            <ConfigFieldValue name="OFF" desc="Configuration registers (300000-3000FFh) not write-protected" value="1"/>
            <ConfigFieldValue name="ON" desc="Configuration registers (300000-3000FFh) write-protected" value="0"/>
         </ConfigField>
         <ConfigField name="WRTB" desc="Boot Block Write Protection bit" default="1" ishidden="false" nop_marker="false">
            <ConfigFieldValue name="OFF" desc="Boot Block (000000-007FFF, 000FFF or 001FFFh) not write-protected" value="1"/>
            <ConfigFieldValue name="ON" desc="Boot Block (000000-007FFF, 000FFF or 001FFFh) write-protected" value="0"/>
         </ConfigField>
         <ConfigField name="WRTD" desc="Data EEPROM Write Protection bit" default="1" ishidden="false" nop_marker="false">
            <ConfigFieldValue name="OFF" desc="Data EEPROM not write-protected" value="1"/>
            <ConfigFieldValue name="ON" desc="Data EEPROM write-protected" value="0"/>
         </ConfigField>
      </ConfigByte>
      <ConfigByte name="CONFIG7L">
         <ConfigField name="EBTR0" desc="Table Read Protection bit Block 0" default="1" ishidden="false" nop_marker="false">
            <ConfigFieldValue name="OFF" desc="Block 0 (000800, 001000 or 002000-003FFFh) not protected from table reads executed in other blocks" value="1"/>
            <ConfigFieldValue name="ON" desc="Block 0 (000800, 001000 or 002000-003FFFh) protected from table reads executed in other blocks" value="0"/>
         </ConfigField>
         <ConfigField name="EBTR1" desc="Table Read Protection bit Block 1" default="1" ishidden="false" nop_marker="false">
            <ConfigFieldValue name="OFF" desc="Block 1 (004000-007FFFh) not protected from table reads executed in other blocks" value="1"/>
            <ConfigFieldValue name="ON" desc="Block 1 (004000-007FFFh) protected from table reads executed in other blocks" value="0"/>
         </ConfigField>
         <ConfigField name="EBTR2" desc="Table Read Protection bit Block 2" default="1" ishidden="false" nop_marker="false">
            <ConfigFieldValue name="OFF" desc="Block 2 (008000-00BFFFh) not protected from table reads executed in other blocks" value="1"/>
            <ConfigFieldValue name="ON" desc="Block 2 (008000-00BFFFh) protected from table reads executed in other blocks" value="0"/>
         </ConfigField>
         <ConfigField name="EBTR3" desc="Table Read Protection bit Block 3" default="1" ishidden="false" nop_marker="false">
            <ConfigFieldValue name="OFF" desc="Block 3 (00C000-00FFFFh) not protected from table reads executed in other blocks" value="1"/>
            <ConfigFieldValue name="ON" desc="Block 3 (00C000-00FFFFh) protected from table reads executed in other blocks" value="0"/>
         </ConfigField>
         <ConfigField name="EBTR4" desc="Table Read Protection bit Block 4" default="1" ishidden="false" nop_marker="false">
            <ConfigFieldValue name="OFF" desc="Block 4 (010000-013FFFh) not protected from table reads executed in other blocks" value="1"/>
            <ConfigFieldValue name="ON" desc="Block 4 (010000-013FFFh) protected from table reads executed in other blocks" value="0"/>
         </ConfigField>
         <ConfigField name="EBTR5" desc="Table Read Protection bit Block 5" default="1" ishidden="false" nop_marker="false">
            <ConfigFieldValue name="OFF" desc="Block 5 (014000-017FFFh) not protected from table reads executed in other blocks" value="1"/>
            <ConfigFieldValue name="ON" desc="Block 5 (014000-017FFFh) protected from table reads executed in other blocks" value="0"/>
         </ConfigField>
         <ConfigField name="EBTR6" desc="Table Read Protection bit Block 6" default="1" ishidden="false" nop_marker="false">
            <ConfigFieldValue name="OFF" desc="Block 6 (018000-01BFFFh) not protected from table reads executed in other blocks" value="1"/>
            <ConfigFieldValue name="ON" desc="Block 6 (018000-01BFFFh) protected from table reads executed in other blocks" value="0"/>
         </ConfigField>
         <ConfigField name="EBTR7" desc="Table Read Protection bit Block 7" default="1" ishidden="false" nop_marker="false">
            <ConfigFieldValue name="OFF" desc="Block 7 (01C000-01FFFFh) not protected from table reads executed in other blocks" value="1"/>
            <ConfigFieldValue name="ON" desc="Block 7 (01C000-01FFFFh) protected from table reads executed in other blocks" value="0"/>
         </ConfigField>
      </ConfigByte>
      <ConfigByte name="CONFIG7H">
         <ConfigField name="-" desc="" default="0" ishidden="false" nop_marker="false"/>
         <ConfigField name="EBTRB" desc="Boot Block Table Read Protection bit" default="1" ishidden="false" nop_marker="false">
            <ConfigFieldValue name="OFF" desc="Boot Block (000000-007FFF, 000FFF or 001FFFh) not protected from table reads executed in other blocks" value="1"/>
            <ConfigFieldValue name="ON" desc="Boot Block (000000-007FFF, 000FFF or 001FFFh) protected from table reads executed in other blocks" value="0"/>
         </ConfigField>
      </ConfigByte>
   </ConfigBits>
   <ReversedTypes>
      <ReversedType name="tAD"/>
      <ReversedType name="tCCP"/>
      <ReversedType name="tTMR0"/>
      <ReversedType name="tTMR16"/>
      <ReversedType name="tTMR8"/>
   </ReversedTypes>
   <Timers16Bit>
      <Timer number="0"/>
      <Timer number="1"/>
      <Timer number="3"/>
   </Timers16Bit>
   <DataSpaces>
      <GPR_DataSpace beginaddr="0" endaddr="3936"/>
      <SFR_DataSpace beginaddr="3936" endaddr="4096"/>
   </DataSpaces>
</Microcontroller>
