<?xml version="1.0" encoding="UTF-8"?>
<Microcontroller name="PIC18F65K80">
   <Generator program="pic18x_include_file_generator.exe"/>
   <Source filename="PIC18F65K80.PIC" mplabx_version="v3.26" filedate="2016-03-02"/>
   <CPUInfo>
      <Chip name="PIC18F65K80" is_extended="true" first_access_bank_absolute_address="3936" rom_size="32768" alt_shared_addr_test="0"/>
      <EEPROM size="1024" eeadr="3956" eeadrh="3957" eecon1="3967" eecon2="3966" eedata="3955"/>
      <SFR name="RXERRCNT" addr="3649"/>
      <SFR name="TXERRCNT" addr="3650"/>
      <SFR name="BRGCON1" addr="3651"/>
      <SFR name="BRGCON2" addr="3652"/>
      <SFR name="BRGCON3" addr="3653"/>
      <SFR name="RXFCON0" addr="3654"/>
      <SFR name="RXFCON1" addr="3655"/>
      <SFR name="RXF6SIDH" addr="3656"/>
      <SFR name="RXF6SIDL" addr="3657"/>
      <SFR name="RXF6EIDH" addr="3658"/>
      <SFR name="RXF6EIDL" addr="3659"/>
      <SFR name="RXF7SIDH" addr="3660"/>
      <SFR name="RXF7SIDL" addr="3661"/>
      <SFR name="RXF7EIDH" addr="3662"/>
      <SFR name="RXF7EIDL" addr="3663"/>
      <SFR name="RXF8SIDH" addr="3664"/>
      <SFR name="RXF8SIDL" addr="3665"/>
      <SFR name="RXF8EIDH" addr="3666"/>
      <SFR name="RXF8EIDL" addr="3667"/>
      <SFR name="RXF9SIDH" addr="3668"/>
      <SFR name="RXF9SIDL" addr="3669"/>
      <SFR name="RXF9EIDH" addr="3670"/>
      <SFR name="RXF9EIDL" addr="3671"/>
      <SFR name="RXF10SIDH" addr="3672"/>
      <SFR name="RXF10SIDL" addr="3673"/>
      <SFR name="RXF10EIDH" addr="3674"/>
      <SFR name="RXF10EIDL" addr="3675"/>
      <SFR name="RXF11SIDH" addr="3676"/>
      <SFR name="RXF11SIDL" addr="3677"/>
      <SFR name="RXF11EIDH" addr="3678"/>
      <SFR name="RXF11EIDL" addr="3679"/>
      <SFR name="RXF12SIDH" addr="3680"/>
      <SFR name="RXF12SIDL" addr="3681"/>
      <SFR name="RXF12EIDH" addr="3682"/>
      <SFR name="RXF12EIDL" addr="3683"/>
      <SFR name="RXF13SIDH" addr="3684"/>
      <SFR name="RXF13SIDL" addr="3685"/>
      <SFR name="RXF13EIDH" addr="3686"/>
      <SFR name="RXF13EIDL" addr="3687"/>
      <SFR name="RXF14SIDH" addr="3688"/>
      <SFR name="RXF14SIDL" addr="3689"/>
      <SFR name="RXF14EIDH" addr="3690"/>
      <SFR name="RXF14EIDL" addr="3691"/>
      <SFR name="RXF15SIDH" addr="3692"/>
      <SFR name="RXF15SIDL" addr="3693"/>
      <SFR name="RXF15EIDH" addr="3694"/>
      <SFR name="RXF15EIDL" addr="3695"/>
      <SFR name="SDFLC" addr="3696"/>
      <SFR name="RXFBCON0" addr="3697"/>
      <SFR name="RXFBCON1" addr="3698"/>
      <SFR name="RXFBCON2" addr="3699"/>
      <SFR name="RXFBCON3" addr="3700"/>
      <SFR name="RXFBCON4" addr="3701"/>
      <SFR name="RXFBCON5" addr="3702"/>
      <SFR name="RXFBCON6" addr="3703"/>
      <SFR name="RXFBCON7" addr="3704"/>
      <SFR name="MSEL0" addr="3705"/>
      <SFR name="MSEL1" addr="3706"/>
      <SFR name="MSEL2" addr="3707"/>
      <SFR name="MSEL3" addr="3708"/>
      <SFR name="BSEL0" addr="3709"/>
      <SFR name="BIE0" addr="3710"/>
      <SFR name="TXBIE" addr="3711"/>
      <SFR name="B0CON" addr="3712"/>
      <SFR name="B0SIDH" addr="3713"/>
      <SFR name="B0SIDL" addr="3714"/>
      <SFR name="B0EIDH" addr="3715"/>
      <SFR name="B0EIDL" addr="3716"/>
      <SFR name="B0DLC" addr="3717"/>
      <SFR name="B0D0" addr="3718"/>
      <SFR name="B0D1" addr="3719"/>
      <SFR name="B0D2" addr="3720"/>
      <SFR name="B0D3" addr="3721"/>
      <SFR name="B0D4" addr="3722"/>
      <SFR name="B0D5" addr="3723"/>
      <SFR name="B0D6" addr="3724"/>
      <SFR name="B0D7" addr="3725"/>
      <SFR name="CANSTAT_RO9" addr="3726"/>
      <SFR name="CANCON_RO9" addr="3727"/>
      <SFR name="B1CON" addr="3728"/>
      <SFR name="B1SIDH" addr="3729"/>
      <SFR name="B1SIDL" addr="3730"/>
      <SFR name="B1EIDH" addr="3731"/>
      <SFR name="B1EIDL" addr="3732"/>
      <SFR name="B1DLC" addr="3733"/>
      <SFR name="B1D0" addr="3734"/>
      <SFR name="B1D1" addr="3735"/>
      <SFR name="B1D2" addr="3736"/>
      <SFR name="B1D3" addr="3737"/>
      <SFR name="B1D4" addr="3738"/>
      <SFR name="B1D5" addr="3739"/>
      <SFR name="B1D6" addr="3740"/>
      <SFR name="B1D7" addr="3741"/>
      <SFR name="CANSTAT_RO8" addr="3742"/>
      <SFR name="CANCON_RO8" addr="3743"/>
      <SFR name="B2CON" addr="3744"/>
      <SFR name="B2SIDH" addr="3745"/>
      <SFR name="B2SIDL" addr="3746"/>
      <SFR name="B2EIDH" addr="3747"/>
      <SFR name="B2EIDL" addr="3748"/>
      <SFR name="B2DLC" addr="3749"/>
      <SFR name="B2D0" addr="3750"/>
      <SFR name="B2D1" addr="3751"/>
      <SFR name="B2D2" addr="3752"/>
      <SFR name="B2D3" addr="3753"/>
      <SFR name="B2D4" addr="3754"/>
      <SFR name="B2D5" addr="3755"/>
      <SFR name="B2D6" addr="3756"/>
      <SFR name="B2D7" addr="3757"/>
      <SFR name="CANSTAT_RO7" addr="3758"/>
      <SFR name="CANCON_RO7" addr="3759"/>
      <SFR name="B3CON" addr="3760"/>
      <SFR name="B3SIDH" addr="3761"/>
      <SFR name="B3SIDL" addr="3762"/>
      <SFR name="B3EIDH" addr="3763"/>
      <SFR name="B3EIDL" addr="3764"/>
      <SFR name="B3DLC" addr="3765"/>
      <SFR name="B3D0" addr="3766"/>
      <SFR name="B3D1" addr="3767"/>
      <SFR name="B3D2" addr="3768"/>
      <SFR name="B3D3" addr="3769"/>
      <SFR name="B3D4" addr="3770"/>
      <SFR name="B3D5" addr="3771"/>
      <SFR name="B3D6" addr="3772"/>
      <SFR name="B3D7" addr="3773"/>
      <SFR name="CANSTAT_RO6" addr="3774"/>
      <SFR name="CANCON_RO6" addr="3775"/>
      <SFR name="B4CON" addr="3776"/>
      <SFR name="B4SIDH" addr="3777"/>
      <SFR name="B4SIDL" addr="3778"/>
      <SFR name="B4EIDH" addr="3779"/>
      <SFR name="B4EIDL" addr="3780"/>
      <SFR name="B4DLC" addr="3781"/>
      <SFR name="B4D0" addr="3782"/>
      <SFR name="B4D1" addr="3783"/>
      <SFR name="B4D2" addr="3784"/>
      <SFR name="B4D3" addr="3785"/>
      <SFR name="B4D4" addr="3786"/>
      <SFR name="B4D5" addr="3787"/>
      <SFR name="B4D6" addr="3788"/>
      <SFR name="B4D7" addr="3789"/>
      <SFR name="CANSTAT_RO5" addr="3790"/>
      <SFR name="CANCON_RO5" addr="3791"/>
      <SFR name="B5CON" addr="3792"/>
      <SFR name="B5SIDH" addr="3793"/>
      <SFR name="B5SIDL" addr="3794"/>
      <SFR name="B5EIDH" addr="3795"/>
      <SFR name="B5EIDL" addr="3796"/>
      <SFR name="B5DLC" addr="3797"/>
      <SFR name="B5D0" addr="3798"/>
      <SFR name="B5D1" addr="3799"/>
      <SFR name="B5D2" addr="3800"/>
      <SFR name="B5D3" addr="3801"/>
      <SFR name="B5D4" addr="3802"/>
      <SFR name="B5D5" addr="3803"/>
      <SFR name="B5D6" addr="3804"/>
      <SFR name="B5D7" addr="3805"/>
      <SFR name="CANSTAT_RO4" addr="3806"/>
      <SFR name="CANCON_RO4" addr="3807"/>
      <SFR name="RXF0SIDH" addr="3808"/>
      <SFR name="RXF0SIDL" addr="3809"/>
      <SFR name="RXF0EIDH" addr="3810"/>
      <SFR name="RXF0EIDL" addr="3811"/>
      <SFR name="RXF1SIDH" addr="3812"/>
      <SFR name="RXF1SIDL" addr="3813"/>
      <SFR name="RXF1EIDH" addr="3814"/>
      <SFR name="RXF1EIDL" addr="3815"/>
      <SFR name="RXF2SIDH" addr="3816"/>
      <SFR name="RXF2SIDL" addr="3817"/>
      <SFR name="RXF2EIDH" addr="3818"/>
      <SFR name="RXF2EIDL" addr="3819"/>
      <SFR name="RXF3SIDH" addr="3820"/>
      <SFR name="RXF3SIDL" addr="3821"/>
      <SFR name="RXF3EIDH" addr="3822"/>
      <SFR name="RXF3EIDL" addr="3823"/>
      <SFR name="RXF4SIDH" addr="3824"/>
      <SFR name="RXF4SIDL" addr="3825"/>
      <SFR name="RXF4EIDH" addr="3826"/>
      <SFR name="RXF4EIDL" addr="3827"/>
      <SFR name="RXF5SIDH" addr="3828"/>
      <SFR name="RXF5SIDL" addr="3829"/>
      <SFR name="RXF5EIDH" addr="3830"/>
      <SFR name="RXF5EIDL" addr="3831"/>
      <SFR name="RXM0SIDH" addr="3832"/>
      <SFR name="RXM0SIDL" addr="3833"/>
      <SFR name="RXM0EIDH" addr="3834"/>
      <SFR name="RXM0EIDL" addr="3835"/>
      <SFR name="RXM1SIDH" addr="3836"/>
      <SFR name="RXM1SIDL" addr="3837"/>
      <SFR name="RXM1EIDH" addr="3838"/>
      <SFR name="RXM1EIDL" addr="3839"/>
      <SFR name="TXB2CON" addr="3840"/>
      <SFR name="TXB2SIDH" addr="3841"/>
      <SFR name="TXB2SIDL" addr="3842"/>
      <SFR name="TXB2EIDH" addr="3843"/>
      <SFR name="TXB2EIDL" addr="3844"/>
      <SFR name="TXB2DLC" addr="3845"/>
      <SFR name="TXB2D0" addr="3846"/>
      <SFR name="TXB2D1" addr="3847"/>
      <SFR name="TXB2D2" addr="3848"/>
      <SFR name="TXB2D3" addr="3849"/>
      <SFR name="TXB2D4" addr="3850"/>
      <SFR name="TXB2D5" addr="3851"/>
      <SFR name="TXB2D6" addr="3852"/>
      <SFR name="TXB2D7" addr="3853"/>
      <SFR name="CANSTAT_RO3" addr="3854"/>
      <SFR name="CANCON_RO3" addr="3855"/>
      <SFR name="TXB1CON" addr="3856"/>
      <SFR name="TXB1SIDH" addr="3857"/>
      <SFR name="TXB1SIDL" addr="3858"/>
      <SFR name="TXB1EIDH" addr="3859"/>
      <SFR name="TXB1EIDL" addr="3860"/>
      <SFR name="TXB1DLC" addr="3861"/>
      <SFR name="TXB1D0" addr="3862"/>
      <SFR name="TXB1D1" addr="3863"/>
      <SFR name="TXB1D2" addr="3864"/>
      <SFR name="TXB1D3" addr="3865"/>
      <SFR name="TXB1D4" addr="3866"/>
      <SFR name="TXB1D5" addr="3867"/>
      <SFR name="TXB1D6" addr="3868"/>
      <SFR name="TXB1D7" addr="3869"/>
      <SFR name="CANSTAT_RO2" addr="3870"/>
      <SFR name="CANCON_RO2" addr="3871"/>
      <SFR name="TXB0CON" addr="3872"/>
      <SFR name="TXB0SIDH" addr="3873"/>
      <SFR name="TXB0SIDL" addr="3874"/>
      <SFR name="TXB0EIDH" addr="3875"/>
      <SFR name="TXB0EIDL" addr="3876"/>
      <SFR name="TXB0DLC" addr="3877"/>
      <SFR name="TXB0D0" addr="3878"/>
      <SFR name="TXB0D1" addr="3879"/>
      <SFR name="TXB0D2" addr="3880"/>
      <SFR name="TXB0D3" addr="3881"/>
      <SFR name="TXB0D4" addr="3882"/>
      <SFR name="TXB0D5" addr="3883"/>
      <SFR name="TXB0D6" addr="3884"/>
      <SFR name="TXB0D7" addr="3885"/>
      <SFR name="CANSTAT_RO1" addr="3886"/>
      <SFR name="CANCON_RO1" addr="3887"/>
      <SFR name="RXB1CON" addr="3888"/>
      <SFR name="RXB1SIDH" addr="3889"/>
      <SFR name="RXB1SIDL" addr="3890"/>
      <SFR name="RXB1EIDH" addr="3891"/>
      <SFR name="RXB1EIDL" addr="3892"/>
      <SFR name="RXB1DLC" addr="3893"/>
      <SFR name="RXB1D0" addr="3894"/>
      <SFR name="RXB1D1" addr="3895"/>
      <SFR name="RXB1D2" addr="3896"/>
      <SFR name="RXB1D3" addr="3897"/>
      <SFR name="RXB1D4" addr="3898"/>
      <SFR name="RXB1D5" addr="3899"/>
      <SFR name="RXB1D6" addr="3900"/>
      <SFR name="RXB1D7" addr="3901"/>
      <SFR name="CANSTAT_RO0" addr="3902"/>
      <SFR name="CANCON_RO0" addr="3903"/>
      <SFR name="MDCARL" addr="3906"/>
      <SFR name="MDCARH" addr="3907"/>
      <SFR name="MDSRC" addr="3908"/>
      <SFR name="MDCON" addr="3909"/>
      <SFR name="PSPCON" addr="3910"/>
      <SFR name="CCP5CON" addr="3911"/>
      <SFR name="CCPR5L" addr="3912"/>
      <SFR name="CCPR5H" addr="3913"/>
      <SFR name="CCP4CON" addr="3914"/>
      <SFR name="CCPR4L" addr="3915"/>
      <SFR name="CCPR4H" addr="3916"/>
      <SFR name="CCP3CON" addr="3917"/>
      <SFR name="CCPR3L" addr="3918"/>
      <SFR name="CCPR3H" addr="3919"/>
      <SFR name="CCP2CON" addr="3920"/>
      <SFR name="CCPR2L" addr="3921"/>
      <SFR name="CCPR2H" addr="3922"/>
      <SFR name="CTMUICON" addr="3923"/>
      <SFR name="CTMUCONL" addr="3924"/>
      <SFR name="CTMUCONH" addr="3925"/>
      <SFR name="PADCFG1" addr="3926"/>
      <SFR name="PMD2" addr="3927"/>
      <SFR name="PMD1" addr="3928"/>
      <SFR name="PMD0" addr="3929"/>
      <SFR name="IOCB" addr="3930"/>
      <SFR name="WPUB" addr="3931"/>
      <SFR name="ANCON1" addr="3932"/>
      <SFR name="ANCON0" addr="3933"/>
      <SFR name="CM2CON" addr="3934"/>
      <SFR name="CM1CON" addr="3935"/>
      <SFR name="RXB0CON" addr="3936"/>
      <SFR name="RXB0SIDH" addr="3937"/>
      <SFR name="RXB0SIDL" addr="3938"/>
      <SFR name="RXB0EIDH" addr="3939"/>
      <SFR name="RXB0EIDL" addr="3940"/>
      <SFR name="RXB0DLC" addr="3941"/>
      <SFR name="RXB0D0" addr="3942"/>
      <SFR name="RXB0D1" addr="3943"/>
      <SFR name="RXB0D2" addr="3944"/>
      <SFR name="RXB0D3" addr="3945"/>
      <SFR name="RXB0D4" addr="3946"/>
      <SFR name="RXB0D5" addr="3947"/>
      <SFR name="RXB0D6" addr="3948"/>
      <SFR name="RXB0D7" addr="3949"/>
      <SFR name="CANSTAT" addr="3950"/>
      <SFR name="CANCON" addr="3951"/>
      <SFR name="CIOCON" addr="3952"/>
      <SFR name="COMSTAT" addr="3953"/>
      <SFR name="ECANCON" addr="3954"/>
      <SFR name="PIE5" addr="3958"/>
      <SFR name="PIR5" addr="3959"/>
      <SFR name="IPR5" addr="3960"/>
      <SFR name="TXREG2" addr="3961"/>
      <SFR name="RCREG2" addr="3962"/>
      <SFR name="SPBRG2" addr="3963"/>
      <SFR name="SPBRGH2" addr="3964"/>
      <SFR name="SPBRGH1" addr="3965"/>
      <SFR name="PORTA" addr="3968"/>
      <SFR name="PORTB" addr="3969"/>
      <SFR name="PORTC" addr="3970"/>
      <SFR name="PORTD" addr="3971"/>
      <SFR name="PORTE" addr="3972"/>
      <SFR name="PORTF" addr="3973"/>
      <SFR name="PORTG" addr="3974"/>
      <SFR name="TMR4" addr="3975"/>
      <SFR name="T4CON" addr="3976"/>
      <SFR name="LATA" addr="3977"/>
      <SFR name="LATB" addr="3978"/>
      <SFR name="LATC" addr="3979"/>
      <SFR name="LATD" addr="3980"/>
      <SFR name="LATE" addr="3981"/>
      <SFR name="LATF" addr="3982"/>
      <SFR name="LATG" addr="3983"/>
      <SFR name="SLRCON" addr="3984"/>
      <SFR name="ODCON" addr="3985"/>
      <SFR name="TRISA" addr="3986"/>
      <SFR name="TRISB" addr="3987"/>
      <SFR name="TRISC" addr="3988"/>
      <SFR name="TRISD" addr="3989"/>
      <SFR name="TRISE" addr="3990"/>
      <SFR name="TRISF" addr="3991"/>
      <SFR name="TRISG" addr="3992"/>
      <SFR name="CCPTMRS" addr="3993"/>
      <SFR name="REFOCON" addr="3994"/>
      <SFR name="OSCTUNE" addr="3995"/>
      <SFR name="PSTR1CON" addr="3996"/>
      <SFR name="PIE1" addr="3997"/>
      <SFR name="PIR1" addr="3998"/>
      <SFR name="IPR1" addr="3999"/>
      <SFR name="PIE2" addr="4000"/>
      <SFR name="PIR2" addr="4001"/>
      <SFR name="IPR2" addr="4002"/>
      <SFR name="PIE3" addr="4003"/>
      <SFR name="PIR3" addr="4004"/>
      <SFR name="IPR3" addr="4005"/>
      <SFR name="RCSTA2" addr="4006"/>
      <SFR name="BAUDCON1" addr="4007"/>
      <SFR name="HLVDCON" addr="4008"/>
      <SFR name="PR4" addr="4009"/>
      <SFR name="T1GCON" addr="4010"/>
      <SFR name="RCSTA1" addr="4011"/>
      <SFR name="TXSTA1" addr="4012"/>
      <SFR name="TXREG1" addr="4013"/>
      <SFR name="RCREG1" addr="4014"/>
      <SFR name="SPBRG1" addr="4015"/>
      <SFR name="T3GCON" addr="4016"/>
      <SFR name="T3CON" addr="4017"/>
      <SFR name="TMR3L" addr="4018"/>
      <SFR name="TMR3H" addr="4019"/>
      <SFR name="CMSTAT" addr="4020"/>
      <SFR name="CVRCON" addr="4021"/>
      <SFR name="PIE4" addr="4022"/>
      <SFR name="PIR4" addr="4023"/>
      <SFR name="IPR4" addr="4024"/>
      <SFR name="BAUDCON2" addr="4025"/>
      <SFR name="TXSTA2" addr="4026"/>
      <SFR name="CCP1CON" addr="4027"/>
      <SFR name="CCPR1L" addr="4028"/>
      <SFR name="CCPR1H" addr="4029"/>
      <SFR name="ECCP1DEL" addr="4030"/>
      <SFR name="ECCP1AS" addr="4031"/>
      <SFR name="ADCON2" addr="4032"/>
      <SFR name="ADCON1" addr="4033"/>
      <SFR name="ADCON0" addr="4034"/>
      <SFR name="ADRESL" addr="4035"/>
      <SFR name="ADRESH" addr="4036"/>
      <SFR name="SSPCON2" addr="4037"/>
      <SFR name="SSPCON1" addr="4038"/>
      <SFR name="SSPSTAT" addr="4039"/>
      <SFR name="SSPADD" addr="4040"/>
      <SFR name="SSPBUF" addr="4041"/>
      <SFR name="T2CON" addr="4042"/>
      <SFR name="PR2" addr="4043"/>
      <SFR name="TMR2" addr="4044"/>
      <SFR name="T1CON" addr="4045"/>
      <SFR name="TMR1L" addr="4046"/>
      <SFR name="TMR1H" addr="4047"/>
      <SFR name="RCON" addr="4048"/>
      <SFR name="WDTCON" addr="4049"/>
      <SFR name="OSCCON2" addr="4050"/>
      <SFR name="OSCCON" addr="4051"/>
      <SFR name="T0CON" addr="4053"/>
      <SFR name="TMR0L" addr="4054"/>
      <SFR name="TMR0H" addr="4055"/>
      <SFR name="INTCON3" addr="4080"/>
      <SFR name="INTCON2" addr="4081"/>
      <SFR name="INTCON" addr="4082"/>
   </CPUInfo>
   <ConfigBits>
      <ConfigByte name="CONFIG1L">
         <ConfigField name="RETEN" desc="VREG Sleep Enable bit" default="1" ishidden="false" nop_marker="false">
            <ConfigFieldValue name="OFF" desc="Ultra low-power regulator is Disabled (Controlled by REGSLP bit)" value="1"/>
            <ConfigFieldValue name="ON" desc="Ultra low-power regulator is Enabled (Controlled by SRETEN bit)" value="0"/>
         </ConfigField>
         <ConfigField name="-" desc="" default="0" ishidden="false" nop_marker="false"/>
         <ConfigField name="INTOSCSEL" desc="LF-INTOSC Low-power Enable bit" default="1" ishidden="false" nop_marker="false">
            <ConfigFieldValue name="HIGH" desc="LF-INTOSC in High-power mode during Sleep" value="1"/>
            <ConfigFieldValue name="LOW" desc="LF-INTOSC in Low-power mode during Sleep" value="0"/>
         </ConfigField>
         <ConfigField name="SOSCSEL" desc="SOSC Power Selection and mode Configuration bits" default="3" ishidden="false" nop_marker="false">
            <ConfigFieldValue name="HIGH" desc="High Power SOSC circuit selected" value="3"/>
            <ConfigFieldValue name="DIG" desc="Digital (SCLKI) mode" value="2"/>
            <ConfigFieldValue name="LOW" desc="Low Power SOSC circuit selected" value="1"/>
         </ConfigField>
         <ConfigField name="-" desc="" default="0" ishidden="false" nop_marker="false"/>
         <ConfigField name="XINST" desc="Extended Instruction Set" default="1" ishidden="false" nop_marker="false">
            <ConfigFieldValue name="ON" desc="Enabled" value="1"/>
            <ConfigFieldValue name="OFF" desc="Disabled" value="0"/>
         </ConfigField>
         <ConfigField name="-" desc="" default="0" ishidden="false" nop_marker="false"/>
      </ConfigByte>
      <ConfigByte name="CONFIG1H">
         <ConfigField name="FOSC" desc="Oscillator" default="8" ishidden="false" nop_marker="false">
            <ConfigFieldValue name="EC1" desc="EC oscillator (Low power, DC - 160 kHz)" value="13"/>
            <ConfigFieldValue name="EC1IO" desc="EC oscillator, CLKOUT function on OSC2 (Low power, DC - 160 kHz)" value="12"/>
            <ConfigFieldValue name="EC2" desc="EC oscillator (Medium power, 160 kHz - 16 MHz)" value="11"/>
            <ConfigFieldValue name="EC2IO" desc="EC oscillator, CLKOUT function on OSC2 (Medium power, 160 kHz - 16 MHz)" value="10"/>
            <ConfigFieldValue name="INTIO1" desc="Internal RC oscillator, CLKOUT function on OSC2" value="9"/>
            <ConfigFieldValue name="INTIO2" desc="Internal RC oscillator" value="8"/>
            <ConfigFieldValue name="RCIO" desc="External RC oscillator" value="7"/>
            <ConfigFieldValue name="RC" desc="External RC oscillator, CLKOUT function on OSC2" value="6"/>
            <ConfigFieldValue name="EC3" desc="EC oscillator (High power, 16 MHz - 64 MHz)" value="5"/>
            <ConfigFieldValue name="EC3IO" desc="EC oscillator, CLKOUT function on OSC2 (High power, 16 MHz - 64 MHz)" value="4"/>
            <ConfigFieldValue name="HS1" desc="HS oscillator (Medium power, 4 MHz - 16 MHz)" value="3"/>
            <ConfigFieldValue name="HS2" desc="HS oscillator (High power, 16 MHz - 25 MHz)" value="2"/>
            <ConfigFieldValue name="XT" desc="XT oscillator" value="1"/>
            <ConfigFieldValue name="LP" desc="LP oscillator" value="0"/>
         </ConfigField>
         <ConfigField name="PLLCFG" desc="PLL x4 Enable bit" default="0" ishidden="false" nop_marker="false">
            <ConfigFieldValue name="ON" desc="Enabled" value="1"/>
            <ConfigFieldValue name="OFF" desc="Disabled" value="0"/>
         </ConfigField>
         <ConfigField name="-" desc="" default="0" ishidden="false" nop_marker="false"/>
         <ConfigField name="FCMEN" desc="Fail-Safe Clock Monitor" default="0" ishidden="false" nop_marker="false">
            <ConfigFieldValue name="ON" desc="Enabled" value="1"/>
            <ConfigFieldValue name="OFF" desc="Disabled" value="0"/>
         </ConfigField>
         <ConfigField name="IESO" desc="Internal External Oscillator Switch Over Mode" default="0" ishidden="false" nop_marker="false">
            <ConfigFieldValue name="ON" desc="Enabled" value="1"/>
            <ConfigFieldValue name="OFF" desc="Disabled" value="0"/>
         </ConfigField>
      </ConfigByte>
      <ConfigByte name="CONFIG2L">
         <ConfigField name="PWRTEN" desc="Power Up Timer" default="1" ishidden="false" nop_marker="false">
            <ConfigFieldValue name="OFF" desc="Disabled" value="1"/>
            <ConfigFieldValue name="ON" desc="Enabled" value="0"/>
         </ConfigField>
         <ConfigField name="BOREN" desc="Brown Out Detect" default="3" ishidden="false" nop_marker="false">
            <ConfigFieldValue name="SBORDIS" desc="Enabled in hardware, SBOREN disabled" value="3"/>
            <ConfigFieldValue name="NOSLP" desc="Enabled while active, disabled in SLEEP, SBOREN disabled" value="2"/>
            <ConfigFieldValue name="ON" desc="Controlled with SBOREN bit" value="1"/>
            <ConfigFieldValue name="OFF" desc="Disabled in hardware, SBOREN disabled" value="0"/>
         </ConfigField>
         <ConfigField name="BORV" desc="Brown-out Reset Voltage bits" default="3" ishidden="false" nop_marker="false">
            <ConfigFieldValue name="3" desc="1.8V" value="3"/>
            <ConfigFieldValue name="2" desc="2.0V" value="2"/>
            <ConfigFieldValue name="1" desc="2.7V" value="1"/>
            <ConfigFieldValue name="0" desc="3.0V" value="0"/>
         </ConfigField>
         <ConfigField name="BORPWR" desc="BORMV Power level" default="3" ishidden="false" nop_marker="false">
            <ConfigFieldValue name="ZPBORMV" desc="ZPBORMV instead of BORMV is selected" value="3"/>
            <ConfigFieldValue name="HIGH" desc="BORMV set to high power level" value="2"/>
            <ConfigFieldValue name="MEDIUM" desc="BORMV set to medium power level" value="1"/>
            <ConfigFieldValue name="LOW" desc="BORMV set to low power level" value="0"/>
         </ConfigField>
         <ConfigField name="-" desc="" default="0" ishidden="false" nop_marker="false"/>
      </ConfigByte>
      <ConfigByte name="CONFIG2H">
         <ConfigField name="WDTEN" desc="Watchdog Timer" default="3" ishidden="false" nop_marker="false">
            <ConfigFieldValue name="SWDTDIS" desc="WDT enabled in hardware; SWDTEN bit disabled" value="3"/>
            <ConfigFieldValue name="ON" desc="WDT controlled by SWDTEN bit setting" value="2"/>
            <ConfigFieldValue name="NOSLP" desc="WDT enabled only while device is active and disabled in Sleep mode; SWDTEN bit disabled" value="1"/>
            <ConfigFieldValue name="OFF" desc="WDT disabled in hardware; SWDTEN bit disabled" value="0"/>
         </ConfigField>
         <ConfigField name="WDTPS" desc="Watchdog Postscaler" default="31" ishidden="false" nop_marker="false">
            <ConfigFieldValue name="1048576" desc="1:1048576" value="31"/>
            <ConfigFieldValue name="524288" desc="1:524288" value="19"/>
            <ConfigFieldValue name="262144" desc="1:262144" value="18"/>
            <ConfigFieldValue name="131072" desc="1:131072" value="17"/>
            <ConfigFieldValue name="65536" desc="1:65536" value="16"/>
            <ConfigFieldValue name="32768" desc="1:32768" value="15"/>
            <ConfigFieldValue name="16384" desc="1:16384" value="14"/>
            <ConfigFieldValue name="8192" desc="1:8192" value="13"/>
            <ConfigFieldValue name="4096" desc="1:4096" value="12"/>
            <ConfigFieldValue name="2048" desc="1:2048" value="11"/>
            <ConfigFieldValue name="1024" desc="1:1024" value="10"/>
            <ConfigFieldValue name="512" desc="1:512" value="9"/>
            <ConfigFieldValue name="256" desc="1:256" value="8"/>
            <ConfigFieldValue name="128" desc="1:128" value="7"/>
            <ConfigFieldValue name="64" desc="1:64" value="6"/>
            <ConfigFieldValue name="32" desc="1:32" value="5"/>
            <ConfigFieldValue name="16" desc="1:16" value="4"/>
            <ConfigFieldValue name="8" desc="1:8" value="3"/>
            <ConfigFieldValue name="4" desc="1:4" value="2"/>
            <ConfigFieldValue name="2" desc="1:2" value="1"/>
            <ConfigFieldValue name="1" desc="1:1" value="0"/>
         </ConfigField>
         <ConfigField name="-" desc="" default="0" ishidden="false" nop_marker="false"/>
      </ConfigByte>
      <ConfigByte/>
      <ConfigByte name="CONFIG3H">
         <ConfigField name="CANMX" desc="ECAN Mux bit" default="1" ishidden="false" nop_marker="false">
            <ConfigFieldValue name="PORTB" desc="ECAN TX and RX pins are located on RB2 and RB3, respectively" value="1"/>
            <ConfigFieldValue name="PORTE" desc="ECAN TX and RX pins are located on RE5 and RE4, respectively" value="0"/>
         </ConfigField>
         <ConfigField name="T0CKMX" desc="Timer0 Clock Input Mux bit" default="1" ishidden="false" nop_marker="false">
            <ConfigFieldValue name="PORTB" desc="Timer0 gets its clock input from the RB5/T0CKI pin on 64-pin packages" value="1"/>
            <ConfigFieldValue name="PORTG" desc="Timer0 gets its clock input from the RG4/T0CKI pin on 64-pin packages" value="0"/>
         </ConfigField>
         <ConfigField name="T3CKMX" desc="Timer3 Clock Input Mux bit" default="1" ishidden="false" nop_marker="false">
            <ConfigFieldValue name="PORTG" desc="Timer3 gets its clock input from the RG2/T3CKI pin on 64-pin packages" value="1"/>
            <ConfigFieldValue name="PORTB" desc="Timer3 gets its clock input from the RB5/T3CKI pin on 64-pin packages" value="0"/>
         </ConfigField>
         <ConfigField name="MSSPMSK" desc="MSSP address masking" default="1" ishidden="false" nop_marker="false">
            <ConfigFieldValue name="MSK7" desc="7 Bit address masking mode" value="1"/>
            <ConfigFieldValue name="MSK5" desc="5 bit address masking mode" value="0"/>
         </ConfigField>
         <ConfigField name="-" desc="" default="0" ishidden="false" nop_marker="false"/>
         <ConfigField name="-" desc="" default="0" ishidden="false" nop_marker="false"/>
         <ConfigField name="MCLRE" desc="Master Clear Enable" default="1" ishidden="false" nop_marker="false">
            <ConfigFieldValue name="ON" desc="MCLR Enabled, RE3 Disabled" value="1"/>
            <ConfigFieldValue name="OFF" desc="MCLR Disabled, RG5 Enabled" value="0"/>
         </ConfigField>
      </ConfigByte>
      <ConfigByte name="CONFIG4L">
         <ConfigField name="STVREN" desc="Stack Overflow Reset" default="1" ishidden="false" nop_marker="false">
            <ConfigFieldValue name="ON" desc="Enabled" value="1"/>
            <ConfigFieldValue name="OFF" desc="Disabled" value="0"/>
         </ConfigField>
         <ConfigField name="-" desc="" default="0" ishidden="false" nop_marker="false"/>
         <ConfigField name="-" desc="" default="0" ishidden="false" nop_marker="false"/>
         <ConfigField name="-" desc="" default="0" ishidden="false" nop_marker="false"/>
         <ConfigField name="BBSIZ" desc="Boot Block Size" default="1" ishidden="false" nop_marker="false">
            <ConfigFieldValue name="BB2K" desc="2K word Boot Block size" value="1"/>
            <ConfigFieldValue name="BB1K" desc="1K word Boot Block size" value="0"/>
         </ConfigField>
         <ConfigField name="-" desc="" default="0" ishidden="false" nop_marker="false"/>
         <ConfigField name="-" desc="" default="0" ishidden="false" nop_marker="false"/>
         <ConfigField name="DEBUG" desc="Background Debug" default="1" ishidden="true" nop_marker="false">
         </ConfigField>
      </ConfigByte>
      <ConfigByte/>
      <ConfigByte name="CONFIG5L">
         <ConfigField name="CP0" desc="Code Protect 00800-01FFF" default="1" ishidden="false" nop_marker="false">
            <ConfigFieldValue name="OFF" desc="Disabled" value="1"/>
            <ConfigFieldValue name="ON" desc="Enabled" value="0"/>
         </ConfigField>
         <ConfigField name="CP1" desc="Code Protect 02000-03FFF" default="1" ishidden="false" nop_marker="false">
            <ConfigFieldValue name="OFF" desc="Disabled" value="1"/>
            <ConfigFieldValue name="ON" desc="Enabled" value="0"/>
         </ConfigField>
         <ConfigField name="CP2" desc="Code Protect 04000-05FFF" default="1" ishidden="false" nop_marker="false">
            <ConfigFieldValue name="OFF" desc="Disabled" value="1"/>
            <ConfigFieldValue name="ON" desc="Enabled" value="0"/>
         </ConfigField>
         <ConfigField name="CP3" desc="Code Protect 06000-07FFF" default="1" ishidden="false" nop_marker="false">
            <ConfigFieldValue name="OFF" desc="Disabled" value="1"/>
            <ConfigFieldValue name="ON" desc="Enabled" value="0"/>
         </ConfigField>
         <ConfigField name="-" desc="" default="0" ishidden="false" nop_marker="false"/>
         <ConfigField name="-" desc="" default="0" ishidden="false" nop_marker="false"/>
         <ConfigField name="-" desc="" default="0" ishidden="false" nop_marker="false"/>
         <ConfigField name="-" desc="" default="0" ishidden="false" nop_marker="false"/>
      </ConfigByte>
      <ConfigByte name="CONFIG5H">
         <ConfigField name="-" desc="" default="0" ishidden="false" nop_marker="false"/>
         <ConfigField name="-" desc="" default="0" ishidden="false" nop_marker="false"/>
         <ConfigField name="-" desc="" default="0" ishidden="false" nop_marker="false"/>
         <ConfigField name="-" desc="" default="0" ishidden="false" nop_marker="false"/>
         <ConfigField name="-" desc="" default="0" ishidden="false" nop_marker="false"/>
         <ConfigField name="-" desc="" default="0" ishidden="false" nop_marker="false"/>
         <ConfigField name="CPB" desc="Code Protect Boot" default="1" ishidden="false" nop_marker="false">
            <ConfigFieldValue name="OFF" desc="Disabled" value="1"/>
            <ConfigFieldValue name="ON" desc="Enabled" value="0"/>
         </ConfigField>
         <ConfigField name="CPD" desc="Data EE Read Protect" default="1" ishidden="false" nop_marker="false">
            <ConfigFieldValue name="OFF" desc="Disabled" value="1"/>
            <ConfigFieldValue name="ON" desc="Enabled" value="0"/>
         </ConfigField>
      </ConfigByte>
      <ConfigByte name="CONFIG6L">
         <ConfigField name="WRT0" desc="Table Write Protect 00800-01FFF" default="1" ishidden="false" nop_marker="false">
            <ConfigFieldValue name="OFF" desc="Disabled" value="1"/>
            <ConfigFieldValue name="ON" desc="Enabled" value="0"/>
         </ConfigField>
         <ConfigField name="WRT1" desc="Table Write Protect 02000-03FFF" default="1" ishidden="false" nop_marker="false">
            <ConfigFieldValue name="OFF" desc="Disabled" value="1"/>
            <ConfigFieldValue name="ON" desc="Enabled" value="0"/>
         </ConfigField>
         <ConfigField name="WRT2" desc="Table Write Protect 04000-05FFF" default="1" ishidden="false" nop_marker="false">
            <ConfigFieldValue name="OFF" desc="Disabled" value="1"/>
            <ConfigFieldValue name="ON" desc="Enabled" value="0"/>
         </ConfigField>
         <ConfigField name="WRT3" desc="Table Write Protect 06000-07FFF" default="1" ishidden="false" nop_marker="false">
            <ConfigFieldValue name="OFF" desc="Disabled" value="1"/>
            <ConfigFieldValue name="ON" desc="Enabled" value="0"/>
         </ConfigField>
         <ConfigField name="-" desc="" default="0" ishidden="false" nop_marker="false"/>
         <ConfigField name="-" desc="" default="0" ishidden="false" nop_marker="false"/>
         <ConfigField name="-" desc="" default="0" ishidden="false" nop_marker="false"/>
         <ConfigField name="-" desc="" default="0" ishidden="false" nop_marker="false"/>
      </ConfigByte>
      <ConfigByte name="CONFIG6H">
         <ConfigField name="-" desc="" default="0" ishidden="false" nop_marker="false"/>
         <ConfigField name="-" desc="" default="0" ishidden="false" nop_marker="false"/>
         <ConfigField name="-" desc="" default="0" ishidden="false" nop_marker="false"/>
         <ConfigField name="-" desc="" default="0" ishidden="false" nop_marker="false"/>
         <ConfigField name="-" desc="" default="0" ishidden="false" nop_marker="false"/>
         <ConfigField name="WRTC" desc="Config. Write Protect" default="1" ishidden="false" nop_marker="false">
            <ConfigFieldValue name="OFF" desc="Disabled" value="1"/>
            <ConfigFieldValue name="ON" desc="Enabled" value="0"/>
         </ConfigField>
         <ConfigField name="WRTB" desc="Table Write Protect Boot" default="1" ishidden="false" nop_marker="false">
            <ConfigFieldValue name="OFF" desc="Disabled" value="1"/>
            <ConfigFieldValue name="ON" desc="Enabled" value="0"/>
         </ConfigField>
         <ConfigField name="WRTD" desc="Data EE Write Protect" default="1" ishidden="false" nop_marker="false">
            <ConfigFieldValue name="OFF" desc="Disabled" value="1"/>
            <ConfigFieldValue name="ON" desc="Enabled" value="0"/>
         </ConfigField>
      </ConfigByte>
      <ConfigByte name="CONFIG7L">
         <ConfigField name="EBTR0" desc="Table Read Protect 00800-01FFF" default="1" ishidden="false" nop_marker="false">
            <ConfigFieldValue name="OFF" desc="Disabled" value="1"/>
            <ConfigFieldValue name="ON" desc="Enabled" value="0"/>
         </ConfigField>
         <ConfigField name="EBTR1" desc="Table Read Protect 02000-03FFF" default="1" ishidden="false" nop_marker="false">
            <ConfigFieldValue name="OFF" desc="Disabled" value="1"/>
            <ConfigFieldValue name="ON" desc="Enabled" value="0"/>
         </ConfigField>
         <ConfigField name="EBTR2" desc="Table Read Protect 04000-05FFF" default="1" ishidden="false" nop_marker="false">
            <ConfigFieldValue name="OFF" desc="Disabled" value="1"/>
            <ConfigFieldValue name="ON" desc="Enabled" value="0"/>
         </ConfigField>
         <ConfigField name="EBTR3" desc="Table Read Protect 06000-07FFF" default="1" ishidden="false" nop_marker="false">
            <ConfigFieldValue name="OFF" desc="Disabled" value="1"/>
            <ConfigFieldValue name="ON" desc="Enabled" value="0"/>
         </ConfigField>
         <ConfigField name="-" desc="" default="0" ishidden="false" nop_marker="false"/>
         <ConfigField name="-" desc="" default="0" ishidden="false" nop_marker="false"/>
         <ConfigField name="-" desc="" default="0" ishidden="false" nop_marker="false"/>
         <ConfigField name="-" desc="" default="0" ishidden="false" nop_marker="false"/>
      </ConfigByte>
      <ConfigByte name="CONFIG7H">
         <ConfigField name="-" desc="" default="0" ishidden="false" nop_marker="false"/>
         <ConfigField name="EBTRB" desc="Table Read Protect Boot" default="1" ishidden="false" nop_marker="false">
            <ConfigFieldValue name="OFF" desc="Disabled" value="1"/>
            <ConfigFieldValue name="ON" desc="Enabled" value="0"/>
         </ConfigField>
      </ConfigByte>
   </ConfigBits>
   <ReversedTypes>
      <ReversedType name="tAD"/>
      <ReversedType name="tCCP"/>
      <ReversedType name="tCTMUCON"/>
      <ReversedType name="tMDCAR"/>
      <ReversedType name="tTMR0"/>
      <ReversedType name="tTMR16"/>
      <ReversedType name="tTMR8"/>
   </ReversedTypes>
   <Timers16Bit>
      <Timer number="0"/>
      <Timer number="1"/>
      <Timer number="3"/>
   </Timers16Bit>
   <DataSpaces>
      <GPR_DataSpace beginaddr="0" endaddr="3649"/>
      <SFR_DataSpace beginaddr="3649" endaddr="4096"/>
   </DataSpaces>
</Microcontroller>
