<?xml version="1.0" encoding="UTF-8"?>
<Microcontroller name="PIC18F67J60">
   <Generator program="pic18x_include_file_generator.exe"/>
   <Source filename="PIC18F67J60.PIC" mplabx_version="v3.26" filedate="2016-03-02"/>
   <CPUInfo>
      <Chip name="PIC18F67J60" is_extended="true" first_access_bank_absolute_address="3936" rom_size="131064" alt_shared_addr_test="0"/>
      <EEPROM size="0" eeadr="0" eeadrh="0" eecon1="4006" eecon2="4007" eedata="0"/>
      <SFR name="MAADR5" addr="3712"/>
      <SFR name="MAADR6" addr="3713"/>
      <SFR name="MAADR3" addr="3714"/>
      <SFR name="MAADR4" addr="3715"/>
      <SFR name="MAADR1" addr="3716"/>
      <SFR name="MAADR2" addr="3717"/>
      <SFR name="MISTAT" addr="3722"/>
      <SFR name="EFLOCON" addr="3735"/>
      <SFR name="EPAUSL" addr="3736"/>
      <SFR name="EPAUSH" addr="3737"/>
      <SFR name="MACON1" addr="3744"/>
      <SFR name="MACON3" addr="3746"/>
      <SFR name="MACON4" addr="3747"/>
      <SFR name="MABBIPG" addr="3748"/>
      <SFR name="MAIPGL" addr="3750"/>
      <SFR name="MAIPGH" addr="3751"/>
      <SFR name="MAMXFLL" addr="3754"/>
      <SFR name="MAMXFLH" addr="3755"/>
      <SFR name="MICMD" addr="3762"/>
      <SFR name="MIREGADR" addr="3764"/>
      <SFR name="MIWRL" addr="3766"/>
      <SFR name="MIWRH" addr="3767"/>
      <SFR name="MIRDL" addr="3768"/>
      <SFR name="MIRDH" addr="3769"/>
      <SFR name="EHT0" addr="3776"/>
      <SFR name="EHT1" addr="3777"/>
      <SFR name="EHT2" addr="3778"/>
      <SFR name="EHT3" addr="3779"/>
      <SFR name="EHT4" addr="3780"/>
      <SFR name="EHT5" addr="3781"/>
      <SFR name="EHT6" addr="3782"/>
      <SFR name="EHT7" addr="3783"/>
      <SFR name="EPMM0" addr="3784"/>
      <SFR name="EPMM1" addr="3785"/>
      <SFR name="EPMM2" addr="3786"/>
      <SFR name="EPMM3" addr="3787"/>
      <SFR name="EPMM4" addr="3788"/>
      <SFR name="EPMM5" addr="3789"/>
      <SFR name="EPMM6" addr="3790"/>
      <SFR name="EPMM7" addr="3791"/>
      <SFR name="EPMCSL" addr="3792"/>
      <SFR name="EPMCSH" addr="3793"/>
      <SFR name="EPMOL" addr="3796"/>
      <SFR name="EPMOH" addr="3797"/>
      <SFR name="ERXFCON" addr="3800"/>
      <SFR name="EPKTCNT" addr="3801"/>
      <SFR name="EWRPTL" addr="3810"/>
      <SFR name="EWRPTH" addr="3811"/>
      <SFR name="ETXSTL" addr="3812"/>
      <SFR name="ETXSTH" addr="3813"/>
      <SFR name="ETXNDL" addr="3814"/>
      <SFR name="ETXNDH" addr="3815"/>
      <SFR name="ERXSTL" addr="3816"/>
      <SFR name="ERXSTH" addr="3817"/>
      <SFR name="ERXNDL" addr="3818"/>
      <SFR name="ERXNDH" addr="3819"/>
      <SFR name="ERXRDPTL" addr="3820"/>
      <SFR name="ERXRDPTH" addr="3821"/>
      <SFR name="ERXWRPTL" addr="3822"/>
      <SFR name="ERXWRPTH" addr="3823"/>
      <SFR name="EDMASTL" addr="3824"/>
      <SFR name="EDMASTH" addr="3825"/>
      <SFR name="EDMANDL" addr="3826"/>
      <SFR name="EDMANDH" addr="3827"/>
      <SFR name="EDMADSTL" addr="3828"/>
      <SFR name="EDMADSTH" addr="3829"/>
      <SFR name="EDMACSL" addr="3830"/>
      <SFR name="EDMACSH" addr="3831"/>
      <SFR name="EIE" addr="3835"/>
      <SFR name="ESTAT" addr="3837"/>
      <SFR name="ECON2" addr="3838"/>
      <SFR name="EIR" addr="3936"/>
      <SFR name="EDATA" addr="3937"/>
      <SFR name="ECCP2DEL" addr="3943"/>
      <SFR name="ECCP2AS" addr="3944"/>
      <SFR name="ECCP3DEL" addr="3945"/>
      <SFR name="ECCP3AS" addr="3946"/>
      <SFR name="CCP5CON" addr="3952"/>
      <SFR name="CCPR5L" addr="3953"/>
      <SFR name="CCPR5H" addr="3954"/>
      <SFR name="CCP4CON" addr="3955"/>
      <SFR name="CCPR4L" addr="3956"/>
      <SFR name="CCPR4H" addr="3957"/>
      <SFR name="T4CON" addr="3958"/>
      <SFR name="PR4" addr="3959"/>
      <SFR name="TMR4" addr="3960"/>
      <SFR name="ECCP1DEL" addr="3961"/>
      <SFR name="ERDPTL" addr="3962"/>
      <SFR name="ERDPTH" addr="3963"/>
      <SFR name="BAUDCON1" addr="3966"/>
      <SFR name="SPBRGH1" addr="3967"/>
      <SFR name="PORTA" addr="3968"/>
      <SFR name="PORTB" addr="3969"/>
      <SFR name="PORTC" addr="3970"/>
      <SFR name="PORTD" addr="3971"/>
      <SFR name="PORTE" addr="3972"/>
      <SFR name="PORTF" addr="3973"/>
      <SFR name="PORTG" addr="3974"/>
      <SFR name="LATA" addr="3977"/>
      <SFR name="LATB" addr="3978"/>
      <SFR name="LATC" addr="3979"/>
      <SFR name="LATD" addr="3980"/>
      <SFR name="LATE" addr="3981"/>
      <SFR name="LATF" addr="3982"/>
      <SFR name="LATG" addr="3983"/>
      <SFR name="TRISA" addr="3986"/>
      <SFR name="TRISB" addr="3987"/>
      <SFR name="TRISC" addr="3988"/>
      <SFR name="TRISD" addr="3989"/>
      <SFR name="TRISE" addr="3990"/>
      <SFR name="TRISF" addr="3991"/>
      <SFR name="TRISG" addr="3992"/>
      <SFR name="OSCTUNE" addr="3995"/>
      <SFR name="PIE1" addr="3997"/>
      <SFR name="PIR1" addr="3998"/>
      <SFR name="IPR1" addr="3999"/>
      <SFR name="PIE2" addr="4000"/>
      <SFR name="PIR2" addr="4001"/>
      <SFR name="IPR2" addr="4002"/>
      <SFR name="PIE3" addr="4003"/>
      <SFR name="PIR3" addr="4004"/>
      <SFR name="IPR3" addr="4005"/>
      <SFR name="RCSTA1" addr="4011"/>
      <SFR name="TXSTA1" addr="4012"/>
      <SFR name="TXREG1" addr="4013"/>
      <SFR name="RCREG1" addr="4014"/>
      <SFR name="SPBRG1" addr="4015"/>
      <SFR name="T3CON" addr="4017"/>
      <SFR name="TMR3L" addr="4018"/>
      <SFR name="TMR3H" addr="4019"/>
      <SFR name="CMCON" addr="4020"/>
      <SFR name="CVRCON" addr="4021"/>
      <SFR name="ECCP1AS" addr="4022"/>
      <SFR name="CCP3CON" addr="4023"/>
      <SFR name="CCPR3L" addr="4024"/>
      <SFR name="CCPR3H" addr="4025"/>
      <SFR name="CCP2CON" addr="4026"/>
      <SFR name="CCPR2L" addr="4027"/>
      <SFR name="CCPR2H" addr="4028"/>
      <SFR name="CCP1CON" addr="4029"/>
      <SFR name="CCPR1L" addr="4030"/>
      <SFR name="CCPR1H" addr="4031"/>
      <SFR name="ADCON2" addr="4032"/>
      <SFR name="ADCON1" addr="4033"/>
      <SFR name="ADCON0" addr="4034"/>
      <SFR name="ADRESL" addr="4035"/>
      <SFR name="ADRESH" addr="4036"/>
      <SFR name="SSP1CON2" addr="4037"/>
      <SFR name="SSP1CON1" addr="4038"/>
      <SFR name="SSP1STAT" addr="4039"/>
      <SFR name="SSP1ADD" addr="4040"/>
      <SFR name="SSP1BUF" addr="4041"/>
      <SFR name="T2CON" addr="4042"/>
      <SFR name="PR2" addr="4043"/>
      <SFR name="TMR2" addr="4044"/>
      <SFR name="T1CON" addr="4045"/>
      <SFR name="TMR1L" addr="4046"/>
      <SFR name="TMR1H" addr="4047"/>
      <SFR name="RCON" addr="4048"/>
      <SFR name="WDTCON" addr="4049"/>
      <SFR name="ECON1" addr="4050"/>
      <SFR name="OSCCON" addr="4051"/>
      <SFR name="T0CON" addr="4053"/>
      <SFR name="TMR0L" addr="4054"/>
      <SFR name="TMR0H" addr="4055"/>
      <SFR name="INTCON3" addr="4080"/>
      <SFR name="INTCON2" addr="4081"/>
      <SFR name="INTCON" addr="4082"/>
   </CPUInfo>
   <ConfigBits>
      <ConfigByte name="CONFIG1L">
         <ConfigField name="WDT" desc="Watchdog Timer Enable bit" default="1" ishidden="false" nop_marker="false">
            <ConfigFieldValue name="ON" desc="WDT enabled" value="1"/>
            <ConfigFieldValue name="OFF" desc="WDT disabled (control is placed on SWDTEN bit)" value="0"/>
         </ConfigField>
         <ConfigField name="-" desc="" default="0" ishidden="false" nop_marker="false"/>
         <ConfigField name="STVR" desc="Stack Overflow/Underflow Reset Enable bit" default="1" ishidden="false" nop_marker="false">
            <ConfigFieldValue name="ON" desc="Reset on stack overflow/underflow enabled" value="1"/>
            <ConfigFieldValue name="OFF" desc="Reset on stack overflow/underflow disabled" value="0"/>
         </ConfigField>
         <ConfigField name="XINST" desc="Extended Instruction Set Enable bit" default="1" ishidden="false" nop_marker="false">
            <ConfigFieldValue name="ON" desc="Instruction set extension and Indexed Addressing mode enabled" value="1"/>
            <ConfigFieldValue name="OFF" desc="Instruction set extension and Indexed Addressing mode disabled (Legacy mode)" value="0"/>
         </ConfigField>
         <ConfigField name="DEBUG" desc="Background Debugger Enable bit" default="1" ishidden="false" nop_marker="false">
            <ConfigFieldValue name="OFF" desc="Background debugger disabled; RB6 and RB7 configured as general purpose I/O pins" value="1"/>
            <ConfigFieldValue name="ON" desc="Background debugger enabled; RB6 and RB7 are dedicated to In-Circuit Debug" value="0"/>
         </ConfigField>
      </ConfigByte>
      <ConfigByte name="CONFIG1H">
         <ConfigField name="-" desc="" default="0" ishidden="false" nop_marker="false"/>
         <ConfigField name="CP0" desc="Code Protection bit" default="1" ishidden="false" nop_marker="false">
            <ConfigFieldValue name="OFF" desc="Program memory is not code-protected" value="1"/>
            <ConfigFieldValue name="ON" desc="Program memory is code-protected" value="0"/>
         </ConfigField>
         <ConfigField name="SIGN" desc="Config Word Signature Bit" default="0" ishidden="true" nop_marker="false">
         </ConfigField>
         <ConfigField name="RESERVED" desc="RESERVED" default="15" ishidden="true" nop_marker="true">
         </ConfigField>
      </ConfigByte>
      <ConfigByte name="CONFIG2L">
         <ConfigField name="FOSC" desc="Oscillator Selection bits" default="3" ishidden="false" nop_marker="false">
            <ConfigFieldValue name="ECPLL" desc="EC oscillator, PLL enabled and under software control, CLKO function on OSC2" value="3"/>
            <ConfigFieldValue name="EC" desc="EC oscillator, CLKO function on OSC2" value="2"/>
            <ConfigFieldValue name="HSPLL" desc="HS oscillator, PLL enabled and under software control" value="1"/>
            <ConfigFieldValue name="HS" desc="HS oscillator" value="0"/>
         </ConfigField>
         <ConfigField name="FOSC2" desc="Default/Reset System Clock Select bit" default="1" ishidden="false" nop_marker="false">
            <ConfigFieldValue name="ON" desc="Clock selected by FOSC1:FOSC0 as system clock is enabled when OSCCON&lt;1:0> = 00" value="1"/>
            <ConfigFieldValue name="OFF" desc="INTRC enabled as system clock when OSCCON&lt;1:0> = 00" value="0"/>
         </ConfigField>
         <ConfigField name="-" desc="" default="0" ishidden="false" nop_marker="false"/>
         <ConfigField name="FCMEN" desc="Fail-Safe Clock Monitor Enable" default="1" ishidden="false" nop_marker="false">
            <ConfigFieldValue name="ON" desc="Fail-Safe Clock Monitor enabled" value="1"/>
            <ConfigFieldValue name="OFF" desc="Fail-Safe Clock Monitor disabled" value="0"/>
         </ConfigField>
         <ConfigField name="IESO" desc="Two-Speed Start-up (Internal/External Oscillator Switchover) Control bit" default="1" ishidden="false" nop_marker="false">
            <ConfigFieldValue name="ON" desc="Two-Speed Start-up enabled" value="1"/>
            <ConfigFieldValue name="OFF" desc="Two-Speed Start-up disabled" value="0"/>
         </ConfigField>
      </ConfigByte>
      <ConfigByte name="CONFIG2H">
         <ConfigField name="WDTPS" desc="Watchdog Timer Postscaler Select bits" default="15" ishidden="false" nop_marker="false">
            <ConfigFieldValue name="32768" desc="1:32768" value="15"/>
            <ConfigFieldValue name="16384" desc="1:16384" value="14"/>
            <ConfigFieldValue name="8192" desc="1:8192" value="13"/>
            <ConfigFieldValue name="4096" desc="1:4096" value="12"/>
            <ConfigFieldValue name="2048" desc="1:2048" value="11"/>
            <ConfigFieldValue name="1024" desc="1:1024" value="10"/>
            <ConfigFieldValue name="512" desc="1:512" value="9"/>
            <ConfigFieldValue name="256" desc="1:256" value="8"/>
            <ConfigFieldValue name="128" desc="1:128" value="7"/>
            <ConfigFieldValue name="64" desc="1:64" value="6"/>
            <ConfigFieldValue name="32" desc="1:32" value="5"/>
            <ConfigFieldValue name="16" desc="1:16" value="4"/>
            <ConfigFieldValue name="8" desc="1:8" value="3"/>
            <ConfigFieldValue name="4" desc="1:4" value="2"/>
            <ConfigFieldValue name="2" desc="1:2" value="1"/>
            <ConfigFieldValue name="1" desc="1:1" value="0"/>
         </ConfigField>
         <ConfigField name="RESERVED" desc="RESERVED" default="15" ishidden="true" nop_marker="true">
         </ConfigField>
      </ConfigByte>
      <ConfigByte name="CONFIG3L">
         <ConfigField name="-" desc="" default="0" ishidden="false" nop_marker="false"/>
         <ConfigField name="RESERVED" desc="RESERVED" default="31" ishidden="true" nop_marker="false">
         </ConfigField>
      </ConfigByte>
      <ConfigByte name="CONFIG3H">
         <ConfigField name="RES" desc="RESERVED" default="3" ishidden="true" nop_marker="false">
         </ConfigField>
         <ConfigField name="ETHLED" desc="Ethernet LED Enable bit" default="1" ishidden="false" nop_marker="false">
            <ConfigFieldValue name="ON" desc="RA0/RA1 are multiplexed with LEDA/LEDB when Ethernet module is enabled and function as I/O when Ethernet is disabled" value="1"/>
            <ConfigFieldValue name="OFF" desc="RA0/RA1 function as I/O regardless of Ethernet module status" value="0"/>
         </ConfigField>
         <ConfigField name="-" desc="" default="0" ishidden="false" nop_marker="false"/>
         <ConfigField name="RESERVED" desc="RESERVED" default="15" ishidden="true" nop_marker="true">
         </ConfigField>
      </ConfigByte>
   </ConfigBits>
   <ReversedTypes>
      <ReversedType name="tAD"/>
      <ReversedType name="tCCP"/>
      <ReversedType name="tEDMACS"/>
      <ReversedType name="tEDMADST"/>
      <ReversedType name="tEDMAND"/>
      <ReversedType name="tEDMAST"/>
      <ReversedType name="tEPAUS"/>
      <ReversedType name="tEPMCS"/>
      <ReversedType name="tEPMO"/>
      <ReversedType name="tERDPT"/>
      <ReversedType name="tERXND"/>
      <ReversedType name="tERXRDPT"/>
      <ReversedType name="tERXST"/>
      <ReversedType name="tERXWRPT"/>
      <ReversedType name="tETXND"/>
      <ReversedType name="tETXST"/>
      <ReversedType name="tEWRPT"/>
      <ReversedType name="tMAIPG"/>
      <ReversedType name="tMAMXFL"/>
      <ReversedType name="tMIRD"/>
      <ReversedType name="tMIWR"/>
      <ReversedType name="tTMR0"/>
      <ReversedType name="tTMR16"/>
      <ReversedType name="tTMR8"/>
   </ReversedTypes>
   <Timers16Bit>
      <Timer number="0"/>
      <Timer number="1"/>
      <Timer number="3"/>
   </Timers16Bit>
   <DataSpaces>
      <GPR_DataSpace beginaddr="0" endaddr="3712"/>
      <SFR_DataSpace beginaddr="3712" endaddr="3840"/>
      <GPR_DataSpace beginaddr="3840" endaddr="3936"/>
      <SFR_DataSpace beginaddr="3936" endaddr="4096"/>
   </DataSpaces>
</Microcontroller>
