<?xml version="1.0" encoding="UTF-8"?>
<Microcontroller name="PIC18F6390">
   <Generator program="pic18x_include_file_generator.exe"/>
   <Source filename="PIC18F6390.PIC" mplabx_version="v3.26" filedate="2016-03-02"/>
   <CPUInfo>
      <Chip name="PIC18F6390" is_extended="true" first_access_bank_absolute_address="3936" rom_size="8192" alt_shared_addr_test="0"/>
      <EEPROM size="0" eeadr="0" eeadrh="0" eecon1="0" eecon2="0" eedata="0"/>
      <SFR name="LCDPS" addr="3928"/>
      <SFR name="LCDCON" addr="3929"/>
      <SFR name="LCDSE0" addr="3930"/>
      <SFR name="LCDSE1" addr="3931"/>
      <SFR name="LCDSE2" addr="3932"/>
      <SFR name="LCDSE3" addr="3933"/>
      <SFR name="LCDDATA0" addr="3936"/>
      <SFR name="LCDDATA1" addr="3937"/>
      <SFR name="LCDDATA2" addr="3938"/>
      <SFR name="LCDDATA3" addr="3939"/>
      <SFR name="LCDDATA4" addr="3940"/>
      <SFR name="LCDDATA5" addr="3941"/>
      <SFR name="LCDDATA6" addr="3942"/>
      <SFR name="LCDDATA7" addr="3943"/>
      <SFR name="LCDDATA8" addr="3944"/>
      <SFR name="LCDDATA9" addr="3945"/>
      <SFR name="LCDDATA10" addr="3946"/>
      <SFR name="RCSTA2" addr="3947"/>
      <SFR name="TXSTA2" addr="3948"/>
      <SFR name="TXREG2" addr="3949"/>
      <SFR name="RCREG2" addr="3950"/>
      <SFR name="SPBRG2" addr="3951"/>
      <SFR name="LCDDATA11" addr="3952"/>
      <SFR name="LCDDATA12" addr="3953"/>
      <SFR name="LCDDATA13" addr="3954"/>
      <SFR name="LCDDATA14" addr="3955"/>
      <SFR name="LCDDATA15" addr="3956"/>
      <SFR name="LCDDATA16" addr="3957"/>
      <SFR name="LCDDATA17" addr="3958"/>
      <SFR name="LCDDATA18" addr="3959"/>
      <SFR name="LCDDATA19" addr="3960"/>
      <SFR name="LCDDATA20" addr="3961"/>
      <SFR name="LCDDATA21" addr="3962"/>
      <SFR name="LCDDATA22" addr="3963"/>
      <SFR name="LCDDATA23" addr="3964"/>
      <SFR name="BAUDCON1" addr="3966"/>
      <SFR name="SPBRGH1" addr="3967"/>
      <SFR name="PORTA" addr="3968"/>
      <SFR name="PORTB" addr="3969"/>
      <SFR name="PORTC" addr="3970"/>
      <SFR name="PORTD" addr="3971"/>
      <SFR name="PORTE" addr="3972"/>
      <SFR name="PORTF" addr="3973"/>
      <SFR name="PORTG" addr="3974"/>
      <SFR name="LATA" addr="3977"/>
      <SFR name="LATB" addr="3978"/>
      <SFR name="LATC" addr="3979"/>
      <SFR name="LATD" addr="3980"/>
      <SFR name="LATE" addr="3981"/>
      <SFR name="LATF" addr="3982"/>
      <SFR name="LATG" addr="3983"/>
      <SFR name="TRISA" addr="3986"/>
      <SFR name="TRISB" addr="3987"/>
      <SFR name="TRISC" addr="3988"/>
      <SFR name="TRISD" addr="3989"/>
      <SFR name="TRISE" addr="3990"/>
      <SFR name="TRISF" addr="3991"/>
      <SFR name="TRISG" addr="3992"/>
      <SFR name="OSCTUNE" addr="3995"/>
      <SFR name="PIE1" addr="3997"/>
      <SFR name="PIR1" addr="3998"/>
      <SFR name="IPR1" addr="3999"/>
      <SFR name="PIE2" addr="4000"/>
      <SFR name="PIR2" addr="4001"/>
      <SFR name="IPR2" addr="4002"/>
      <SFR name="PIE3" addr="4003"/>
      <SFR name="PIR3" addr="4004"/>
      <SFR name="IPR3" addr="4005"/>
      <SFR name="RCSTA1" addr="4011"/>
      <SFR name="TXSTA1" addr="4012"/>
      <SFR name="TXREG1" addr="4013"/>
      <SFR name="RCREG1" addr="4014"/>
      <SFR name="SPBRG1" addr="4015"/>
      <SFR name="T3CON" addr="4017"/>
      <SFR name="TMR3L" addr="4018"/>
      <SFR name="TMR3H" addr="4019"/>
      <SFR name="CMCON" addr="4020"/>
      <SFR name="CVRCON" addr="4021"/>
      <SFR name="CCP2CON" addr="4026"/>
      <SFR name="CCPR2L" addr="4027"/>
      <SFR name="CCPR2H" addr="4028"/>
      <SFR name="CCP1CON" addr="4029"/>
      <SFR name="CCPR1L" addr="4030"/>
      <SFR name="CCPR1H" addr="4031"/>
      <SFR name="ADCON2" addr="4032"/>
      <SFR name="ADCON1" addr="4033"/>
      <SFR name="ADCON0" addr="4034"/>
      <SFR name="ADRESL" addr="4035"/>
      <SFR name="ADRESH" addr="4036"/>
      <SFR name="SSPCON2" addr="4037"/>
      <SFR name="SSPCON1" addr="4038"/>
      <SFR name="SSPSTAT" addr="4039"/>
      <SFR name="SSPADD" addr="4040"/>
      <SFR name="SSPBUF" addr="4041"/>
      <SFR name="T2CON" addr="4042"/>
      <SFR name="PR2" addr="4043"/>
      <SFR name="TMR2" addr="4044"/>
      <SFR name="T1CON" addr="4045"/>
      <SFR name="TMR1L" addr="4046"/>
      <SFR name="TMR1H" addr="4047"/>
      <SFR name="RCON" addr="4048"/>
      <SFR name="WDTCON" addr="4049"/>
      <SFR name="HLVDCON" addr="4050"/>
      <SFR name="OSCCON" addr="4051"/>
      <SFR name="T0CON" addr="4053"/>
      <SFR name="TMR0L" addr="4054"/>
      <SFR name="TMR0H" addr="4055"/>
      <SFR name="INTCON3" addr="4080"/>
      <SFR name="INTCON2" addr="4081"/>
      <SFR name="INTCON" addr="4082"/>
   </CPUInfo>
   <ConfigBits>
      <ConfigByte/>
      <ConfigByte name="CONFIG1H">
         <ConfigField name="OSC" desc="Oscillator" default="7" ishidden="false" nop_marker="false">
            <ConfigFieldValue name="INTIO7" desc="Internal oscillator block, CLKO function on RA6, port function on RA7" value="9"/>
            <ConfigFieldValue name="INTIO67" desc="Internal oscillator block, port function on RA6 and RA7" value="8"/>
            <ConfigFieldValue name="RCIO" desc="External RC oscillator, port function on RA6" value="7"/>
            <ConfigFieldValue name="HSPLL" desc="HS oscillator, PLL enabled (clock frequency = 4 x FOSC1)" value="6"/>
            <ConfigFieldValue name="ECIO" desc="EC oscillator, port function on RA6" value="5"/>
            <ConfigFieldValue name="EC" desc="EC oscillator, CLKO function on RA6" value="4"/>
            <ConfigFieldValue name="RC" desc="External RC oscillator, CLKO function on RA6" value="3"/>
            <ConfigFieldValue name="HS" desc="HS oscillator" value="2"/>
            <ConfigFieldValue name="XT" desc="XT oscillator" value="1"/>
            <ConfigFieldValue name="LP" desc="LP oscillator" value="0"/>
         </ConfigField>
         <ConfigField name="-" desc="" default="0" ishidden="false" nop_marker="false"/>
         <ConfigField name="FCMEN" desc="Fail-Safe Clock Monitor Enable" default="0" ishidden="false" nop_marker="false">
            <ConfigFieldValue name="ON" desc="Fail-Safe Clock Monitor enabled" value="1"/>
            <ConfigFieldValue name="OFF" desc="Fail-Safe Clock Monitor disabled" value="0"/>
         </ConfigField>
         <ConfigField name="IESO" desc="Internal External Switch Over Mode" default="0" ishidden="false" nop_marker="false">
            <ConfigFieldValue name="ON" desc="Oscillator Switchover mode enabled" value="1"/>
            <ConfigFieldValue name="OFF" desc="Oscillator Switchover mode disabled" value="0"/>
         </ConfigField>
      </ConfigByte>
      <ConfigByte name="CONFIG2L">
         <ConfigField name="PWRT" desc="Power Up Timer" default="1" ishidden="false" nop_marker="false">
            <ConfigFieldValue name="OFF" desc="PWRT disabled" value="1"/>
            <ConfigFieldValue name="ON" desc="PWRT enabled" value="0"/>
         </ConfigField>
         <ConfigField name="BOREN" desc="Brown Out Detect" default="3" ishidden="false" nop_marker="false">
            <ConfigFieldValue name="SBORDIS" desc="Brown-out Reset enabled in hardware only (SBOREN is disabled)" value="3"/>
            <ConfigFieldValue name="NOSLP" desc="Brown-out Reset enabled in hardware only and disabled in Sleep mode (SBOREN is disabled)" value="2"/>
            <ConfigFieldValue name="ON" desc="Brown-out Reset enabled and controlled by software (SBOREN is enabled)" value="1"/>
            <ConfigFieldValue name="OFF" desc="Brown-out Reset disabled in hardware and software" value="0"/>
         </ConfigField>
         <ConfigField name="BORV" desc="Brown Out Voltage" default="3" ishidden="false" nop_marker="false">
            <ConfigFieldValue name="3" desc="VBOR set to 2.1V" value="3"/>
            <ConfigFieldValue name="2" desc="VBOR set to 2.8V" value="2"/>
            <ConfigFieldValue name="1" desc="VBOR set to 4.3V" value="1"/>
            <ConfigFieldValue name="0" desc="VBOR set to 4.6V" value="0"/>
         </ConfigField>
      </ConfigByte>
      <ConfigByte name="CONFIG2H">
         <ConfigField name="WDT" desc="Watchdog Timer" default="1" ishidden="false" nop_marker="false">
            <ConfigFieldValue name="ON" desc="WDT enabled" value="1"/>
            <ConfigFieldValue name="OFF" desc="WDT disabled (control is placed on the SWDTEN bit)" value="0"/>
         </ConfigField>
         <ConfigField name="WDTPS" desc="Watchdog Postscaler" default="15" ishidden="false" nop_marker="false">
            <ConfigFieldValue name="32768" desc="1:32768" value="15"/>
            <ConfigFieldValue name="16384" desc="1:16384" value="14"/>
            <ConfigFieldValue name="8192" desc="1:8192" value="13"/>
            <ConfigFieldValue name="4096" desc="1:4096" value="12"/>
            <ConfigFieldValue name="2048" desc="1:2048" value="11"/>
            <ConfigFieldValue name="1024" desc="1:1024" value="10"/>
            <ConfigFieldValue name="512" desc="1:512" value="9"/>
            <ConfigFieldValue name="256" desc="1:256" value="8"/>
            <ConfigFieldValue name="128" desc="1:128" value="7"/>
            <ConfigFieldValue name="64" desc="1:64" value="6"/>
            <ConfigFieldValue name="32" desc="1:32" value="5"/>
            <ConfigFieldValue name="16" desc="1:16" value="4"/>
            <ConfigFieldValue name="8" desc="1:8" value="3"/>
            <ConfigFieldValue name="4" desc="1:4" value="2"/>
            <ConfigFieldValue name="2" desc="1:2" value="1"/>
            <ConfigFieldValue name="1" desc="1:1" value="0"/>
         </ConfigField>
      </ConfigByte>
      <ConfigByte name="CONFIG3L">
         <ConfigField name="RESERVED" desc="RESERVED" default="3" ishidden="true" nop_marker="false">
         </ConfigField>
         <ConfigField name="-" desc="" default="0" ishidden="false" nop_marker="false"/>
         <ConfigField name="RES" desc="RESERVED" default="3" ishidden="true" nop_marker="false">
         </ConfigField>
      </ConfigByte>
      <ConfigByte name="CONFIG3H">
         <ConfigField name="CCP2MX" desc="CCP2 Mux" default="1" ishidden="false" nop_marker="false">
            <ConfigFieldValue name="PORTC" desc="CCP2 input/output is multiplexed with RC1" value="1"/>
            <ConfigFieldValue name="PORTBE" desc="CCP2 input/output is multiplexed with RE7" value="0"/>
         </ConfigField>
         <ConfigField name="-" desc="" default="0" ishidden="false" nop_marker="false"/>
         <ConfigField name="LPT1OSC" desc="Low Power Timer1 Osc enable" default="0" ishidden="false" nop_marker="false">
            <ConfigFieldValue name="ON" desc="Timer1 configured for low-power operation" value="1"/>
            <ConfigFieldValue name="OFF" desc="Timer1 configured for higher power operation" value="0"/>
         </ConfigField>
         <ConfigField name="-" desc="" default="0" ishidden="false" nop_marker="false"/>
         <ConfigField name="MCLRE" desc="Master Clear Enable" default="1" ishidden="false" nop_marker="false">
            <ConfigFieldValue name="ON" desc="MCLR pin enabled; RG5 input pin disabled" value="1"/>
            <ConfigFieldValue name="OFF" desc="RG5 input pin enabled; MCLR disabled" value="0"/>
         </ConfigField>
      </ConfigByte>
      <ConfigByte name="CONFIG4L">
         <ConfigField name="STVREN" desc="Stack Overflow Reset" default="1" ishidden="false" nop_marker="false">
            <ConfigFieldValue name="ON" desc="Stack full/underflow will cause Reset" value="1"/>
            <ConfigFieldValue name="OFF" desc="Stack full/underflow will not cause Reset" value="0"/>
         </ConfigField>
         <ConfigField name="-" desc="" default="0" ishidden="false" nop_marker="false"/>
         <ConfigField name="XINST" desc="Extended Instruction Set Enable bit" default="0" ishidden="false" nop_marker="false">
            <ConfigFieldValue name="ON" desc="Instruction set extension and Indexed Addressing mode enabled" value="1"/>
            <ConfigFieldValue name="OFF" desc="Instruction set extension and Indexed Addressing mode disabled (Legacy mode)" value="0"/>
         </ConfigField>
         <ConfigField name="DEBUG" desc="Background Debugger Enable bit" default="1" ishidden="false" nop_marker="false">
            <ConfigFieldValue name="OFF" desc="Background debugger disabled, RB6 and RB7 configured as general purpose I/O pins" value="1"/>
            <ConfigFieldValue name="ON" desc="Background debugger enabled, RB6 and RB7 are dedicated to In-Circuit Debug" value="0"/>
         </ConfigField>
      </ConfigByte>
      <ConfigByte/>
      <ConfigByte name="CONFIG5L">
         <ConfigField name="CP" desc="Code Protect 00000-03FFF" default="1" ishidden="false" nop_marker="false">
            <ConfigFieldValue name="OFF" desc="Program memory block (000000-003FFFh) not code-protected" value="1"/>
            <ConfigFieldValue name="ON" desc="Program memory block (000000-003FFFh) code-protected" value="0"/>
         </ConfigField>
      </ConfigByte>
      <ConfigByte/>
      <ConfigByte name="CONFIG7L">
         <ConfigField name="RES" desc="RESERVED" default="1" ishidden="true" nop_marker="false">
         </ConfigField>
      </ConfigByte>
   </ConfigBits>
   <ReversedTypes>
      <ReversedType name="tAD"/>
      <ReversedType name="tCCP"/>
      <ReversedType name="tTMR0"/>
      <ReversedType name="tTMR16"/>
      <ReversedType name="tTMR8"/>
   </ReversedTypes>
   <Timers16Bit>
      <Timer number="0"/>
      <Timer number="1"/>
      <Timer number="3"/>
   </Timers16Bit>
   <DataSpaces>
      <GPR_DataSpace beginaddr="0" endaddr="768"/>
      <SFR_DataSpace beginaddr="3928" endaddr="4096"/>
   </DataSpaces>
</Microcontroller>
