<?xml version="1.0" encoding="UTF-8"?>
<Microcontroller name="PIC18LF23K22">
   <Generator program="pic18x_include_file_generator.exe"/>
   <Source filename="PIC18LF23K22.PIC" mplabx_version="v3.26" filedate="2016-03-02"/>
   <CPUInfo>
      <Chip name="PIC18LF23K22" is_extended="true" first_access_bank_absolute_address="3936" rom_size="8192" alt_shared_addr_test="0"/>
      <EEPROM size="256" eeadr="4009" eeadrh="0" eecon1="4006" eecon2="4007" eedata="4008"/>
      <SFR name="ANSELA" addr="3896"/>
      <SFR name="ANSELB" addr="3897"/>
      <SFR name="ANSELC" addr="3898"/>
      <SFR name="PMD2" addr="3901"/>
      <SFR name="PMD1" addr="3902"/>
      <SFR name="PMD0" addr="3903"/>
      <SFR name="VREFCON2" addr="3904"/>
      <SFR name="VREFCON1" addr="3905"/>
      <SFR name="VREFCON0" addr="3906"/>
      <SFR name="CTMUICON" addr="3907"/>
      <SFR name="CTMUCONL" addr="3908"/>
      <SFR name="CTMUCONH" addr="3909"/>
      <SFR name="SRCON1" addr="3910"/>
      <SFR name="SRCON0" addr="3911"/>
      <SFR name="CCPTMRS1" addr="3912"/>
      <SFR name="CCPTMRS0" addr="3913"/>
      <SFR name="T6CON" addr="3914"/>
      <SFR name="PR6" addr="3915"/>
      <SFR name="TMR6" addr="3916"/>
      <SFR name="T5GCON" addr="3917"/>
      <SFR name="T5CON" addr="3918"/>
      <SFR name="TMR5L" addr="3919"/>
      <SFR name="TMR5H" addr="3920"/>
      <SFR name="T4CON" addr="3921"/>
      <SFR name="PR4" addr="3922"/>
      <SFR name="TMR4" addr="3923"/>
      <SFR name="CCP5CON" addr="3924"/>
      <SFR name="CCPR5L" addr="3925"/>
      <SFR name="CCPR5H" addr="3926"/>
      <SFR name="CCP4CON" addr="3927"/>
      <SFR name="CCPR4L" addr="3928"/>
      <SFR name="CCPR4H" addr="3929"/>
      <SFR name="PSTR3CON" addr="3930"/>
      <SFR name="ECCP3AS" addr="3931"/>
      <SFR name="PWM3CON" addr="3932"/>
      <SFR name="CCP3CON" addr="3933"/>
      <SFR name="CCPR3L" addr="3934"/>
      <SFR name="CCPR3H" addr="3935"/>
      <SFR name="SLRCON" addr="3936"/>
      <SFR name="WPUB" addr="3937"/>
      <SFR name="IOCB" addr="3938"/>
      <SFR name="PSTR2CON" addr="3939"/>
      <SFR name="ECCP2AS" addr="3940"/>
      <SFR name="PWM2CON" addr="3941"/>
      <SFR name="CCP2CON" addr="3942"/>
      <SFR name="CCPR2L" addr="3943"/>
      <SFR name="CCPR2H" addr="3944"/>
      <SFR name="SSP2CON3" addr="3945"/>
      <SFR name="SSP2MSK" addr="3946"/>
      <SFR name="SSP2CON2" addr="3947"/>
      <SFR name="SSP2CON1" addr="3948"/>
      <SFR name="SSP2STAT" addr="3949"/>
      <SFR name="SSP2ADD" addr="3950"/>
      <SFR name="SSP2BUF" addr="3951"/>
      <SFR name="BAUDCON2" addr="3952"/>
      <SFR name="RCSTA2" addr="3953"/>
      <SFR name="TXSTA2" addr="3954"/>
      <SFR name="TXREG2" addr="3955"/>
      <SFR name="RCREG2" addr="3956"/>
      <SFR name="SPBRG2" addr="3957"/>
      <SFR name="SPBRGH2" addr="3958"/>
      <SFR name="CM2CON1" addr="3959"/>
      <SFR name="CM2CON0" addr="3960"/>
      <SFR name="CM1CON0" addr="3961"/>
      <SFR name="PIE4" addr="3962"/>
      <SFR name="PIR4" addr="3963"/>
      <SFR name="IPR4" addr="3964"/>
      <SFR name="PIE5" addr="3965"/>
      <SFR name="PIR5" addr="3966"/>
      <SFR name="IPR5" addr="3967"/>
      <SFR name="PORTA" addr="3968"/>
      <SFR name="PORTB" addr="3969"/>
      <SFR name="PORTC" addr="3970"/>
      <SFR name="PORTE" addr="3972"/>
      <SFR name="LATA" addr="3977"/>
      <SFR name="LATB" addr="3978"/>
      <SFR name="LATC" addr="3979"/>
      <SFR name="TRISA" addr="3986"/>
      <SFR name="TRISB" addr="3987"/>
      <SFR name="TRISC" addr="3988"/>
      <SFR name="TRISE" addr="3990"/>
      <SFR name="OSCTUNE" addr="3995"/>
      <SFR name="HLVDCON" addr="3996"/>
      <SFR name="PIE1" addr="3997"/>
      <SFR name="PIR1" addr="3998"/>
      <SFR name="IPR1" addr="3999"/>
      <SFR name="PIE2" addr="4000"/>
      <SFR name="PIR2" addr="4001"/>
      <SFR name="IPR2" addr="4002"/>
      <SFR name="PIE3" addr="4003"/>
      <SFR name="PIR3" addr="4004"/>
      <SFR name="IPR3" addr="4005"/>
      <SFR name="RCSTA1" addr="4011"/>
      <SFR name="TXSTA1" addr="4012"/>
      <SFR name="TXREG1" addr="4013"/>
      <SFR name="RCREG1" addr="4014"/>
      <SFR name="SPBRG1" addr="4015"/>
      <SFR name="SPBRGH1" addr="4016"/>
      <SFR name="T3CON" addr="4017"/>
      <SFR name="TMR3L" addr="4018"/>
      <SFR name="TMR3H" addr="4019"/>
      <SFR name="T3GCON" addr="4020"/>
      <SFR name="ECCP1AS" addr="4022"/>
      <SFR name="PWM1CON" addr="4023"/>
      <SFR name="BAUDCON1" addr="4024"/>
      <SFR name="PSTR1CON" addr="4025"/>
      <SFR name="T2CON" addr="4026"/>
      <SFR name="PR2" addr="4027"/>
      <SFR name="TMR2" addr="4028"/>
      <SFR name="CCP1CON" addr="4029"/>
      <SFR name="CCPR1L" addr="4030"/>
      <SFR name="CCPR1H" addr="4031"/>
      <SFR name="ADCON2" addr="4032"/>
      <SFR name="ADCON1" addr="4033"/>
      <SFR name="ADCON0" addr="4034"/>
      <SFR name="ADRESL" addr="4035"/>
      <SFR name="ADRESH" addr="4036"/>
      <SFR name="SSP1CON2" addr="4037"/>
      <SFR name="SSP1CON1" addr="4038"/>
      <SFR name="SSP1STAT" addr="4039"/>
      <SFR name="SSP1ADD" addr="4040"/>
      <SFR name="SSP1BUF" addr="4041"/>
      <SFR name="SSP1MSK" addr="4042"/>
      <SFR name="SSP1CON3" addr="4043"/>
      <SFR name="T1GCON" addr="4044"/>
      <SFR name="T1CON" addr="4045"/>
      <SFR name="TMR1L" addr="4046"/>
      <SFR name="TMR1H" addr="4047"/>
      <SFR name="RCON" addr="4048"/>
      <SFR name="WDTCON" addr="4049"/>
      <SFR name="OSCCON2" addr="4050"/>
      <SFR name="OSCCON" addr="4051"/>
      <SFR name="T0CON" addr="4053"/>
      <SFR name="TMR0L" addr="4054"/>
      <SFR name="TMR0H" addr="4055"/>
      <SFR name="INTCON3" addr="4080"/>
      <SFR name="INTCON2" addr="4081"/>
      <SFR name="INTCON" addr="4082"/>
   </CPUInfo>
   <ConfigBits>
      <ConfigByte/>
      <ConfigByte name="CONFIG1H">
         <ConfigField name="FOSC" desc="Oscillator Selection bits" default="5" ishidden="false" nop_marker="false">
            <ConfigFieldValue name="RC" desc="111X External RC oscillator, CLKOUT function on RA6" value="14"/>
            <ConfigFieldValue name="ECLPIO6" desc="EC oscillator (low power, &lt;500 kHz)" value="13"/>
            <ConfigFieldValue name="ECLP" desc="EC oscillator, CLKOUT function on OSC2 (low power, &lt;500 kHz)" value="12"/>
            <ConfigFieldValue name="ECMPIO6" desc="EC oscillator (medium power, 500 kHz-16 MHz)" value="11"/>
            <ConfigFieldValue name="ECMP" desc="EC oscillator, CLKOUT function on OSC2 (medium power, 500 kHz-16 MHz)" value="10"/>
            <ConfigFieldValue name="INTIO7" desc="Internal oscillator block, CLKOUT function on OSC2" value="9"/>
            <ConfigFieldValue name="INTIO67" desc="Internal oscillator block" value="8"/>
            <ConfigFieldValue name="RCIO6" desc="External RC oscillator" value="7"/>
            <ConfigFieldValue name="RC" desc="External RC oscillator, CLKOUT function on OSC2" value="6"/>
            <ConfigFieldValue name="ECHPIO6" desc="EC oscillator (high power, >16 MHz)" value="5"/>
            <ConfigFieldValue name="ECHP" desc="EC oscillator, CLKOUT function on OSC2 (high power, >16 MHz)" value="4"/>
            <ConfigFieldValue name="HSMP" desc="HS oscillator (medium power 4-16 MHz)" value="3"/>
            <ConfigFieldValue name="HSHP" desc="HS oscillator (high power > 16 MHz)" value="2"/>
            <ConfigFieldValue name="XT" desc="XT oscillator" value="1"/>
            <ConfigFieldValue name="LP" desc="LP oscillator" value="0"/>
         </ConfigField>
         <ConfigField name="PLLCFG" desc="4X PLL Enable" default="0" ishidden="false" nop_marker="false">
            <ConfigFieldValue name="ON" desc="Oscillator multiplied by 4" value="1"/>
            <ConfigFieldValue name="OFF" desc="Oscillator used directly" value="0"/>
         </ConfigField>
         <ConfigField name="PRICLKEN" desc="Primary clock enable bit" default="1" ishidden="false" nop_marker="false">
            <ConfigFieldValue name="ON" desc="Primary clock enabled" value="1"/>
            <ConfigFieldValue name="OFF" desc="Primary clock can be disabled by software" value="0"/>
         </ConfigField>
         <ConfigField name="FCMEN" desc="Fail-Safe Clock Monitor Enable bit" default="0" ishidden="false" nop_marker="false">
            <ConfigFieldValue name="ON" desc="Fail-Safe Clock Monitor enabled" value="1"/>
            <ConfigFieldValue name="OFF" desc="Fail-Safe Clock Monitor disabled" value="0"/>
         </ConfigField>
         <ConfigField name="IESO" desc="Internal/External Oscillator Switchover bit" default="0" ishidden="false" nop_marker="false">
            <ConfigFieldValue name="ON" desc="Oscillator Switchover mode enabled" value="1"/>
            <ConfigFieldValue name="OFF" desc="Oscillator Switchover mode disabled" value="0"/>
         </ConfigField>
      </ConfigByte>
      <ConfigByte name="CONFIG2L">
         <ConfigField name="PWRTEN" desc="Power-up Timer Enable bit" default="1" ishidden="false" nop_marker="false">
            <ConfigFieldValue name="OFF" desc="Power up timer disabled" value="1"/>
            <ConfigFieldValue name="ON" desc="Power up timer enabled" value="0"/>
         </ConfigField>
         <ConfigField name="BOREN" desc="Brown-out Reset Enable bits" default="3" ishidden="false" nop_marker="false">
            <ConfigFieldValue name="SBORDIS" desc="Brown-out Reset enabled in hardware only (SBOREN is disabled)" value="3"/>
            <ConfigFieldValue name="NOSLP" desc="Brown-out Reset enabled in hardware only and disabled in Sleep mode (SBOREN is disabled)" value="2"/>
            <ConfigFieldValue name="ON" desc="Brown-out Reset enabled and controlled by software (SBOREN is enabled)" value="1"/>
            <ConfigFieldValue name="OFF" desc="Brown-out Reset disabled in hardware and software" value="0"/>
         </ConfigField>
         <ConfigField name="BORV" desc="Brown Out Reset Voltage bits" default="3" ishidden="false" nop_marker="false">
            <ConfigFieldValue name="190" desc="VBOR set to 1.90 V nominal" value="3"/>
            <ConfigFieldValue name="220" desc="VBOR set to 2.20 V nominal" value="2"/>
            <ConfigFieldValue name="250" desc="VBOR set to 2.50 V nominal" value="1"/>
            <ConfigFieldValue name="285" desc="VBOR set to 2.85 V nominal" value="0"/>
         </ConfigField>
      </ConfigByte>
      <ConfigByte name="CONFIG2H">
         <ConfigField name="WDTEN" desc="Watchdog Timer Enable bits" default="3" ishidden="false" nop_marker="false">
            <ConfigFieldValue name="ON" desc="WDT is always enabled. SWDTEN bit has no effect" value="3"/>
            <ConfigFieldValue name="SWON" desc="WDT is controlled by SWDTEN bit of the WDTCON register" value="2"/>
            <ConfigFieldValue name="NOSLP" desc="WDT is disabled in sleep, otherwise enabled. SWDTEN bit has no effect" value="1"/>
            <ConfigFieldValue name="OFF" desc="Watch dog timer is always disabled. SWDTEN has no effect." value="0"/>
         </ConfigField>
         <ConfigField name="WDTPS" desc="Watchdog Timer Postscale Select bits" default="15" ishidden="false" nop_marker="false">
            <ConfigFieldValue name="32768" desc="1:32768" value="15"/>
            <ConfigFieldValue name="16384" desc="1:16384" value="14"/>
            <ConfigFieldValue name="8192" desc="1:8192" value="13"/>
            <ConfigFieldValue name="4096" desc="1:4096" value="12"/>
            <ConfigFieldValue name="2048" desc="1:2048" value="11"/>
            <ConfigFieldValue name="1024" desc="1:1024" value="10"/>
            <ConfigFieldValue name="512" desc="1:512" value="9"/>
            <ConfigFieldValue name="256" desc="1:256" value="8"/>
            <ConfigFieldValue name="128" desc="1:128" value="7"/>
            <ConfigFieldValue name="64" desc="1:64" value="6"/>
            <ConfigFieldValue name="32" desc="1:32" value="5"/>
            <ConfigFieldValue name="16" desc="1:16" value="4"/>
            <ConfigFieldValue name="8" desc="1:8" value="3"/>
            <ConfigFieldValue name="4" desc="1:4" value="2"/>
            <ConfigFieldValue name="2" desc="1:2" value="1"/>
            <ConfigFieldValue name="1" desc="1:1" value="0"/>
         </ConfigField>
      </ConfigByte>
      <ConfigByte/>
      <ConfigByte name="CONFIG3H">
         <ConfigField name="CCP2MX" desc="CCP2 MUX bit" default="1" ishidden="false" nop_marker="false">
            <ConfigFieldValue name="PORTC1" desc="CCP2 input/output is multiplexed with RC1" value="1"/>
            <ConfigFieldValue name="PORTB3" desc="CCP2 input/output is multiplexed with RB3" value="0"/>
         </ConfigField>
         <ConfigField name="PBADEN" desc="PORTB A/D Enable bit" default="1" ishidden="false" nop_marker="false">
            <ConfigFieldValue name="ON" desc="PORTB&lt;5:0> pins are configured as analog input channels on Reset" value="1"/>
            <ConfigFieldValue name="OFF" desc="PORTB&lt;5:0> pins are configured as digital I/O on Reset" value="0"/>
         </ConfigField>
         <ConfigField name="CCP3MX" desc="P3A/CCP3 Mux bit" default="1" ishidden="false" nop_marker="false">
            <ConfigFieldValue name="PORTB5" desc="P3A/CCP3 input/output is multiplexed with RB5" value="1"/>
            <ConfigFieldValue name="PORTC6" desc="P3A/CCP3 input/output is mulitplexed with RC6" value="0"/>
         </ConfigField>
         <ConfigField name="HFOFST" desc="HFINTOSC Fast Start-up" default="1" ishidden="false" nop_marker="false">
            <ConfigFieldValue name="ON" desc="HFINTOSC output and ready status are not delayed by the oscillator stable status" value="1"/>
            <ConfigFieldValue name="OFF" desc="HFINTOSC output and ready status are delayed by the oscillator stable status" value="0"/>
         </ConfigField>
         <ConfigField name="T3CMX" desc="Timer3 Clock input mux bit" default="1" ishidden="false" nop_marker="false">
            <ConfigFieldValue name="PORTC0" desc="T3CKI is on RC0" value="1"/>
            <ConfigFieldValue name="PORTB5" desc="T3CKI is on RB5" value="0"/>
         </ConfigField>
         <ConfigField name="P2BMX" desc="ECCP2 B output mux bit" default="1" ishidden="false" nop_marker="false">
            <ConfigFieldValue name="PORTB5" desc="P2B is on RB5" value="1"/>
            <ConfigFieldValue name="PORTC0" desc="P2B is on RC0" value="0"/>
         </ConfigField>
         <ConfigField name="-" desc="" default="0" ishidden="false" nop_marker="false"/>
         <ConfigField name="MCLRE" desc="MCLR Pin Enable bit" default="1" ishidden="false" nop_marker="false">
            <ConfigFieldValue name="EXTMCLR" desc="MCLR pin enabled, RE3 input pin disabled" value="1"/>
            <ConfigFieldValue name="INTMCLR" desc="RE3 input pin enabled; MCLR disabled" value="0"/>
         </ConfigField>
      </ConfigByte>
      <ConfigByte name="CONFIG4L">
         <ConfigField name="STVREN" desc="Stack Full/Underflow Reset Enable bit" default="1" ishidden="false" nop_marker="false">
            <ConfigFieldValue name="ON" desc="Stack full/underflow will cause Reset" value="1"/>
            <ConfigFieldValue name="OFF" desc="Stack full/underflow will not cause Reset" value="0"/>
         </ConfigField>
         <ConfigField name="-" desc="" default="0" ishidden="false" nop_marker="false"/>
         <ConfigField name="LVP" desc="Single-Supply ICSP Enable bit" default="1" ishidden="false" nop_marker="false">
            <ConfigFieldValue name="ON" desc="Single-Supply ICSP enabled if MCLRE is also 1" value="1"/>
            <ConfigFieldValue name="OFF" desc="Single-Supply ICSP disabled" value="0"/>
         </ConfigField>
         <ConfigField name="-" desc="" default="0" ishidden="false" nop_marker="false"/>
         <ConfigField name="XINST" desc="Extended Instruction Set Enable bit" default="0" ishidden="false" nop_marker="false">
            <ConfigFieldValue name="ON" desc="Instruction set extension and Indexed Addressing mode enabled" value="1"/>
            <ConfigFieldValue name="OFF" desc="Instruction set extension and Indexed Addressing mode disabled (Legacy mode)" value="0"/>
         </ConfigField>
         <ConfigField name="DEBUG" desc="Background Debug" default="1" ishidden="false" nop_marker="false">
            <ConfigFieldValue name="OFF" desc="Disabled" value="1"/>
            <ConfigFieldValue name="ON" desc="Enabled" value="0"/>
         </ConfigField>
      </ConfigByte>
      <ConfigByte/>
      <ConfigByte name="CONFIG5L">
         <ConfigField name="CP0" desc="Code Protection Block 0" default="1" ishidden="false" nop_marker="false">
            <ConfigFieldValue name="OFF" desc="Block 0 (000200-000FFFh) not code-protected" value="1"/>
            <ConfigFieldValue name="ON" desc="Block 0 (000200-000FFFh) code-protected" value="0"/>
         </ConfigField>
         <ConfigField name="CP1" desc="Code Protection Block 1" default="1" ishidden="false" nop_marker="false">
            <ConfigFieldValue name="OFF" desc="Block 1 (001000-001FFFh) not code-protected" value="1"/>
            <ConfigFieldValue name="ON" desc="Block 1 (001000-001FFFh) code-protected" value="0"/>
         </ConfigField>
         <ConfigField name="-" desc="" default="0" ishidden="false" nop_marker="false"/>
         <ConfigField name="-" desc="" default="0" ishidden="false" nop_marker="false"/>
      </ConfigByte>
      <ConfigByte name="CONFIG5H">
         <ConfigField name="-" desc="" default="0" ishidden="false" nop_marker="false"/>
         <ConfigField name="CPB" desc="Boot Block Code Protection bit" default="1" ishidden="false" nop_marker="false">
            <ConfigFieldValue name="OFF" desc="Boot block (000000-0001FFh) not code-protected" value="1"/>
            <ConfigFieldValue name="ON" desc="Boot block (000000-0001FFh) code-protected" value="0"/>
         </ConfigField>
         <ConfigField name="CPD" desc="Data EEPROM Code Protection bit" default="1" ishidden="false" nop_marker="false">
            <ConfigFieldValue name="OFF" desc="Data EEPROM not code-protected" value="1"/>
            <ConfigFieldValue name="ON" desc="Data EEPROM code-protected" value="0"/>
         </ConfigField>
      </ConfigByte>
      <ConfigByte name="CONFIG6L">
         <ConfigField name="WRT0" desc="Write Protection Block 0" default="1" ishidden="false" nop_marker="false">
            <ConfigFieldValue name="OFF" desc="Block 0 (000200-000FFFh) not write-protected" value="1"/>
            <ConfigFieldValue name="ON" desc="Block 0 (000200-000FFFh) write-protected" value="0"/>
         </ConfigField>
         <ConfigField name="WRT1" desc="Write Protection Block 1" default="1" ishidden="false" nop_marker="false">
            <ConfigFieldValue name="OFF" desc="Block 1 (001000-001FFFh) not write-protected" value="1"/>
            <ConfigFieldValue name="ON" desc="Block 1 (001000-001FFFh) write-protected" value="0"/>
         </ConfigField>
         <ConfigField name="-" desc="" default="0" ishidden="false" nop_marker="false"/>
         <ConfigField name="-" desc="" default="0" ishidden="false" nop_marker="false"/>
      </ConfigByte>
      <ConfigByte name="CONFIG6H">
         <ConfigField name="-" desc="" default="0" ishidden="false" nop_marker="false"/>
         <ConfigField name="WRTC" desc="Configuration Register Write Protection bit" default="1" ishidden="false" nop_marker="false">
            <ConfigFieldValue name="OFF" desc="Configuration registers (300000-3000FFh) not write-protected" value="1"/>
            <ConfigFieldValue name="ON" desc="Configuration registers (300000-3000FFh) write-protected" value="0"/>
         </ConfigField>
         <ConfigField name="WRTB" desc="Boot Block Write Protection bit" default="1" ishidden="false" nop_marker="false">
            <ConfigFieldValue name="OFF" desc="Boot Block (000000-0001FFh) not write-protected" value="1"/>
            <ConfigFieldValue name="ON" desc="Boot Block (000000-0001FFh) write-protected" value="0"/>
         </ConfigField>
         <ConfigField name="WRTD" desc="Data EEPROM Write Protection bit" default="1" ishidden="false" nop_marker="false">
            <ConfigFieldValue name="OFF" desc="Data EEPROM not write-protected" value="1"/>
            <ConfigFieldValue name="ON" desc="Data EEPROM write-protected" value="0"/>
         </ConfigField>
      </ConfigByte>
      <ConfigByte name="CONFIG7L">
         <ConfigField name="EBTR0" desc="Table Read Protection Block 0" default="1" ishidden="false" nop_marker="false">
            <ConfigFieldValue name="OFF" desc="Block 0 (000200-000FFFh) not protected from table reads executed in other blocks" value="1"/>
            <ConfigFieldValue name="ON" desc="Block 0 (000200-000FFFh) protected from table reads executed in other blocks" value="0"/>
         </ConfigField>
         <ConfigField name="EBTR1" desc="Table Read Protection Block 1" default="1" ishidden="false" nop_marker="false">
            <ConfigFieldValue name="OFF" desc="Block 1 (001000-001FFFh) not protected from table reads executed in other blocks" value="1"/>
            <ConfigFieldValue name="ON" desc="Block 1 (001000-001FFFh) protected from table reads executed in other blocks" value="0"/>
         </ConfigField>
         <ConfigField name="-" desc="" default="0" ishidden="false" nop_marker="false"/>
         <ConfigField name="-" desc="" default="0" ishidden="false" nop_marker="false"/>
      </ConfigByte>
      <ConfigByte name="CONFIG7H">
         <ConfigField name="-" desc="" default="0" ishidden="false" nop_marker="false"/>
         <ConfigField name="EBTRB" desc="Boot Block Table Read Protection bit" default="1" ishidden="false" nop_marker="false">
            <ConfigFieldValue name="OFF" desc="Boot Block (000000-0001FFh) not protected from table reads executed in other blocks" value="1"/>
            <ConfigFieldValue name="ON" desc="Boot Block (000000-0001FFh) protected from table reads executed in other blocks" value="0"/>
         </ConfigField>
      </ConfigByte>
   </ConfigBits>
   <ReversedTypes>
      <ReversedType name="tAD"/>
      <ReversedType name="tCCP"/>
      <ReversedType name="tCM"/>
      <ReversedType name="tCTMUCON"/>
      <ReversedType name="tTMR0"/>
      <ReversedType name="tTMR16"/>
      <ReversedType name="tTMR8"/>
   </ReversedTypes>
   <Timers16Bit>
      <Timer number="0"/>
      <Timer number="1"/>
      <Timer number="3"/>
      <Timer number="5"/>
   </Timers16Bit>
   <DataSpaces>
      <GPR_DataSpace beginaddr="0" endaddr="512"/>
      <SFR_DataSpace beginaddr="3896" endaddr="4096"/>
   </DataSpaces>
</Microcontroller>
