<?xml version="1.0" encoding="UTF-8"?>
<Microcontroller name="PIC18F2321">
   <Generator program="pic18x_include_file_generator.exe"/>
   <Source filename="PIC18F2321.PIC" mplabx_version="v3.26" filedate="2016-03-02"/>
   <CPUInfo>
      <Chip name="PIC18F2321" is_extended="true" first_access_bank_absolute_address="3968" rom_size="8192" alt_shared_addr_test="0"/>
      <EEPROM size="256" eeadr="4009" eeadrh="0" eecon1="4006" eecon2="4007" eedata="4008"/>
      <SFR name="PORTA" addr="3968"/>
      <SFR name="PORTB" addr="3969"/>
      <SFR name="PORTC" addr="3970"/>
      <SFR name="PORTE" addr="3972"/>
      <SFR name="LATA" addr="3977"/>
      <SFR name="LATB" addr="3978"/>
      <SFR name="LATC" addr="3979"/>
      <SFR name="TRISA" addr="3986"/>
      <SFR name="TRISB" addr="3987"/>
      <SFR name="TRISC" addr="3988"/>
      <SFR name="OSCTUNE" addr="3995"/>
      <SFR name="PIE1" addr="3997"/>
      <SFR name="PIR1" addr="3998"/>
      <SFR name="IPR1" addr="3999"/>
      <SFR name="PIE2" addr="4000"/>
      <SFR name="PIR2" addr="4001"/>
      <SFR name="IPR2" addr="4002"/>
      <SFR name="RCSTA" addr="4011"/>
      <SFR name="TXSTA" addr="4012"/>
      <SFR name="TXREG" addr="4013"/>
      <SFR name="RCREG" addr="4014"/>
      <SFR name="SPBRG" addr="4015"/>
      <SFR name="SPBRGH" addr="4016"/>
      <SFR name="T3CON" addr="4017"/>
      <SFR name="TMR3L" addr="4018"/>
      <SFR name="TMR3H" addr="4019"/>
      <SFR name="CMCON" addr="4020"/>
      <SFR name="CVRCON" addr="4021"/>
      <SFR name="ECCP1AS" addr="4022"/>
      <SFR name="ECCP1DEL" addr="4023"/>
      <SFR name="BAUDCON" addr="4024"/>
      <SFR name="CCP2CON" addr="4026"/>
      <SFR name="CCPR2L" addr="4027"/>
      <SFR name="CCPR2H" addr="4028"/>
      <SFR name="CCP1CON" addr="4029"/>
      <SFR name="CCPR1L" addr="4030"/>
      <SFR name="CCPR1H" addr="4031"/>
      <SFR name="ADCON2" addr="4032"/>
      <SFR name="ADCON1" addr="4033"/>
      <SFR name="ADCON0" addr="4034"/>
      <SFR name="ADRESL" addr="4035"/>
      <SFR name="ADRESH" addr="4036"/>
      <SFR name="SSPCON2" addr="4037"/>
      <SFR name="SSPCON1" addr="4038"/>
      <SFR name="SSPSTAT" addr="4039"/>
      <SFR name="SSPADD" addr="4040"/>
      <SFR name="SSPBUF" addr="4041"/>
      <SFR name="T2CON" addr="4042"/>
      <SFR name="PR2" addr="4043"/>
      <SFR name="TMR2" addr="4044"/>
      <SFR name="T1CON" addr="4045"/>
      <SFR name="TMR1L" addr="4046"/>
      <SFR name="TMR1H" addr="4047"/>
      <SFR name="RCON" addr="4048"/>
      <SFR name="WDTCON" addr="4049"/>
      <SFR name="HLVDCON" addr="4050"/>
      <SFR name="OSCCON" addr="4051"/>
      <SFR name="T0CON" addr="4053"/>
      <SFR name="TMR0L" addr="4054"/>
      <SFR name="TMR0H" addr="4055"/>
      <SFR name="INTCON3" addr="4080"/>
      <SFR name="INTCON2" addr="4081"/>
      <SFR name="INTCON" addr="4082"/>
   </CPUInfo>
   <ConfigBits>
      <ConfigByte/>
      <ConfigByte name="CONFIG1H">
         <ConfigField name="OSC" desc="Oscillator" default="7" ishidden="false" nop_marker="false">
            <ConfigFieldValue name="INTIO1" desc="Internal oscillator block, CLKO function on RA6, port function on RA7" value="9"/>
            <ConfigFieldValue name="INTIO2" desc="Internal oscillator block, port function on RA6 and RA7" value="8"/>
            <ConfigFieldValue name="RCIO" desc="External RC oscillator, port function on RA6" value="7"/>
            <ConfigFieldValue name="HSPLL" desc="HS oscillator, PLL enabled (Clock Frequency = 4 x FOSC1)" value="6"/>
            <ConfigFieldValue name="ECIO" desc="EC oscillator, port function on RA6" value="5"/>
            <ConfigFieldValue name="EC" desc="EC oscillator, CLKO function on RA6" value="4"/>
            <ConfigFieldValue name="RC" desc="External RC oscillator, CLKO function on RA6" value="3"/>
            <ConfigFieldValue name="HS" desc="HS Oscillator" value="2"/>
            <ConfigFieldValue name="XT" desc="XT Oscillator" value="1"/>
            <ConfigFieldValue name="LP" desc="LP Oscillator" value="0"/>
         </ConfigField>
         <ConfigField name="-" desc="" default="0" ishidden="false" nop_marker="false"/>
         <ConfigField name="FCMEN" desc="Fail-Safe Clock Monitor Enable bit" default="0" ishidden="false" nop_marker="false">
            <ConfigFieldValue name="ON" desc="Fail-Safe Clock Monitor enabled" value="1"/>
            <ConfigFieldValue name="OFF" desc="Fail-Safe Clock Monitor disabled" value="0"/>
         </ConfigField>
         <ConfigField name="IESO" desc="Internal/External Oscillator Switchover bit" default="0" ishidden="false" nop_marker="false">
            <ConfigFieldValue name="ON" desc="Oscillator Switchover mode enabled" value="1"/>
            <ConfigFieldValue name="OFF" desc="Oscillator Switchover mode disabled" value="0"/>
         </ConfigField>
      </ConfigByte>
      <ConfigByte name="CONFIG2L">
         <ConfigField name="PWRT" desc="Power-up Timer Enable bit" default="1" ishidden="false" nop_marker="false">
            <ConfigFieldValue name="OFF" desc="PWRT disabled" value="1"/>
            <ConfigFieldValue name="ON" desc="PWRT enabled" value="0"/>
         </ConfigField>
         <ConfigField name="BOR" desc="Brown-out Reset Enable bits" default="3" ishidden="false" nop_marker="false">
            <ConfigFieldValue name="ON" desc="Brown-out Reset enabled in hardware only (SBOREN is disabled)" value="3"/>
            <ConfigFieldValue name="NOSLP" desc="Brown-out Reset enabled in hardware only and disabled in Sleep mode (SBOREN is disabled)" value="2"/>
            <ConfigFieldValue name="SOFT" desc="Brown-out Reset enabled and controlled by software (SBOREN is enabled)" value="1"/>
            <ConfigFieldValue name="OFF" desc="Brown-out Reset disabled in hardware and software" value="0"/>
         </ConfigField>
         <ConfigField name="BORV" desc="Brown-out Reset Voltage bits" default="3" ishidden="false" nop_marker="false">
            <ConfigFieldValue name="3" desc="Minimum Setting" value="3"/>
            <ConfigFieldValue name="2" desc="" value="2"/>
            <ConfigFieldValue name="1" desc="" value="1"/>
            <ConfigFieldValue name="0" desc="Maximum Setting" value="0"/>
         </ConfigField>
      </ConfigByte>
      <ConfigByte name="CONFIG2H">
         <ConfigField name="WDT" desc="Watchdog Timer Enable bit" default="1" ishidden="false" nop_marker="false">
            <ConfigFieldValue name="ON" desc="WDT enabled" value="1"/>
            <ConfigFieldValue name="OFF" desc="WDT disabled (control is placed on the SWDTEN bit)" value="0"/>
         </ConfigField>
         <ConfigField name="WDTPS" desc="Watchdog Timer Postscale Select bits" default="15" ishidden="false" nop_marker="false">
            <ConfigFieldValue name="32768" desc="1:32768" value="15"/>
            <ConfigFieldValue name="16384" desc="1:16384" value="14"/>
            <ConfigFieldValue name="8192" desc="1:8192" value="13"/>
            <ConfigFieldValue name="4096" desc="1:4096" value="12"/>
            <ConfigFieldValue name="2048" desc="1:2048" value="11"/>
            <ConfigFieldValue name="1024" desc="1:1024" value="10"/>
            <ConfigFieldValue name="512" desc="1:512" value="9"/>
            <ConfigFieldValue name="256" desc="1:256" value="8"/>
            <ConfigFieldValue name="128" desc="1:128" value="7"/>
            <ConfigFieldValue name="64" desc="1:64" value="6"/>
            <ConfigFieldValue name="32" desc="1:32" value="5"/>
            <ConfigFieldValue name="16" desc="1:16" value="4"/>
            <ConfigFieldValue name="8" desc="1:8" value="3"/>
            <ConfigFieldValue name="4" desc="1:4" value="2"/>
            <ConfigFieldValue name="2" desc="1:2" value="1"/>
            <ConfigFieldValue name="1" desc="1:1" value="0"/>
         </ConfigField>
      </ConfigByte>
      <ConfigByte/>
      <ConfigByte name="CONFIG3H">
         <ConfigField name="CCP2MX" desc="CCP2 MUX bit" default="1" ishidden="false" nop_marker="false">
            <ConfigFieldValue name="RC1" desc="CCP2 input/output is multiplexed with RC1" value="1"/>
            <ConfigFieldValue name="RB3" desc="CCP2 input/output is multiplexed with RB3" value="0"/>
         </ConfigField>
         <ConfigField name="PBADEN" desc="PORTB A/D Enable bit" default="1" ishidden="false" nop_marker="false">
            <ConfigFieldValue name="ANA" desc="PORTB&lt;4:0> pins are configured as analog input channels on Reset" value="1"/>
            <ConfigFieldValue name="DIG" desc="PORTB&lt;4:0> pins are configured as digital I/O on Reset" value="0"/>
         </ConfigField>
         <ConfigField name="LPT1OSC" desc="Low-Power Timer1 Oscillator Enable bit" default="0" ishidden="false" nop_marker="false">
            <ConfigFieldValue name="ON" desc="Timer1 configured for low-power operation" value="1"/>
            <ConfigFieldValue name="OFF" desc="Timer1 configured for higher power operation" value="0"/>
         </ConfigField>
         <ConfigField name="-" desc="" default="0" ishidden="false" nop_marker="false"/>
         <ConfigField name="MCLRE" desc="MCLR Pin Enable bit" default="1" ishidden="false" nop_marker="false">
            <ConfigFieldValue name="ON" desc="MCLR pin enabled; RE3 input pin disabled" value="1"/>
            <ConfigFieldValue name="OFF" desc="RE3 input pin enabled; MCLR disabled" value="0"/>
         </ConfigField>
      </ConfigByte>
      <ConfigByte name="CONFIG4L">
         <ConfigField name="STVREN" desc="Stack Full/Underflow Reset Enable bit" default="1" ishidden="false" nop_marker="false">
            <ConfigFieldValue name="ON" desc="Stack full/underflow will cause Reset" value="1"/>
            <ConfigFieldValue name="OFF" desc="Stack full/underflow will not cause Reset" value="0"/>
         </ConfigField>
         <ConfigField name="-" desc="" default="0" ishidden="false" nop_marker="false"/>
         <ConfigField name="LVP" desc="Single-Supply ICSP Enable bit" default="1" ishidden="false" nop_marker="false">
            <ConfigFieldValue name="ON" desc="Single-Supply ICSP enabled" value="1"/>
            <ConfigFieldValue name="OFF" desc="Single-Supply ICSP disabled" value="0"/>
         </ConfigField>
         <ConfigField name="RES" desc="RESERVED" default="0" ishidden="true" nop_marker="false">
         </ConfigField>
         <ConfigField name="BBSIZ" desc="Boot Block Size Select bits" default="0" ishidden="false" nop_marker="false">
            <ConfigFieldValue name="BB1K" desc="1024 Word" value="3"/>
            <ConfigFieldValue name="BB512" desc=" 512 Word" value="1"/>
            <ConfigFieldValue name="BB256" desc=" 256 Word" value="0"/>
         </ConfigField>
         <ConfigField name="XINST" desc="Extended Instruction Set Enable bit" default="0" ishidden="false" nop_marker="false">
            <ConfigFieldValue name="ON" desc="Instruction set extension and Indexed Addressing mode enabled" value="1"/>
            <ConfigFieldValue name="OFF" desc="Instruction set extension and Indexed Addressing mode disabled (Legacy mode)" value="0"/>
         </ConfigField>
         <ConfigField name="DEBUG" desc="Background Debugger Enable bit" default="1" ishidden="false" nop_marker="false">
            <ConfigFieldValue name="OFF" desc="Background debugger disabled, RB6 and RB7 configured as general purpose I/O pins" value="1"/>
            <ConfigFieldValue name="ON" desc="Background debugger enabled, RB6 and RB7 are dedicated to In-Circuit Debug" value="0"/>
         </ConfigField>
      </ConfigByte>
      <ConfigByte/>
      <ConfigByte name="CONFIG5L">
         <ConfigField name="CP0" desc="Code Protection bit" default="1" ishidden="false" nop_marker="false">
            <ConfigFieldValue name="OFF" desc="Block 0 not code-protected" value="1"/>
            <ConfigFieldValue name="ON" desc="Block 0 code-protected" value="0"/>
         </ConfigField>
         <ConfigField name="CP1" desc="Code Protection bit" default="1" ishidden="false" nop_marker="false">
            <ConfigFieldValue name="OFF" desc="Block 1 not code-protected" value="1"/>
            <ConfigFieldValue name="ON" desc="Block 1 code-protected" value="0"/>
         </ConfigField>
      </ConfigByte>
      <ConfigByte name="CONFIG5H">
         <ConfigField name="-" desc="" default="0" ishidden="false" nop_marker="false"/>
         <ConfigField name="CPB" desc="Boot Block Code Protection bitProtect Boot" default="1" ishidden="false" nop_marker="false">
            <ConfigFieldValue name="OFF" desc="Boot block not code-protected" value="1"/>
            <ConfigFieldValue name="ON" desc="Boot block code-protected" value="0"/>
         </ConfigField>
         <ConfigField name="CPD" desc="Data EEPROM Code Protection bit" default="1" ishidden="false" nop_marker="false">
            <ConfigFieldValue name="OFF" desc="Data EEPROM not code-protected" value="1"/>
            <ConfigFieldValue name="ON" desc="Data EEPROM code-protected" value="0"/>
         </ConfigField>
      </ConfigByte>
      <ConfigByte name="CONFIG6L">
         <ConfigField name="WRT0" desc="Write Protection bit" default="1" ishidden="false" nop_marker="false">
            <ConfigFieldValue name="OFF" desc="Block 0 not write-protected" value="1"/>
            <ConfigFieldValue name="ON" desc="Block 0 write-protected" value="0"/>
         </ConfigField>
         <ConfigField name="WRT1" desc="Write Protection bit" default="1" ishidden="false" nop_marker="false">
            <ConfigFieldValue name="OFF" desc="Block 1 not write-protected" value="1"/>
            <ConfigFieldValue name="ON" desc="Block 1 write-protected" value="0"/>
         </ConfigField>
      </ConfigByte>
      <ConfigByte name="CONFIG6H">
         <ConfigField name="-" desc="" default="0" ishidden="false" nop_marker="false"/>
         <ConfigField name="WRTC" desc="Configuration Register Write Protection bit" default="1" ishidden="false" nop_marker="false">
            <ConfigFieldValue name="OFF" desc="Configuration registers (300000-3000FFh) not write-protected" value="1"/>
            <ConfigFieldValue name="ON" desc="Configuration registers (300000-3000FFh) write-protected" value="0"/>
         </ConfigField>
         <ConfigField name="WRTB" desc="Boot Block Write Protection bit" default="1" ishidden="false" nop_marker="false">
            <ConfigFieldValue name="OFF" desc="Boot block not write-protected" value="1"/>
            <ConfigFieldValue name="ON" desc="Boot block write-protected" value="0"/>
         </ConfigField>
         <ConfigField name="WRTD" desc="Data EEPROM Write Protection bit" default="1" ishidden="false" nop_marker="false">
            <ConfigFieldValue name="OFF" desc="Data EEPROM not write-protected" value="1"/>
            <ConfigFieldValue name="ON" desc="Data EEPROM write-protected" value="0"/>
         </ConfigField>
      </ConfigByte>
      <ConfigByte name="CONFIG7L">
         <ConfigField name="EBTR0" desc="Table Read Protection bit" default="1" ishidden="false" nop_marker="false">
            <ConfigFieldValue name="OFF" desc="Block 0 not protected from table reads executed in other blocks" value="1"/>
            <ConfigFieldValue name="ON" desc="Block 0 protected from table reads executed in other blocks" value="0"/>
         </ConfigField>
         <ConfigField name="EBTR1" desc="Table Read Protection bit" default="1" ishidden="false" nop_marker="false">
            <ConfigFieldValue name="OFF" desc="Block 1 not protected from table reads executed in other blocks" value="1"/>
            <ConfigFieldValue name="ON" desc="Block 1 protected from table reads executed in other blocks" value="0"/>
         </ConfigField>
      </ConfigByte>
      <ConfigByte name="CONFIG7H">
         <ConfigField name="-" desc="" default="0" ishidden="false" nop_marker="false"/>
         <ConfigField name="EBTRB" desc="Boot Block Table Read Protection bit" default="1" ishidden="false" nop_marker="false">
            <ConfigFieldValue name="OFF" desc="Boot block not protected from table reads executed in other blocks" value="1"/>
            <ConfigFieldValue name="ON" desc="Boot block protected from table reads executed in other blocks" value="0"/>
         </ConfigField>
      </ConfigByte>
   </ConfigBits>
   <ReversedTypes>
      <ReversedType name="tAD"/>
      <ReversedType name="tCCP"/>
      <ReversedType name="tTMR0"/>
      <ReversedType name="tTMR16"/>
      <ReversedType name="tTMR8"/>
   </ReversedTypes>
   <Timers16Bit>
      <Timer number="0"/>
      <Timer number="1"/>
      <Timer number="3"/>
   </Timers16Bit>
   <DataSpaces>
      <GPR_DataSpace beginaddr="0" endaddr="512"/>
      <SFR_DataSpace beginaddr="3968" endaddr="4096"/>
   </DataSpaces>
</Microcontroller>
