<?xml version="1.0" encoding="UTF-8"?>
<Microcontroller name="PIC18F4553">
   <Generator program="pic18x_include_file_generator.exe"/>
   <Source filename="PIC18F4553.PIC" mplabx_version="v3.26" filedate="2016-03-02"/>
   <CPUInfo>
      <Chip name="PIC18F4553" is_extended="true" first_access_bank_absolute_address="3936" rom_size="32768" alt_shared_addr_test="0"/>
      <EEPROM size="256" eeadr="4009" eeadrh="0" eecon1="4006" eecon2="4007" eedata="4008"/>
      <SFR name="SPPDATA" addr="3938"/>
      <SFR name="SPPCFG" addr="3939"/>
      <SFR name="SPPEPS" addr="3940"/>
      <SFR name="SPPCON" addr="3941"/>
      <SFR name="UFRML" addr="3942"/>
      <SFR name="UFRMH" addr="3943"/>
      <SFR name="UIR" addr="3944"/>
      <SFR name="UIE" addr="3945"/>
      <SFR name="UEIR" addr="3946"/>
      <SFR name="UEIE" addr="3947"/>
      <SFR name="USTAT" addr="3948"/>
      <SFR name="UCON" addr="3949"/>
      <SFR name="UADDR" addr="3950"/>
      <SFR name="UCFG" addr="3951"/>
      <SFR name="UEP0" addr="3952"/>
      <SFR name="UEP1" addr="3953"/>
      <SFR name="UEP2" addr="3954"/>
      <SFR name="UEP3" addr="3955"/>
      <SFR name="UEP4" addr="3956"/>
      <SFR name="UEP5" addr="3957"/>
      <SFR name="UEP6" addr="3958"/>
      <SFR name="UEP7" addr="3959"/>
      <SFR name="UEP8" addr="3960"/>
      <SFR name="UEP9" addr="3961"/>
      <SFR name="UEP10" addr="3962"/>
      <SFR name="UEP11" addr="3963"/>
      <SFR name="UEP12" addr="3964"/>
      <SFR name="UEP13" addr="3965"/>
      <SFR name="UEP14" addr="3966"/>
      <SFR name="UEP15" addr="3967"/>
      <SFR name="PORTA" addr="3968"/>
      <SFR name="PORTB" addr="3969"/>
      <SFR name="PORTC" addr="3970"/>
      <SFR name="PORTD" addr="3971"/>
      <SFR name="PORTE" addr="3972"/>
      <SFR name="LATA" addr="3977"/>
      <SFR name="LATB" addr="3978"/>
      <SFR name="LATC" addr="3979"/>
      <SFR name="LATD" addr="3980"/>
      <SFR name="LATE" addr="3981"/>
      <SFR name="TRISA" addr="3986"/>
      <SFR name="TRISB" addr="3987"/>
      <SFR name="TRISC" addr="3988"/>
      <SFR name="TRISD" addr="3989"/>
      <SFR name="TRISE" addr="3990"/>
      <SFR name="OSCTUNE" addr="3995"/>
      <SFR name="PIE1" addr="3997"/>
      <SFR name="PIR1" addr="3998"/>
      <SFR name="IPR1" addr="3999"/>
      <SFR name="PIE2" addr="4000"/>
      <SFR name="PIR2" addr="4001"/>
      <SFR name="IPR2" addr="4002"/>
      <SFR name="RCSTA" addr="4011"/>
      <SFR name="TXSTA" addr="4012"/>
      <SFR name="TXREG" addr="4013"/>
      <SFR name="RCREG" addr="4014"/>
      <SFR name="SPBRG" addr="4015"/>
      <SFR name="SPBRGH" addr="4016"/>
      <SFR name="T3CON" addr="4017"/>
      <SFR name="TMR3L" addr="4018"/>
      <SFR name="TMR3H" addr="4019"/>
      <SFR name="CMCON" addr="4020"/>
      <SFR name="CVRCON" addr="4021"/>
      <SFR name="ECCP1AS" addr="4022"/>
      <SFR name="ECCP1DEL" addr="4023"/>
      <SFR name="BAUDCON" addr="4024"/>
      <SFR name="CCP2CON" addr="4026"/>
      <SFR name="CCPR2L" addr="4027"/>
      <SFR name="CCPR2H" addr="4028"/>
      <SFR name="CCP1CON" addr="4029"/>
      <SFR name="CCPR1L" addr="4030"/>
      <SFR name="CCPR1H" addr="4031"/>
      <SFR name="ADCON2" addr="4032"/>
      <SFR name="ADCON1" addr="4033"/>
      <SFR name="ADCON0" addr="4034"/>
      <SFR name="ADRESL" addr="4035"/>
      <SFR name="ADRESH" addr="4036"/>
      <SFR name="SSPCON2" addr="4037"/>
      <SFR name="SSPCON1" addr="4038"/>
      <SFR name="SSPSTAT" addr="4039"/>
      <SFR name="SSPADD" addr="4040"/>
      <SFR name="SSPBUF" addr="4041"/>
      <SFR name="T2CON" addr="4042"/>
      <SFR name="PR2" addr="4043"/>
      <SFR name="TMR2" addr="4044"/>
      <SFR name="T1CON" addr="4045"/>
      <SFR name="TMR1L" addr="4046"/>
      <SFR name="TMR1H" addr="4047"/>
      <SFR name="RCON" addr="4048"/>
      <SFR name="WDTCON" addr="4049"/>
      <SFR name="HLVDCON" addr="4050"/>
      <SFR name="OSCCON" addr="4051"/>
      <SFR name="T0CON" addr="4053"/>
      <SFR name="TMR0L" addr="4054"/>
      <SFR name="TMR0H" addr="4055"/>
      <SFR name="INTCON3" addr="4080"/>
      <SFR name="INTCON2" addr="4081"/>
      <SFR name="INTCON" addr="4082"/>
   </CPUInfo>
   <ConfigBits>
      <ConfigByte name="CONFIG1L">
         <ConfigField name="PLLDIV" desc="PLL Prescaler Selection bits" default="0" ishidden="false" nop_marker="false">
            <ConfigFieldValue name="12" desc="Divide by 12 (48 MHz oscillator input)" value="7"/>
            <ConfigFieldValue name="10" desc="Divide by 10 (40 MHz oscillator input)" value="6"/>
            <ConfigFieldValue name="6" desc="Divide by 6 (24 MHz oscillator input)" value="5"/>
            <ConfigFieldValue name="5" desc="Divide by 5 (20 MHz oscillator input)" value="4"/>
            <ConfigFieldValue name="4" desc="Divide by 4 (16 MHz oscillator input)" value="3"/>
            <ConfigFieldValue name="3" desc="Divide by 3 (12 MHz oscillator input)" value="2"/>
            <ConfigFieldValue name="2" desc="Divide by 2 (8 MHz oscillator input)" value="1"/>
            <ConfigFieldValue name="1" desc="No prescale (4 MHz oscillator input drives PLL directly)" value="0"/>
         </ConfigField>
         <ConfigField name="CPUDIV" desc="System Clock Postscaler Selection bits" default="0" ishidden="false" nop_marker="false">
            <ConfigFieldValue name="OSC4_PLL6" desc="[Primary Oscillator Src: /4][96 MHz PLL Src: /6]" value="3"/>
            <ConfigFieldValue name="OSC3_PLL4" desc="[Primary Oscillator Src: /3][96 MHz PLL Src: /4]" value="2"/>
            <ConfigFieldValue name="OSC2_PLL3" desc="[Primary Oscillator Src: /2][96 MHz PLL Src: /3]" value="1"/>
            <ConfigFieldValue name="OSC1_PLL2" desc="[Primary Oscillator Src: /1][96 MHz PLL Src: /2]" value="0"/>
         </ConfigField>
         <ConfigField name="USBDIV" desc="USB Clock Selection bit (used in Full-Speed USB mode only; UCFG:FSEN = 1)" default="0" ishidden="false" nop_marker="false">
            <ConfigFieldValue name="2" desc="USB clock source comes from the 96 MHz PLL divided by 2" value="1"/>
            <ConfigFieldValue name="1" desc="USB clock source comes directly from the primary oscillator block with no postscale" value="0"/>
         </ConfigField>
      </ConfigByte>
      <ConfigByte name="CONFIG1H">
         <ConfigField name="FOSC" desc="Oscillator Selection bits" default="5" ishidden="false" nop_marker="false">
            <ConfigFieldValue name="HSPLL_HS" desc="HS oscillator, PLL enabled (HSPLL)" value="14"/>
            <ConfigFieldValue name="HS" desc="HS oscillator (HS)" value="12"/>
            <ConfigFieldValue name="INTOSC_HS" desc="Internal oscillator, HS oscillator used by USB (INTHS)" value="11"/>
            <ConfigFieldValue name="INTOSC_XT" desc="Internal oscillator, XT used by USB (INTXT)" value="10"/>
            <ConfigFieldValue name="INTOSC_EC" desc="Internal oscillator, CLKO function on RA6, EC used by USB (INTCKO)" value="9"/>
            <ConfigFieldValue name="INTOSCIO_EC" desc="Internal oscillator, port function on RA6, EC used by USB (INTIO)" value="8"/>
            <ConfigFieldValue name="ECPLL_EC" desc="EC oscillator, PLL enabled, CLKO function on RA6 (ECPLL)" value="7"/>
            <ConfigFieldValue name="ECPLLIO_EC" desc="EC oscillator, PLL enabled, port function on RA6 (ECPIO)" value="6"/>
            <ConfigFieldValue name="EC_EC" desc="EC oscillator, CLKO function on RA6 (EC)" value="5"/>
            <ConfigFieldValue name="ECIO_EC" desc="EC oscillator, port function on RA6 (ECIO)" value="4"/>
            <ConfigFieldValue name="XTPLL_XT" desc="XT oscillator, PLL enabled (XTPLL)" value="2"/>
            <ConfigFieldValue name="XT_XT" desc="XT oscillator (XT)" value="0"/>
         </ConfigField>
         <ConfigField name="-" desc="" default="0" ishidden="false" nop_marker="false"/>
         <ConfigField name="FCMEN" desc="Fail-Safe Clock Monitor Enable bit" default="0" ishidden="false" nop_marker="false">
            <ConfigFieldValue name="ON" desc="Fail-Safe Clock Monitor enabled" value="1"/>
            <ConfigFieldValue name="OFF" desc="Fail-Safe Clock Monitor disabled" value="0"/>
         </ConfigField>
         <ConfigField name="IESO" desc="Internal/External Oscillator Switchover bit" default="0" ishidden="false" nop_marker="false">
            <ConfigFieldValue name="ON" desc="Oscillator Switchover mode enabled" value="1"/>
            <ConfigFieldValue name="OFF" desc="Oscillator Switchover mode disabled" value="0"/>
         </ConfigField>
      </ConfigByte>
      <ConfigByte name="CONFIG2L">
         <ConfigField name="PWRT" desc="Power-up Timer Enable bit" default="1" ishidden="false" nop_marker="false">
            <ConfigFieldValue name="OFF" desc="PWRT disabled" value="1"/>
            <ConfigFieldValue name="ON" desc="PWRT enabled" value="0"/>
         </ConfigField>
         <ConfigField name="BOR" desc="Brown-out Reset Enable bits" default="3" ishidden="false" nop_marker="false">
            <ConfigFieldValue name="ON" desc="Brown-out Reset enabled in hardware only (SBOREN is disabled)" value="3"/>
            <ConfigFieldValue name="ON_ACTIVE" desc="Brown-out Reset enabled in hardware only and disabled in Sleep mode (SBOREN is disabled)" value="2"/>
            <ConfigFieldValue name="SOFT" desc="Brown-out Reset enabled and controlled by software (SBOREN is enabled)" value="1"/>
            <ConfigFieldValue name="OFF" desc="Brown-out Reset disabled in hardware and software" value="0"/>
         </ConfigField>
         <ConfigField name="BORV" desc="Brown-out Reset Voltage bits" default="3" ishidden="false" nop_marker="false">
            <ConfigFieldValue name="3" desc="Minimum setting" value="3"/>
            <ConfigFieldValue name="2" desc="" value="2"/>
            <ConfigFieldValue name="1" desc="" value="1"/>
            <ConfigFieldValue name="0" desc="Maximum setting" value="0"/>
         </ConfigField>
         <ConfigField name="VREGEN" desc="USB Voltage Regulator Enable bit" default="0" ishidden="false" nop_marker="false">
            <ConfigFieldValue name="ON" desc="USB voltage regulator enabled" value="1"/>
            <ConfigFieldValue name="OFF" desc="USB voltage regulator disabled" value="0"/>
         </ConfigField>
      </ConfigByte>
      <ConfigByte name="CONFIG2H">
         <ConfigField name="WDT" desc="Watchdog Timer Enable bit" default="1" ishidden="false" nop_marker="false">
            <ConfigFieldValue name="ON" desc="WDT enabled" value="1"/>
            <ConfigFieldValue name="OFF" desc="WDT disabled (control is placed on the SWDTEN bit)" value="0"/>
         </ConfigField>
         <ConfigField name="WDTPS" desc="Watchdog Timer Postscale Select bits" default="15" ishidden="false" nop_marker="false">
            <ConfigFieldValue name="32768" desc="1:32768" value="15"/>
            <ConfigFieldValue name="16384" desc="1:16384" value="14"/>
            <ConfigFieldValue name="8192" desc="1:8192" value="13"/>
            <ConfigFieldValue name="4096" desc="1:4096" value="12"/>
            <ConfigFieldValue name="2048" desc="1:2048" value="11"/>
            <ConfigFieldValue name="1024" desc="1:1024" value="10"/>
            <ConfigFieldValue name="512" desc="1:512" value="9"/>
            <ConfigFieldValue name="256" desc="1:256" value="8"/>
            <ConfigFieldValue name="128" desc="1:128" value="7"/>
            <ConfigFieldValue name="64" desc="1:64" value="6"/>
            <ConfigFieldValue name="32" desc="1:32" value="5"/>
            <ConfigFieldValue name="16" desc="1:16" value="4"/>
            <ConfigFieldValue name="8" desc="1:8" value="3"/>
            <ConfigFieldValue name="4" desc="1:4" value="2"/>
            <ConfigFieldValue name="2" desc="1:2" value="1"/>
            <ConfigFieldValue name="1" desc="1:1" value="0"/>
         </ConfigField>
      </ConfigByte>
      <ConfigByte/>
      <ConfigByte name="CONFIG3H">
         <ConfigField name="CCP2MX" desc="CCP2 MUX bit" default="1" ishidden="false" nop_marker="false">
            <ConfigFieldValue name="ON" desc="CCP2 input/output is multiplexed with RC1" value="1"/>
            <ConfigFieldValue name="OFF" desc="CCP2 input/output is multiplexed with RB3" value="0"/>
         </ConfigField>
         <ConfigField name="PBADEN" desc="PORTB A/D Enable bit" default="1" ishidden="false" nop_marker="false">
            <ConfigFieldValue name="ON" desc="PORTB&lt;4:0> pins are configured as analog input channels on Reset" value="1"/>
            <ConfigFieldValue name="OFF" desc="PORTB&lt;4:0> pins are configured as digital I/O on Reset" value="0"/>
         </ConfigField>
         <ConfigField name="LPT1OSC" desc="Low-Power Timer 1 Oscillator Enable bit" default="0" ishidden="false" nop_marker="false">
            <ConfigFieldValue name="ON" desc="Timer1 configured for low-power operation" value="1"/>
            <ConfigFieldValue name="OFF" desc="Timer1 configured for higher power operation" value="0"/>
         </ConfigField>
         <ConfigField name="-" desc="" default="0" ishidden="false" nop_marker="false"/>
         <ConfigField name="MCLRE" desc="MCLR Pin Enable bit" default="1" ishidden="false" nop_marker="false">
            <ConfigFieldValue name="ON" desc="MCLR pin enabled; RE3 input pin disabled" value="1"/>
            <ConfigFieldValue name="OFF" desc="RE3 input pin enabled; MCLR pin disabled" value="0"/>
         </ConfigField>
      </ConfigByte>
      <ConfigByte name="CONFIG4L">
         <ConfigField name="STVREN" desc="Stack Full/Underflow Reset Enable bit" default="1" ishidden="false" nop_marker="false">
            <ConfigFieldValue name="ON" desc="Stack full/underflow will cause Reset" value="1"/>
            <ConfigFieldValue name="OFF" desc="Stack full/underflow will not cause Reset" value="0"/>
         </ConfigField>
         <ConfigField name="-" desc="" default="0" ishidden="false" nop_marker="false"/>
         <ConfigField name="LVP" desc="Single-Supply ICSP Enable bit" default="1" ishidden="false" nop_marker="false">
            <ConfigFieldValue name="ON" desc="Single-Supply ICSP enabled" value="1"/>
            <ConfigFieldValue name="OFF" desc="Single-Supply ICSP disabled" value="0"/>
         </ConfigField>
         <ConfigField name="-" desc="" default="0" ishidden="false" nop_marker="false"/>
         <ConfigField name="ICPRT" desc="Dedicated In-Circuit Debug/Programming Port (ICPORT) Enable bit" default="0" ishidden="false" nop_marker="false">
            <ConfigFieldValue name="ON" desc="ICPORT enabled" value="1"/>
            <ConfigFieldValue name="OFF" desc="ICPORT disabled" value="0"/>
         </ConfigField>
         <ConfigField name="XINST" desc="Extended Instruction Set Enable bit" default="0" ishidden="false" nop_marker="false">
            <ConfigFieldValue name="ON" desc="Instruction set extension and Indexed Addressing mode enabled" value="1"/>
            <ConfigFieldValue name="OFF" desc="Instruction set extension and Indexed Addressing mode disabled (Legacy mode)" value="0"/>
         </ConfigField>
         <ConfigField name="DEBUG" desc="Background Debugger Enable bit" default="1" ishidden="false" nop_marker="false">
            <ConfigFieldValue name="OFF" desc="Background debugger disabled, RB6 and RB7 configured as general purpose I/O pins" value="1"/>
            <ConfigFieldValue name="ON" desc="Background debugger enabled, RB6 and RB7 are dedicated to In-Circuit Debug" value="0"/>
         </ConfigField>
      </ConfigByte>
      <ConfigByte/>
      <ConfigByte name="CONFIG5L">
         <ConfigField name="CP0" desc="Code Protection bit" default="1" ishidden="false" nop_marker="false">
            <ConfigFieldValue name="OFF" desc="Block 0 (000800-001FFFh) is not code-protected" value="1"/>
            <ConfigFieldValue name="ON" desc="Block 0 (000800-001FFFh) is code-protected" value="0"/>
         </ConfigField>
         <ConfigField name="CP1" desc="Code Protection bit" default="1" ishidden="false" nop_marker="false">
            <ConfigFieldValue name="OFF" desc="Block 1 (002000-003FFFh) is not code-protected" value="1"/>
            <ConfigFieldValue name="ON" desc="Block 1 (002000-003FFFh) is code-protected" value="0"/>
         </ConfigField>
         <ConfigField name="CP2" desc="Code Protection bit" default="1" ishidden="false" nop_marker="false">
            <ConfigFieldValue name="OFF" desc="Block 2 (004000-005FFFh) is not code-protected" value="1"/>
            <ConfigFieldValue name="ON" desc="Block 2 (004000-005FFFh) is code-protected" value="0"/>
         </ConfigField>
         <ConfigField name="CP3" desc="Code Protection bit" default="1" ishidden="false" nop_marker="false">
            <ConfigFieldValue name="OFF" desc="Block 3 (006000-007FFFh) is not code-protected" value="1"/>
            <ConfigFieldValue name="ON" desc="Block 3 (006000-007FFFh) is code-protected" value="0"/>
         </ConfigField>
      </ConfigByte>
      <ConfigByte name="CONFIG5H">
         <ConfigField name="-" desc="" default="0" ishidden="false" nop_marker="false"/>
         <ConfigField name="CPB" desc="Boot Block Code Protection bit" default="1" ishidden="false" nop_marker="false">
            <ConfigFieldValue name="OFF" desc="Boot block (000000-0007FFh) is not code-protected" value="1"/>
            <ConfigFieldValue name="ON" desc="Boot block (000000-0007FFh) is code-protected" value="0"/>
         </ConfigField>
         <ConfigField name="CPD" desc="Data EEPROM Code Protection bit" default="1" ishidden="false" nop_marker="false">
            <ConfigFieldValue name="OFF" desc="Data EEPROM is not code-protected" value="1"/>
            <ConfigFieldValue name="ON" desc="Data EEPROM is code-protected" value="0"/>
         </ConfigField>
      </ConfigByte>
      <ConfigByte name="CONFIG6L">
         <ConfigField name="WRT0" desc="Write Protection bit" default="1" ishidden="false" nop_marker="false">
            <ConfigFieldValue name="OFF" desc="Block 0 (000800-001FFFh) is not write-protected" value="1"/>
            <ConfigFieldValue name="ON" desc="Block 0 (000800-001FFFh) is write-protected" value="0"/>
         </ConfigField>
         <ConfigField name="WRT1" desc="Write Protection bit" default="1" ishidden="false" nop_marker="false">
            <ConfigFieldValue name="OFF" desc="Block 1 (002000-003FFFh) is not write-protected" value="1"/>
            <ConfigFieldValue name="ON" desc="Block 1 (002000-003FFFh) is write-protected" value="0"/>
         </ConfigField>
         <ConfigField name="WRT2" desc="Write Protection bit" default="1" ishidden="false" nop_marker="false">
            <ConfigFieldValue name="OFF" desc="Block 2 (004000-005FFFh) is not write-protected" value="1"/>
            <ConfigFieldValue name="ON" desc="Block 2 (004000-005FFFh) is write-protected" value="0"/>
         </ConfigField>
         <ConfigField name="WRT3" desc="Write Protection bit" default="1" ishidden="false" nop_marker="false">
            <ConfigFieldValue name="OFF" desc="Block 3 (006000-007FFFh) is not write-protected" value="1"/>
            <ConfigFieldValue name="ON" desc="Block 3 (006000-007FFFh) is write-protected" value="0"/>
         </ConfigField>
      </ConfigByte>
      <ConfigByte name="CONFIG6H">
         <ConfigField name="-" desc="" default="0" ishidden="false" nop_marker="false"/>
         <ConfigField name="WRTC" desc="Configuration Register Write Protection bit" default="1" ishidden="false" nop_marker="false">
            <ConfigFieldValue name="OFF" desc="Configuration registers (300000-3000FFh) are not write-protected" value="1"/>
            <ConfigFieldValue name="ON" desc="Configuration registers (300000-3000FFh) are write-protected" value="0"/>
         </ConfigField>
         <ConfigField name="WRTB" desc="Boot Block Write Protection bit" default="1" ishidden="false" nop_marker="false">
            <ConfigFieldValue name="OFF" desc="Boot block (000000-0007FFh) is not write-protected" value="1"/>
            <ConfigFieldValue name="ON" desc="Boot block (000000-0007FFh) is write-protected" value="0"/>
         </ConfigField>
         <ConfigField name="WRTD" desc="Data EEPROM Write Protection bit" default="1" ishidden="false" nop_marker="false">
            <ConfigFieldValue name="OFF" desc="Data EEPROM is not write-protected" value="1"/>
            <ConfigFieldValue name="ON" desc="Data EEPROM is write-protected" value="0"/>
         </ConfigField>
      </ConfigByte>
      <ConfigByte name="CONFIG7L">
         <ConfigField name="EBTR0" desc="Table Read Protection bit" default="1" ishidden="false" nop_marker="false">
            <ConfigFieldValue name="OFF" desc="Block 0 (000800-001FFFh) is not protected from table reads executed in other blocks" value="1"/>
            <ConfigFieldValue name="ON" desc="Block 0 (000800-001FFFh) is protected from table reads executed in other blocks" value="0"/>
         </ConfigField>
         <ConfigField name="EBTR1" desc="Table Read Protection bit" default="1" ishidden="false" nop_marker="false">
            <ConfigFieldValue name="OFF" desc="Block 1 (002000-003FFFh) is not protected from table reads executed in other blocks" value="1"/>
            <ConfigFieldValue name="ON" desc="Block 1 (002000-003FFFh) is protected from table reads executed in other blocks" value="0"/>
         </ConfigField>
         <ConfigField name="EBTR2" desc="Table Read Protection bit" default="1" ishidden="false" nop_marker="false">
            <ConfigFieldValue name="OFF" desc="Block 2 (004000-005FFFh) is not protected from table reads executed in other blocks" value="1"/>
            <ConfigFieldValue name="ON" desc="Block 2 (004000-005FFFh) is protected from table reads executed in other blocks" value="0"/>
         </ConfigField>
         <ConfigField name="EBTR3" desc="Table Read Protection bit" default="1" ishidden="false" nop_marker="false">
            <ConfigFieldValue name="OFF" desc="Block 3 (006000-007FFFh) is not protected from table reads executed in other blocks" value="1"/>
            <ConfigFieldValue name="ON" desc="Block 3 (006000-007FFFh) is protected from table reads executed in other blocks" value="0"/>
         </ConfigField>
      </ConfigByte>
      <ConfigByte name="CONFIG7H">
         <ConfigField name="-" desc="" default="0" ishidden="false" nop_marker="false"/>
         <ConfigField name="EBTRB" desc="Boot Block Table Read Protection bit" default="1" ishidden="false" nop_marker="false">
            <ConfigFieldValue name="OFF" desc="Boot block (000000-0007FFh) is not protected from table reads executed in other blocks" value="1"/>
            <ConfigFieldValue name="ON" desc="Boot block (000000-0007FFh) is protected from table reads executed in other blocks" value="0"/>
         </ConfigField>
      </ConfigByte>
   </ConfigBits>
   <ReversedTypes>
      <ReversedType name="tAD"/>
      <ReversedType name="tCCP"/>
      <ReversedType name="tTMR0"/>
      <ReversedType name="tTMR16"/>
      <ReversedType name="tTMR8"/>
      <ReversedType name="tUFRM"/>
   </ReversedTypes>
   <Timers16Bit>
      <Timer number="0"/>
      <Timer number="1"/>
      <Timer number="3"/>
   </Timers16Bit>
   <DataSpaces>
      <GPR_DataSpace beginaddr="0" endaddr="1024"/>
      <DPR_DataSpace beginaddr="1024" endaddr="2048"/>
      <SFR_DataSpace beginaddr="3936" endaddr="4096"/>
   </DataSpaces>
</Microcontroller>
