<?xml version="1.0" encoding="UTF-8"?>
<Microcontroller name="PIC18F13K50">
   <Generator program="pic18x_include_file_generator.exe"/>
   <Source filename="PIC18F13K50.PIC" mplabx_version="v3.55" filedate="2017-02-22"/>
   <CPUInfo>
      <Chip name="PIC18F13K50" is_extended="true" first_access_bank_absolute_address="3936" rom_size="8192" alt_shared_addr_test="0"/>
      <EEPROM size="256" eeadr="4009" eeadrh="0" eecon1="4006" eecon2="4007" eedata="4008"/>
      <IPEN_Location sfr="RCON" bit="7"/>
      <SFR name="UEP0" addr="3923"/>
      <SFR name="UEP1" addr="3924"/>
      <SFR name="UEP2" addr="3925"/>
      <SFR name="UEP3" addr="3926"/>
      <SFR name="UEP4" addr="3927"/>
      <SFR name="UEP5" addr="3928"/>
      <SFR name="UEP6" addr="3929"/>
      <SFR name="UEP7" addr="3930"/>
      <SFR name="UEIE" addr="3931"/>
      <SFR name="UADDR" addr="3932"/>
      <SFR name="UFRML" addr="3933"/>
      <SFR name="UFRMH" addr="3934"/>
      <SFR name="UEIR" addr="3935"/>
      <SFR name="UIE" addr="3936"/>
      <SFR name="UCFG" addr="3937"/>
      <SFR name="UIR" addr="3938"/>
      <SFR name="USTAT" addr="3939"/>
      <SFR name="UCON" addr="3940"/>
      <SFR name="SRCON0" addr="3944"/>
      <SFR name="SRCON1" addr="3945"/>
      <SFR name="CM2CON0" addr="3947"/>
      <SFR name="CM2CON1" addr="3948"/>
      <SFR name="CM1CON0" addr="3949"/>
      <SFR name="SSPMSK" addr="3951"/>
      <SFR name="SLRCON" addr="3958"/>
      <SFR name="WPUA" addr="3959"/>
      <SFR name="WPUB" addr="3960"/>
      <SFR name="IOCA" addr="3961"/>
      <SFR name="IOCB" addr="3962"/>
      <SFR name="ANSEL" addr="3966"/>
      <SFR name="ANSELH" addr="3967"/>
      <SFR name="PORTA" addr="3968"/>
      <SFR name="PORTB" addr="3969"/>
      <SFR name="PORTC" addr="3970"/>
      <SFR name="LATA" addr="3977"/>
      <SFR name="LATB" addr="3978"/>
      <SFR name="LATC" addr="3979"/>
      <SFR name="TRISA" addr="3986"/>
      <SFR name="TRISB" addr="3987"/>
      <SFR name="TRISC" addr="3988"/>
      <SFR name="OSCTUNE" addr="3995"/>
      <SFR name="PIE1" addr="3997"/>
      <SFR name="PIR1" addr="3998"/>
      <SFR name="IPR1" addr="3999"/>
      <SFR name="PIE2" addr="4000"/>
      <SFR name="PIR2" addr="4001"/>
      <SFR name="IPR2" addr="4002"/>
      <SFR name="RCSTA" addr="4011"/>
      <SFR name="TXSTA" addr="4012"/>
      <SFR name="TXREG" addr="4013"/>
      <SFR name="RCREG" addr="4014"/>
      <SFR name="SPBRG" addr="4015"/>
      <SFR name="SPBRGH" addr="4016"/>
      <SFR name="T3CON" addr="4017"/>
      <SFR name="TMR3L" addr="4018"/>
      <SFR name="TMR3H" addr="4019"/>
      <SFR name="ECCP1AS" addr="4022"/>
      <SFR name="PWM1CON" addr="4023"/>
      <SFR name="BAUDCON" addr="4024"/>
      <SFR name="PSTRCON" addr="4025"/>
      <SFR name="REFCON0" addr="4026"/>
      <SFR name="REFCON1" addr="4027"/>
      <SFR name="REFCON2" addr="4028"/>
      <SFR name="CCP1CON" addr="4029"/>
      <SFR name="CCPR1L" addr="4030"/>
      <SFR name="CCPR1H" addr="4031"/>
      <SFR name="ADCON2" addr="4032"/>
      <SFR name="ADCON1" addr="4033"/>
      <SFR name="ADCON0" addr="4034"/>
      <SFR name="ADRESL" addr="4035"/>
      <SFR name="ADRESH" addr="4036"/>
      <SFR name="SSPCON2" addr="4037"/>
      <SFR name="SSPCON1" addr="4038"/>
      <SFR name="SSPSTAT" addr="4039"/>
      <SFR name="SSPADD" addr="4040"/>
      <SFR name="SSPBUF" addr="4041"/>
      <SFR name="T2CON" addr="4042"/>
      <SFR name="PR2" addr="4043"/>
      <SFR name="TMR2" addr="4044"/>
      <SFR name="T1CON" addr="4045"/>
      <SFR name="TMR1L" addr="4046"/>
      <SFR name="TMR1H" addr="4047"/>
      <SFR name="RCON" addr="4048"/>
      <SFR name="WDTCON" addr="4049"/>
      <SFR name="OSCCON2" addr="4050"/>
      <SFR name="OSCCON" addr="4051"/>
      <SFR name="T0CON" addr="4053"/>
      <SFR name="TMR0L" addr="4054"/>
      <SFR name="TMR0H" addr="4055"/>
      <SFR name="INTCON3" addr="4080"/>
      <SFR name="INTCON2" addr="4081"/>
      <SFR name="INTCON" addr="4082"/>
   </CPUInfo>
   <ConfigBits start_addr="3145728" end_addr="3145741">
      <ConfigByte name="CONFIG1L" addr="3145728">
         <ConfigField name="-" desc="" default="0" ishidden="false" nop_marker="false"/>
         <ConfigField name="CPUDIV" desc="CPU System Clock Selection bits" default="0" ishidden="false" nop_marker="false">
            <ConfigFieldValue name="CLKDIV4" desc="CPU System Clock divided by 4" value="3"/>
            <ConfigFieldValue name="CLKDIV3" desc="CPU System Clock divided by 3" value="2"/>
            <ConfigFieldValue name="CLKDIV2" desc="CPU System Clock divided by 2" value="1"/>
            <ConfigFieldValue name="NOCLKDIV" desc="No CPU System Clock divide" value="0"/>
         </ConfigField>
         <ConfigField name="USBDIV" desc="USB Clock Selection bit" default="0" ishidden="false" nop_marker="false">
            <ConfigFieldValue name="ON" desc="USB clock comes from the OSC1/OSC2 divided by 2" value="1"/>
            <ConfigFieldValue name="OFF" desc="USB clock comes directly from the OSC1/OSC2 oscillator block; no divide" value="0"/>
         </ConfigField>
         <ConfigField name="-" desc="" default="0" ishidden="false" nop_marker="false"/>
         <ConfigField name="-" desc="" default="0" ishidden="false" nop_marker="false"/>
      </ConfigByte>
      <ConfigByte name="CONFIG1H" addr="3145729">
         <ConfigField name="FOSC" desc="Oscillator Selection bits" default="7" ishidden="false" nop_marker="false">
            <ConfigFieldValue name="ECL" desc="EC (low)" value="13"/>
            <ConfigFieldValue name="ECCLKOUTL" desc="EC, CLKOUT function on OSC2 (low)" value="12"/>
            <ConfigFieldValue name="ECM" desc="EC (medium)" value="11"/>
            <ConfigFieldValue name="ECCLKOUTM" desc="EC, CLKOUT function on OSC2 (medium)" value="10"/>
            <ConfigFieldValue name="IRCCLKOUT" desc="Internal RC oscillator, CLKOUT function on OSC2" value="9"/>
            <ConfigFieldValue name="IRC" desc="Internal RC oscillator" value="8"/>
            <ConfigFieldValue name="ERC" desc="External RC oscillator" value="7"/>
            <ConfigFieldValue name="ECH" desc="EC (high)" value="5"/>
            <ConfigFieldValue name="ECCLKOUTH" desc="EC, CLKOUT function on OSC2 (high)" value="4"/>
            <ConfigFieldValue name="ERCCLKOUT" desc="External RC oscillator, CLKOUT function on OSC2" value="3"/>
            <ConfigFieldValue name="HS" desc="HS oscillator" value="2"/>
            <ConfigFieldValue name="XT" desc="XT oscillator" value="1"/>
            <ConfigFieldValue name="LP" desc="LP oscillator" value="0"/>
         </ConfigField>
         <ConfigField name="PLLEN" desc="4 X PLL Enable bit" default="0" ishidden="false" nop_marker="false">
            <ConfigFieldValue name="ON" desc="Oscillator multiplied by 4" value="1"/>
            <ConfigFieldValue name="OFF" desc="PLL is under software control" value="0"/>
         </ConfigField>
         <ConfigField name="PCLKEN" desc="Primary Clock Enable bit" default="1" ishidden="false" nop_marker="false">
            <ConfigFieldValue name="ON" desc="Primary clock enabled" value="1"/>
            <ConfigFieldValue name="OFF" desc="Primary clock is under software control" value="0"/>
         </ConfigField>
         <ConfigField name="FCMEN" desc="Fail-Safe Clock Monitor Enable" default="0" ishidden="false" nop_marker="false">
            <ConfigFieldValue name="ON" desc="Fail-Safe Clock Monitor enabled" value="1"/>
            <ConfigFieldValue name="OFF" desc="Fail-Safe Clock Monitor disabled" value="0"/>
         </ConfigField>
         <ConfigField name="IESO" desc="Internal/External Oscillator Switchover bit" default="0" ishidden="false" nop_marker="false">
            <ConfigFieldValue name="ON" desc="Oscillator Switchover mode enabled" value="1"/>
            <ConfigFieldValue name="OFF" desc="Oscillator Switchover mode disabled" value="0"/>
         </ConfigField>
      </ConfigByte>
      <ConfigByte name="CONFIG2L" addr="3145730">
         <ConfigField name="PWRTEN" desc="Power-up Timer Enable bit" default="1" ishidden="false" nop_marker="false">
            <ConfigFieldValue name="OFF" desc="PWRT disabled" value="1"/>
            <ConfigFieldValue name="ON" desc="PWRT enabled" value="0"/>
         </ConfigField>
         <ConfigField name="BOREN" desc="Brown-out Reset Enable bits" default="3" ishidden="false" nop_marker="false">
            <ConfigFieldValue name="SBORDIS" desc="Brown-out Reset enabled in hardware only (SBOREN is disabled)" value="3"/>
            <ConfigFieldValue name="NOSLP" desc="Brown-out Reset enabled in hardware only and disabled in Sleep mode (SBOREN is disabled)" value="2"/>
            <ConfigFieldValue name="ON" desc="Brown-out Reset enabled and controlled by software (SBOREN is enabled)" value="1"/>
            <ConfigFieldValue name="OFF" desc="Brown-out Reset disabled in hardware and software" value="0"/>
         </ConfigField>
         <ConfigField name="BORV" desc="Brown-out Reset Voltage bits" default="3" ishidden="false" nop_marker="false">
            <ConfigFieldValue name="19" desc="VBOR set to 1.9 V nominal" value="3"/>
            <ConfigFieldValue name="22" desc="VBOR set to 2.2 V nominal" value="2"/>
            <ConfigFieldValue name="27" desc="VBOR set to 2.7 V nominal" value="1"/>
            <ConfigFieldValue name="30" desc="VBOR set to 3.0 V nominal" value="0"/>
         </ConfigField>
      </ConfigByte>
      <ConfigByte name="CONFIG2H" addr="3145731">
         <ConfigField name="WDTEN" desc="Watchdog Timer Enable bit" default="1" ishidden="false" nop_marker="false">
            <ConfigFieldValue name="ON" desc="WDT is always enabled. SWDTEN bit has no effect." value="1"/>
            <ConfigFieldValue name="OFF" desc="WDT is controlled by SWDTEN bit of the WDTCON register" value="0"/>
         </ConfigField>
         <ConfigField name="WDTPS" desc="Watchdog Timer Postscale Select bits" default="15" ishidden="false" nop_marker="false">
            <ConfigFieldValue name="32768" desc="1:32768" value="15"/>
            <ConfigFieldValue name="16384" desc="1:16384" value="14"/>
            <ConfigFieldValue name="8192" desc="1:8192" value="13"/>
            <ConfigFieldValue name="4096" desc="1:4096" value="12"/>
            <ConfigFieldValue name="2048" desc="1:2048" value="11"/>
            <ConfigFieldValue name="1024" desc="1:1024" value="10"/>
            <ConfigFieldValue name="512" desc="1:512" value="9"/>
            <ConfigFieldValue name="256" desc="1:256" value="8"/>
            <ConfigFieldValue name="128" desc="1:128" value="7"/>
            <ConfigFieldValue name="64" desc="1:64" value="6"/>
            <ConfigFieldValue name="32" desc="1:32" value="5"/>
            <ConfigFieldValue name="16" desc="1:16" value="4"/>
            <ConfigFieldValue name="8" desc="1:8" value="3"/>
            <ConfigFieldValue name="4" desc="1:4" value="2"/>
            <ConfigFieldValue name="2" desc="1:2" value="1"/>
            <ConfigFieldValue name="1" desc="1:1" value="0"/>
         </ConfigField>
      </ConfigByte>
      <ConfigByte/>
      <ConfigByte name="CONFIG3H" addr="3145733">
         <ConfigField name="-" desc="" default="0" ishidden="false" nop_marker="false"/>
         <ConfigField name="-" desc="" default="0" ishidden="false" nop_marker="false"/>
         <ConfigField name="-" desc="" default="0" ishidden="false" nop_marker="false"/>
         <ConfigField name="HFOFST" desc="HFINTOSC Fast Start-up bit" default="1" ishidden="false" nop_marker="false">
            <ConfigFieldValue name="ON" desc="HFINTOSC starts clocking the CPU without waiting for the oscillator to stablize." value="1"/>
            <ConfigFieldValue name="OFF" desc="The system clock is held off until the HFINTOSC is stable." value="0"/>
         </ConfigField>
         <ConfigField name="-" desc="" default="0" ishidden="false" nop_marker="false"/>
         <ConfigField name="MCLRE" desc="MCLR Pin Enable bit" default="1" ishidden="false" nop_marker="false">
            <ConfigFieldValue name="ON" desc="MCLR pin enabled; RA3 input pin disabled" value="1"/>
            <ConfigFieldValue name="OFF" desc="RA3 input pin enabled; MCLR disabled" value="0"/>
         </ConfigField>
      </ConfigByte>
      <ConfigByte name="CONFIG4L" addr="3145734">
         <ConfigField name="STVREN" desc="Stack Full/Underflow Reset Enable bit" default="1" ishidden="false" nop_marker="false">
            <ConfigFieldValue name="ON" desc="Stack full/underflow will cause Reset" value="1"/>
            <ConfigFieldValue name="OFF" desc="Stack full/underflow will not cause Reset" value="0"/>
         </ConfigField>
         <ConfigField name="-" desc="" default="0" ishidden="false" nop_marker="false"/>
         <ConfigField name="LVP" desc="Single-Supply ICSP Enable bit" default="1" ishidden="false" nop_marker="false">
            <ConfigFieldValue name="ON" desc="Single-Supply ICSP enabled" value="1"/>
            <ConfigFieldValue name="OFF" desc="Single-Supply ICSP disabled" value="0"/>
         </ConfigField>
         <ConfigField name="BBSIZ" desc="Boot Block Size Select bit" default="0" ishidden="false" nop_marker="false">
            <ConfigFieldValue name="ON" desc="1kW boot block size" value="1"/>
            <ConfigFieldValue name="OFF" desc="512W boot block size" value="0"/>
         </ConfigField>
         <ConfigField name="-" desc="" default="0" ishidden="false" nop_marker="false"/>
         <ConfigField name="XINST" desc="Extended Instruction Set Enable bit" default="0" ishidden="false" nop_marker="false">
            <ConfigFieldValue name="ON" desc="Instruction set extension and Indexed Addressing mode enabled" value="1"/>
            <ConfigFieldValue name="OFF" desc="Instruction set extension and Indexed Addressing mode disabled (Legacy mode)" value="0"/>
         </ConfigField>
         <ConfigField name="DEBUG" desc="Background Debugger Enable bit" default="1" ishidden="false" nop_marker="false">
            <ConfigFieldValue name="OFF" desc="Background debugger disabled, RA0 and RA1 configured as general purpose I/O pins" value="1"/>
            <ConfigFieldValue name="ON" desc="Background debugger enabled, RA0 and RA1 are dedicated to In-Circuit Debug" value="0"/>
         </ConfigField>
      </ConfigByte>
      <ConfigByte/>
      <ConfigByte name="CONFIG5L" addr="3145736">
         <ConfigField name="CP0" desc="Code Protection bit" default="1" ishidden="false" nop_marker="false">
            <ConfigFieldValue name="OFF" desc="Block 0 not code-protected" value="1"/>
            <ConfigFieldValue name="ON" desc="Block 0 code-protected" value="0"/>
         </ConfigField>
         <ConfigField name="CP1" desc="Code Protection bit" default="1" ishidden="false" nop_marker="false">
            <ConfigFieldValue name="OFF" desc="Block 1 not code-protected" value="1"/>
            <ConfigFieldValue name="ON" desc="Block 1 code-protected" value="0"/>
         </ConfigField>
      </ConfigByte>
      <ConfigByte name="CONFIG5H" addr="3145737">
         <ConfigField name="-" desc="" default="0" ishidden="false" nop_marker="false"/>
         <ConfigField name="CPB" desc="Boot Block Code Protection bit" default="1" ishidden="false" nop_marker="false">
            <ConfigFieldValue name="OFF" desc="Boot block not code-protected" value="1"/>
            <ConfigFieldValue name="ON" desc="Boot block code-protected" value="0"/>
         </ConfigField>
         <ConfigField name="CPD" desc="Data EEPROM Code Protection bit" default="1" ishidden="false" nop_marker="false">
            <ConfigFieldValue name="OFF" desc="Data EEPROM not code-protected" value="1"/>
            <ConfigFieldValue name="ON" desc="Data EEPROM code-protected" value="0"/>
         </ConfigField>
      </ConfigByte>
      <ConfigByte name="CONFIG6L" addr="3145738">
         <ConfigField name="WRT0" desc="Table Write Protection bit" default="1" ishidden="false" nop_marker="false">
            <ConfigFieldValue name="OFF" desc="Block 0 not write-protected" value="1"/>
            <ConfigFieldValue name="ON" desc="Block 0 write-protected" value="0"/>
         </ConfigField>
         <ConfigField name="WRT1" desc="Table Write Protection bit" default="1" ishidden="false" nop_marker="false">
            <ConfigFieldValue name="OFF" desc="Block 1 not write-protected" value="1"/>
            <ConfigFieldValue name="ON" desc="Block 1 write-protected" value="0"/>
         </ConfigField>
      </ConfigByte>
      <ConfigByte name="CONFIG6H" addr="3145739">
         <ConfigField name="-" desc="" default="0" ishidden="false" nop_marker="false"/>
         <ConfigField name="WRTC" desc="Configuration Register Write Protection bit" default="1" ishidden="false" nop_marker="false">
            <ConfigFieldValue name="OFF" desc="Configuration registers not write-protected" value="1"/>
            <ConfigFieldValue name="ON" desc="Configuration registers write-protected" value="0"/>
         </ConfigField>
         <ConfigField name="WRTB" desc="Boot Block Write Protection bit" default="1" ishidden="false" nop_marker="false">
            <ConfigFieldValue name="OFF" desc="Boot block not write-protected" value="1"/>
            <ConfigFieldValue name="ON" desc="Boot block write-protected" value="0"/>
         </ConfigField>
         <ConfigField name="WRTD" desc="Data EEPROM Write Protection bit" default="1" ishidden="false" nop_marker="false">
            <ConfigFieldValue name="OFF" desc="Data EEPROM not write-protected" value="1"/>
            <ConfigFieldValue name="ON" desc="Data EEPROM write-protected" value="0"/>
         </ConfigField>
      </ConfigByte>
      <ConfigByte name="CONFIG7L" addr="3145740">
         <ConfigField name="EBTR0" desc="Table Read Protection bit" default="1" ishidden="false" nop_marker="false">
            <ConfigFieldValue name="OFF" desc="Block 0 not protected from table reads executed in other blocks" value="1"/>
            <ConfigFieldValue name="ON" desc="Block 0 protected from table reads executed in other blocks" value="0"/>
         </ConfigField>
         <ConfigField name="EBTR1" desc="Table Read Protection bit" default="1" ishidden="false" nop_marker="false">
            <ConfigFieldValue name="OFF" desc="Block 1 not protected from table reads executed in other blocks" value="1"/>
            <ConfigFieldValue name="ON" desc="Block 1 protected from table reads executed in other blocks" value="0"/>
         </ConfigField>
      </ConfigByte>
      <ConfigByte name="CONFIG7H" addr="3145741">
         <ConfigField name="-" desc="" default="0" ishidden="false" nop_marker="false"/>
         <ConfigField name="EBTRB" desc="Boot Block Table Read Protection bit" default="1" ishidden="false" nop_marker="false">
            <ConfigFieldValue name="OFF" desc="Boot block not protected from table reads executed in other blocks" value="1"/>
            <ConfigFieldValue name="ON" desc="Boot block protected from table reads executed in other blocks" value="0"/>
         </ConfigField>
      </ConfigByte>
   </ConfigBits>
   <ReversedTypes>
      <ReversedType name="tAD"/>
      <ReversedType name="tCCP"/>
      <ReversedType name="tTMR0"/>
      <ReversedType name="tTMR16"/>
      <ReversedType name="tTMR8"/>
      <ReversedType name="tUFRM"/>
   </ReversedTypes>
   <Timers16Bit>
      <Timer number="0"/>
      <Timer number="1"/>
      <Timer number="3"/>
   </Timers16Bit>
   <DataSpaces>
      <GPR_DataSpace beginaddr="0" endaddr="256"/>
      <DPR_DataSpace beginaddr="512" endaddr="768"/>
      <SFR_DataSpace beginaddr="3923" endaddr="4096"/>
   </DataSpaces>
</Microcontroller>
