<?xml version="1.0" encoding="UTF-8"?>
<Microcontroller name="PIC18LF4585">
   <Generator program="pic18x_include_file_generator.exe"/>
   <Source filename="PIC18LF4585.PIC" mplabx_version="v3.26" filedate="2016-03-02"/>
   <CPUInfo>
      <Chip name="PIC18LF4585" is_extended="true" first_access_bank_absolute_address="3936" rom_size="49152" alt_shared_addr_test="0"/>
      <EEPROM size="1024" eeadr="4009" eeadrh="4010" eecon1="4006" eecon2="4007" eedata="4008"/>
      <SFR name="RXF6SIDH" addr="3424"/>
      <SFR name="RXF6SIDL" addr="3425"/>
      <SFR name="RXF6EIDH" addr="3426"/>
      <SFR name="RXF6EIDL" addr="3427"/>
      <SFR name="RXF7SIDH" addr="3428"/>
      <SFR name="RXF7SIDL" addr="3429"/>
      <SFR name="RXF7EIDH" addr="3430"/>
      <SFR name="RXF7EIDL" addr="3431"/>
      <SFR name="RXF8SIDH" addr="3432"/>
      <SFR name="RXF8SIDL" addr="3433"/>
      <SFR name="RXF8EIDH" addr="3434"/>
      <SFR name="RXF8EIDL" addr="3435"/>
      <SFR name="RXF9SIDH" addr="3440"/>
      <SFR name="RXF9SIDL" addr="3441"/>
      <SFR name="RXF9EIDH" addr="3442"/>
      <SFR name="RXF9EIDL" addr="3443"/>
      <SFR name="RXF10SIDH" addr="3444"/>
      <SFR name="RXF10SIDL" addr="3445"/>
      <SFR name="RXF10EIDH" addr="3446"/>
      <SFR name="RXF10EIDL" addr="3447"/>
      <SFR name="RXF11SIDH" addr="3448"/>
      <SFR name="RXF11SIDL" addr="3449"/>
      <SFR name="RXF11EIDH" addr="3450"/>
      <SFR name="RXF11EIDL" addr="3451"/>
      <SFR name="RXF12SIDH" addr="3456"/>
      <SFR name="RXF12SIDL" addr="3457"/>
      <SFR name="RXF12EIDH" addr="3458"/>
      <SFR name="RXF12EIDL" addr="3459"/>
      <SFR name="RXF13SIDH" addr="3460"/>
      <SFR name="RXF13SIDL" addr="3461"/>
      <SFR name="RXF13EIDH" addr="3462"/>
      <SFR name="RXF13EIDL" addr="3463"/>
      <SFR name="RXF14SIDH" addr="3464"/>
      <SFR name="RXF14SIDL" addr="3465"/>
      <SFR name="RXF14EIDH" addr="3466"/>
      <SFR name="RXF14EIDL" addr="3467"/>
      <SFR name="RXF15SIDH" addr="3472"/>
      <SFR name="RXF15SIDL" addr="3473"/>
      <SFR name="RXF15EIDH" addr="3474"/>
      <SFR name="RXF15EIDL" addr="3475"/>
      <SFR name="RXFCON0" addr="3540"/>
      <SFR name="RXFCON1" addr="3541"/>
      <SFR name="SDFLC" addr="3544"/>
      <SFR name="RXFBCON0" addr="3552"/>
      <SFR name="RXFBCON1" addr="3553"/>
      <SFR name="RXFBCON2" addr="3554"/>
      <SFR name="RXFBCON3" addr="3555"/>
      <SFR name="RXFBCON4" addr="3556"/>
      <SFR name="RXFBCON5" addr="3557"/>
      <SFR name="RXFBCON6" addr="3558"/>
      <SFR name="RXFBCON7" addr="3559"/>
      <SFR name="MSEL0" addr="3568"/>
      <SFR name="MSEL1" addr="3569"/>
      <SFR name="MSEL2" addr="3570"/>
      <SFR name="MSEL3" addr="3571"/>
      <SFR name="BSEL0" addr="3576"/>
      <SFR name="BIE0" addr="3578"/>
      <SFR name="TXBIE" addr="3580"/>
      <SFR name="B0CON" addr="3616"/>
      <SFR name="B0SIDH" addr="3617"/>
      <SFR name="B0SIDL" addr="3618"/>
      <SFR name="B0EIDH" addr="3619"/>
      <SFR name="B0EIDL" addr="3620"/>
      <SFR name="B0DLC" addr="3621"/>
      <SFR name="B0D0" addr="3622"/>
      <SFR name="B0D1" addr="3623"/>
      <SFR name="B0D2" addr="3624"/>
      <SFR name="B0D3" addr="3625"/>
      <SFR name="B0D4" addr="3626"/>
      <SFR name="B0D5" addr="3627"/>
      <SFR name="B0D6" addr="3628"/>
      <SFR name="B0D7" addr="3629"/>
      <SFR name="CANSTAT_RO9" addr="3630"/>
      <SFR name="CANCON_RO9" addr="3631"/>
      <SFR name="B1CON" addr="3632"/>
      <SFR name="B1SIDH" addr="3633"/>
      <SFR name="B1SIDL" addr="3634"/>
      <SFR name="B1EIDH" addr="3635"/>
      <SFR name="B1EIDL" addr="3636"/>
      <SFR name="B1DLC" addr="3637"/>
      <SFR name="B1D0" addr="3638"/>
      <SFR name="B1D1" addr="3639"/>
      <SFR name="B1D2" addr="3640"/>
      <SFR name="B1D3" addr="3641"/>
      <SFR name="B1D4" addr="3642"/>
      <SFR name="B1D5" addr="3643"/>
      <SFR name="B1D6" addr="3644"/>
      <SFR name="B1D7" addr="3645"/>
      <SFR name="CANSTAT_RO8" addr="3646"/>
      <SFR name="CANCON_RO8" addr="3647"/>
      <SFR name="B2CON" addr="3648"/>
      <SFR name="B2SIDH" addr="3649"/>
      <SFR name="B2SIDL" addr="3650"/>
      <SFR name="B2EIDH" addr="3651"/>
      <SFR name="B2EIDL" addr="3652"/>
      <SFR name="B2DLC" addr="3653"/>
      <SFR name="B2D0" addr="3654"/>
      <SFR name="B2D1" addr="3655"/>
      <SFR name="B2D2" addr="3656"/>
      <SFR name="B2D3" addr="3657"/>
      <SFR name="B2D4" addr="3658"/>
      <SFR name="B2D5" addr="3659"/>
      <SFR name="B2D6" addr="3660"/>
      <SFR name="B2D7" addr="3661"/>
      <SFR name="CANSTAT_RO7" addr="3662"/>
      <SFR name="CANCON_RO7" addr="3663"/>
      <SFR name="B3CON" addr="3664"/>
      <SFR name="B3SIDH" addr="3665"/>
      <SFR name="B3SIDL" addr="3666"/>
      <SFR name="B3EIDH" addr="3667"/>
      <SFR name="B3EIDL" addr="3668"/>
      <SFR name="B3DLC" addr="3669"/>
      <SFR name="B3D0" addr="3670"/>
      <SFR name="B3D1" addr="3671"/>
      <SFR name="B3D2" addr="3672"/>
      <SFR name="B3D3" addr="3673"/>
      <SFR name="B3D4" addr="3674"/>
      <SFR name="B3D5" addr="3675"/>
      <SFR name="B3D6" addr="3676"/>
      <SFR name="B3D7" addr="3677"/>
      <SFR name="CANSTAT_RO6" addr="3678"/>
      <SFR name="CANCON_RO6" addr="3679"/>
      <SFR name="B4CON" addr="3680"/>
      <SFR name="B4SIDH" addr="3681"/>
      <SFR name="B4SIDL" addr="3682"/>
      <SFR name="B4EIDH" addr="3683"/>
      <SFR name="B4EIDL" addr="3684"/>
      <SFR name="B4DLC" addr="3685"/>
      <SFR name="B4D0" addr="3686"/>
      <SFR name="B4D1" addr="3687"/>
      <SFR name="B4D2" addr="3688"/>
      <SFR name="B4D3" addr="3689"/>
      <SFR name="B4D4" addr="3690"/>
      <SFR name="B4D5" addr="3691"/>
      <SFR name="B4D6" addr="3692"/>
      <SFR name="B4D7" addr="3693"/>
      <SFR name="CANSTAT_RO5" addr="3694"/>
      <SFR name="CANCON_RO5" addr="3695"/>
      <SFR name="B5CON" addr="3696"/>
      <SFR name="B5SIDH" addr="3697"/>
      <SFR name="B5SIDL" addr="3698"/>
      <SFR name="B5EIDH" addr="3699"/>
      <SFR name="B5EIDL" addr="3700"/>
      <SFR name="B5DLC" addr="3701"/>
      <SFR name="B5D0" addr="3702"/>
      <SFR name="B5D1" addr="3703"/>
      <SFR name="B5D2" addr="3704"/>
      <SFR name="B5D3" addr="3705"/>
      <SFR name="B5D4" addr="3706"/>
      <SFR name="B5D5" addr="3707"/>
      <SFR name="B5D6" addr="3708"/>
      <SFR name="B5D7" addr="3709"/>
      <SFR name="CANSTAT_RO4" addr="3710"/>
      <SFR name="CANCON_RO4" addr="3711"/>
      <SFR name="RXF0SIDH" addr="3840"/>
      <SFR name="RXF0SIDL" addr="3841"/>
      <SFR name="RXF0EIDH" addr="3842"/>
      <SFR name="RXF0EIDL" addr="3843"/>
      <SFR name="RXF1SIDH" addr="3844"/>
      <SFR name="RXF1SIDL" addr="3845"/>
      <SFR name="RXF1EIDH" addr="3846"/>
      <SFR name="RXF1EIDL" addr="3847"/>
      <SFR name="RXF2SIDH" addr="3848"/>
      <SFR name="RXF2SIDL" addr="3849"/>
      <SFR name="RXF2EIDH" addr="3850"/>
      <SFR name="RXF2EIDL" addr="3851"/>
      <SFR name="RXF3SIDH" addr="3852"/>
      <SFR name="RXF3SIDL" addr="3853"/>
      <SFR name="RXF3EIDH" addr="3854"/>
      <SFR name="RXF3EIDL" addr="3855"/>
      <SFR name="RXF4SIDH" addr="3856"/>
      <SFR name="RXF4SIDL" addr="3857"/>
      <SFR name="RXF4EIDH" addr="3858"/>
      <SFR name="RXF4EIDL" addr="3859"/>
      <SFR name="RXF5SIDH" addr="3860"/>
      <SFR name="RXF5SIDL" addr="3861"/>
      <SFR name="RXF5EIDH" addr="3862"/>
      <SFR name="RXF5EIDL" addr="3863"/>
      <SFR name="RXM0SIDH" addr="3864"/>
      <SFR name="RXM0SIDL" addr="3865"/>
      <SFR name="RXM0EIDH" addr="3866"/>
      <SFR name="RXM0EIDL" addr="3867"/>
      <SFR name="RXM1SIDH" addr="3868"/>
      <SFR name="RXM1SIDL" addr="3869"/>
      <SFR name="RXM1EIDH" addr="3870"/>
      <SFR name="RXM1EIDL" addr="3871"/>
      <SFR name="TXB2CON" addr="3872"/>
      <SFR name="TXB2SIDH" addr="3873"/>
      <SFR name="TXB2SIDL" addr="3874"/>
      <SFR name="TXB2EIDH" addr="3875"/>
      <SFR name="TXB2EIDL" addr="3876"/>
      <SFR name="TXB2DLC" addr="3877"/>
      <SFR name="TXB2D0" addr="3878"/>
      <SFR name="TXB2D1" addr="3879"/>
      <SFR name="TXB2D2" addr="3880"/>
      <SFR name="TXB2D3" addr="3881"/>
      <SFR name="TXB2D4" addr="3882"/>
      <SFR name="TXB2D5" addr="3883"/>
      <SFR name="TXB2D6" addr="3884"/>
      <SFR name="TXB2D7" addr="3885"/>
      <SFR name="CANSTAT_RO3" addr="3886"/>
      <SFR name="CANCON_RO3" addr="3887"/>
      <SFR name="TXB1CON" addr="3888"/>
      <SFR name="TXB1SIDH" addr="3889"/>
      <SFR name="TXB1SIDL" addr="3890"/>
      <SFR name="TXB1EIDH" addr="3891"/>
      <SFR name="TXB1EIDL" addr="3892"/>
      <SFR name="TXB1DLC" addr="3893"/>
      <SFR name="TXB1D0" addr="3894"/>
      <SFR name="TXB1D1" addr="3895"/>
      <SFR name="TXB1D2" addr="3896"/>
      <SFR name="TXB1D3" addr="3897"/>
      <SFR name="TXB1D4" addr="3898"/>
      <SFR name="TXB1D5" addr="3899"/>
      <SFR name="TXB1D6" addr="3900"/>
      <SFR name="TXB1D7" addr="3901"/>
      <SFR name="CANSTAT_RO2" addr="3902"/>
      <SFR name="CANCON_RO2" addr="3903"/>
      <SFR name="TXB0CON" addr="3904"/>
      <SFR name="TXB0SIDH" addr="3905"/>
      <SFR name="TXB0SIDL" addr="3906"/>
      <SFR name="TXB0EIDH" addr="3907"/>
      <SFR name="TXB0EIDL" addr="3908"/>
      <SFR name="TXB0DLC" addr="3909"/>
      <SFR name="TXB0D0" addr="3910"/>
      <SFR name="TXB0D1" addr="3911"/>
      <SFR name="TXB0D2" addr="3912"/>
      <SFR name="TXB0D3" addr="3913"/>
      <SFR name="TXB0D4" addr="3914"/>
      <SFR name="TXB0D5" addr="3915"/>
      <SFR name="TXB0D6" addr="3916"/>
      <SFR name="TXB0D7" addr="3917"/>
      <SFR name="CANSTAT_RO1" addr="3918"/>
      <SFR name="CANCON_RO1" addr="3919"/>
      <SFR name="RXB1CON" addr="3920"/>
      <SFR name="RXB1SIDH" addr="3921"/>
      <SFR name="RXB1SIDL" addr="3922"/>
      <SFR name="RXB1EIDH" addr="3923"/>
      <SFR name="RXB1EIDL" addr="3924"/>
      <SFR name="RXB1DLC" addr="3925"/>
      <SFR name="RXB1D0" addr="3926"/>
      <SFR name="RXB1D1" addr="3927"/>
      <SFR name="RXB1D2" addr="3928"/>
      <SFR name="RXB1D3" addr="3929"/>
      <SFR name="RXB1D4" addr="3930"/>
      <SFR name="RXB1D5" addr="3931"/>
      <SFR name="RXB1D6" addr="3932"/>
      <SFR name="RXB1D7" addr="3933"/>
      <SFR name="CANSTAT_RO0" addr="3934"/>
      <SFR name="CANCON_RO0" addr="3935"/>
      <SFR name="RXB0CON" addr="3936"/>
      <SFR name="RXB0SIDH" addr="3937"/>
      <SFR name="RXB0SIDL" addr="3938"/>
      <SFR name="RXB0EIDH" addr="3939"/>
      <SFR name="RXB0EIDL" addr="3940"/>
      <SFR name="RXB0DLC" addr="3941"/>
      <SFR name="RXB0D0" addr="3942"/>
      <SFR name="RXB0D1" addr="3943"/>
      <SFR name="RXB0D2" addr="3944"/>
      <SFR name="RXB0D3" addr="3945"/>
      <SFR name="RXB0D4" addr="3946"/>
      <SFR name="RXB0D5" addr="3947"/>
      <SFR name="RXB0D6" addr="3948"/>
      <SFR name="RXB0D7" addr="3949"/>
      <SFR name="CANSTAT" addr="3950"/>
      <SFR name="CANCON" addr="3951"/>
      <SFR name="BRGCON1" addr="3952"/>
      <SFR name="BRGCON2" addr="3953"/>
      <SFR name="BRGCON3" addr="3954"/>
      <SFR name="CIOCON" addr="3955"/>
      <SFR name="COMSTAT" addr="3956"/>
      <SFR name="RXERRCNT" addr="3957"/>
      <SFR name="TXERRCNT" addr="3958"/>
      <SFR name="ECANCON" addr="3959"/>
      <SFR name="PORTA" addr="3968"/>
      <SFR name="PORTB" addr="3969"/>
      <SFR name="PORTC" addr="3970"/>
      <SFR name="PORTD" addr="3971"/>
      <SFR name="PORTE" addr="3972"/>
      <SFR name="LATA" addr="3977"/>
      <SFR name="LATB" addr="3978"/>
      <SFR name="LATC" addr="3979"/>
      <SFR name="LATD" addr="3980"/>
      <SFR name="LATE" addr="3981"/>
      <SFR name="TRISA" addr="3986"/>
      <SFR name="TRISB" addr="3987"/>
      <SFR name="TRISC" addr="3988"/>
      <SFR name="TRISD" addr="3989"/>
      <SFR name="TRISE" addr="3990"/>
      <SFR name="OSCTUNE" addr="3995"/>
      <SFR name="PIE1" addr="3997"/>
      <SFR name="PIR1" addr="3998"/>
      <SFR name="IPR1" addr="3999"/>
      <SFR name="PIE2" addr="4000"/>
      <SFR name="PIR2" addr="4001"/>
      <SFR name="IPR2" addr="4002"/>
      <SFR name="PIE3" addr="4003"/>
      <SFR name="PIR3" addr="4004"/>
      <SFR name="IPR3" addr="4005"/>
      <SFR name="RCSTA" addr="4011"/>
      <SFR name="TXSTA" addr="4012"/>
      <SFR name="TXREG" addr="4013"/>
      <SFR name="RCREG" addr="4014"/>
      <SFR name="SPBRG" addr="4015"/>
      <SFR name="SPBRGH" addr="4016"/>
      <SFR name="T3CON" addr="4017"/>
      <SFR name="TMR3L" addr="4018"/>
      <SFR name="TMR3H" addr="4019"/>
      <SFR name="CMCON" addr="4020"/>
      <SFR name="CVRCON" addr="4021"/>
      <SFR name="ECCP1AS" addr="4022"/>
      <SFR name="ECCP1DEL" addr="4023"/>
      <SFR name="BAUDCON" addr="4024"/>
      <SFR name="ECCP1CON" addr="4026"/>
      <SFR name="ECCPR1L" addr="4027"/>
      <SFR name="ECCPR1H" addr="4028"/>
      <SFR name="CCP1CON" addr="4029"/>
      <SFR name="CCPR1L" addr="4030"/>
      <SFR name="CCPR1H" addr="4031"/>
      <SFR name="ADCON2" addr="4032"/>
      <SFR name="ADCON1" addr="4033"/>
      <SFR name="ADCON0" addr="4034"/>
      <SFR name="ADRESL" addr="4035"/>
      <SFR name="ADRESH" addr="4036"/>
      <SFR name="SSPCON2" addr="4037"/>
      <SFR name="SSPCON1" addr="4038"/>
      <SFR name="SSPSTAT" addr="4039"/>
      <SFR name="SSPADD" addr="4040"/>
      <SFR name="SSPBUF" addr="4041"/>
      <SFR name="T2CON" addr="4042"/>
      <SFR name="PR2" addr="4043"/>
      <SFR name="TMR2" addr="4044"/>
      <SFR name="T1CON" addr="4045"/>
      <SFR name="TMR1L" addr="4046"/>
      <SFR name="TMR1H" addr="4047"/>
      <SFR name="RCON" addr="4048"/>
      <SFR name="WDTCON" addr="4049"/>
      <SFR name="HLVDCON" addr="4050"/>
      <SFR name="OSCCON" addr="4051"/>
      <SFR name="T0CON" addr="4053"/>
      <SFR name="TMR0L" addr="4054"/>
      <SFR name="TMR0H" addr="4055"/>
      <SFR name="INTCON3" addr="4080"/>
      <SFR name="INTCON2" addr="4081"/>
      <SFR name="INTCON" addr="4082"/>
   </CPUInfo>
   <ConfigBits>
      <ConfigByte/>
      <ConfigByte name="CONFIG1H">
         <ConfigField name="OSC" desc="Oscillator Selection bits" default="7" ishidden="false" nop_marker="false">
            <ConfigFieldValue name="IRCIO7" desc="Internal oscillator block, CLKO function on RA6, port function on RA7" value="9"/>
            <ConfigFieldValue name="IRCIO67" desc="Internal oscillator block, port function on RA6 and RA7" value="8"/>
            <ConfigFieldValue name="RCIO" desc="External RC oscillator, port function on RA6" value="7"/>
            <ConfigFieldValue name="HSPLL" desc="HS oscillator, PLL enabled (Clock Frequency = 4 x FOSC1)" value="6"/>
            <ConfigFieldValue name="ECIO" desc="EC oscillator, port function on RA6" value="5"/>
            <ConfigFieldValue name="EC" desc="EC oscillator, CLKO function on RA6" value="4"/>
            <ConfigFieldValue name="RC" desc="External RC oscillator, CLKO function on RA6" value="3"/>
            <ConfigFieldValue name="HS" desc="HS oscillator" value="2"/>
            <ConfigFieldValue name="XT" desc="XT oscillator" value="1"/>
            <ConfigFieldValue name="LP" desc="LP oscillator" value="0"/>
         </ConfigField>
         <ConfigField name="-" desc="" default="0" ishidden="false" nop_marker="false"/>
         <ConfigField name="FCMEN" desc="Fail-Safe Clock Monitor Enable bit" default="0" ishidden="false" nop_marker="false">
            <ConfigFieldValue name="ON" desc="Fail-Safe Clock Monitor enabled" value="1"/>
            <ConfigFieldValue name="OFF" desc="Fail-Safe Clock Monitor disabled" value="0"/>
         </ConfigField>
         <ConfigField name="IESO" desc="Internal/External Oscillator Switchover bit" default="0" ishidden="false" nop_marker="false">
            <ConfigFieldValue name="ON" desc="Oscillator Switchover mode enabled" value="1"/>
            <ConfigFieldValue name="OFF" desc="Oscillator Switchover mode disabled" value="0"/>
         </ConfigField>
      </ConfigByte>
      <ConfigByte name="CONFIG2L">
         <ConfigField name="PWRT" desc="Power-up Timer Enable bit" default="1" ishidden="false" nop_marker="false">
            <ConfigFieldValue name="OFF" desc="PWRT disabled" value="1"/>
            <ConfigFieldValue name="ON" desc="PWRT enabled" value="0"/>
         </ConfigField>
         <ConfigField name="BOREN" desc="Brown-out Reset Enable bits" default="3" ishidden="false" nop_marker="false">
            <ConfigFieldValue name="BOHW" desc="Brown-out Reset enabled in hardware only (SBOREN is disabled)" value="3"/>
            <ConfigFieldValue name="BOACTIVE" desc="Brown-out Reset enabled in hardware only and disabled in Sleep mode (SBOREN is disabled)" value="2"/>
            <ConfigFieldValue name="SBORENCTRL" desc="Brown-out Reset enabled and controlled by software (SBOREN is enabled)" value="1"/>
            <ConfigFieldValue name="OFF" desc="Brown-out Reset disabled in hardware and software" value="0"/>
         </ConfigField>
         <ConfigField name="BORV" desc="Brown-out Reset Voltage bits" default="3" ishidden="false" nop_marker="false">
            <ConfigFieldValue name="3" desc="VBOR set to 2.1V" value="3"/>
            <ConfigFieldValue name="2" desc="VBOR set to 2.8V" value="2"/>
            <ConfigFieldValue name="1" desc="VBOR set to 4.3V" value="1"/>
            <ConfigFieldValue name="0" desc="VBOR set to 4.6V" value="0"/>
         </ConfigField>
      </ConfigByte>
      <ConfigByte name="CONFIG2H">
         <ConfigField name="WDT" desc="Watchdog Timer Enable bit" default="1" ishidden="false" nop_marker="false">
            <ConfigFieldValue name="ON" desc="WDT enabled" value="1"/>
            <ConfigFieldValue name="OFF" desc="WDT disabled (control is placed on the SWDTEN bit)" value="0"/>
         </ConfigField>
         <ConfigField name="WDTPS" desc="Watchdog Timer Postscale Select bits" default="15" ishidden="false" nop_marker="false">
            <ConfigFieldValue name="32768" desc="1:32768" value="15"/>
            <ConfigFieldValue name="16384" desc="1:16384" value="14"/>
            <ConfigFieldValue name="8192" desc="1:8192" value="13"/>
            <ConfigFieldValue name="4096" desc="1:4096" value="12"/>
            <ConfigFieldValue name="2048" desc="1:2048" value="11"/>
            <ConfigFieldValue name="1024" desc="1:1024" value="10"/>
            <ConfigFieldValue name="512" desc="1:512" value="9"/>
            <ConfigFieldValue name="256" desc="1:256" value="8"/>
            <ConfigFieldValue name="128" desc="1:128" value="7"/>
            <ConfigFieldValue name="64" desc="1:64" value="6"/>
            <ConfigFieldValue name="32" desc="1:32" value="5"/>
            <ConfigFieldValue name="16" desc="1:16" value="4"/>
            <ConfigFieldValue name="8" desc="1:8" value="3"/>
            <ConfigFieldValue name="4" desc="1:4" value="2"/>
            <ConfigFieldValue name="2" desc="1:2" value="1"/>
            <ConfigFieldValue name="1" desc="1:1" value="0"/>
         </ConfigField>
      </ConfigByte>
      <ConfigByte/>
      <ConfigByte name="CONFIG3H">
         <ConfigField name="-" desc="" default="0" ishidden="false" nop_marker="false"/>
         <ConfigField name="PBADEN" desc="PORTB A/D Enable bit" default="1" ishidden="false" nop_marker="false">
            <ConfigFieldValue name="ON" desc="PORTB&lt;4:0> pins are configured as analog input channels on Reset" value="1"/>
            <ConfigFieldValue name="OFF" desc="PORTB&lt;4:0> pins are configured as digital I/O on Reset" value="0"/>
         </ConfigField>
         <ConfigField name="LPT1OSC" desc="Low-Power Timer 1 Oscillator Enable bit" default="0" ishidden="false" nop_marker="false">
            <ConfigFieldValue name="ON" desc="Timer1 configured for low-power operation" value="1"/>
            <ConfigFieldValue name="OFF" desc="Timer1 configured for higher power operation" value="0"/>
         </ConfigField>
         <ConfigField name="-" desc="" default="0" ishidden="false" nop_marker="false"/>
         <ConfigField name="MCLRE" desc="MCLR Pin Enable bit" default="1" ishidden="false" nop_marker="false">
            <ConfigFieldValue name="ON" desc="MCLR pin enabled; RE3 input pin disabled" value="1"/>
            <ConfigFieldValue name="OFF" desc="RE3 input pin enabled; MCLR disabled" value="0"/>
         </ConfigField>
      </ConfigByte>
      <ConfigByte name="CONFIG4L">
         <ConfigField name="STVREN" desc="Stack Full/Underflow Reset Enable bit" default="1" ishidden="false" nop_marker="false">
            <ConfigFieldValue name="ON" desc="Stack full/underflow will cause Reset" value="1"/>
            <ConfigFieldValue name="OFF" desc="Stack full/underflow will not cause Reset" value="0"/>
         </ConfigField>
         <ConfigField name="-" desc="" default="0" ishidden="false" nop_marker="false"/>
         <ConfigField name="LVP" desc="Single-Supply ICSP Enable bit" default="1" ishidden="false" nop_marker="false">
            <ConfigFieldValue name="ON" desc="Single-Supply ICSP enabled" value="1"/>
            <ConfigFieldValue name="OFF" desc="Single-Supply ICSP disabled" value="0"/>
         </ConfigField>
         <ConfigField name="-" desc="" default="0" ishidden="false" nop_marker="false"/>
         <ConfigField name="BBSIZ" desc="Boot Block Size Select bits" default="0" ishidden="false" nop_marker="false">
            <ConfigFieldValue name="4096" desc="4K words (8K bytes) Boot Block" value="2"/>
            <ConfigFieldValue name="2048" desc="2K words (4K bytes) Boot Block" value="1"/>
            <ConfigFieldValue name="1024" desc="1K words (2K bytes) Boot Block" value="0"/>
         </ConfigField>
         <ConfigField name="XINST" desc="Extended Instruction Set Enable bit" default="0" ishidden="false" nop_marker="false">
            <ConfigFieldValue name="ON" desc="Instruction set extension and Indexed Addressing mode enabled" value="1"/>
            <ConfigFieldValue name="OFF" desc="Instruction set extension and Indexed Addressing mode disabled (Legacy mode)" value="0"/>
         </ConfigField>
         <ConfigField name="DEBUG" desc="Background Debugger Enable bit" default="1" ishidden="false" nop_marker="false">
            <ConfigFieldValue name="OFF" desc="Background debugger disabled, RB6 and RB7 configured as general purpose I/O pins" value="1"/>
            <ConfigFieldValue name="ON" desc="Background debugger enabled, RB6 and RB7 are dedicated to In-Circuit Debug" value="0"/>
         </ConfigField>
      </ConfigByte>
      <ConfigByte/>
      <ConfigByte name="CONFIG5L">
         <ConfigField name="CP0" desc="Code Protection bit" default="1" ishidden="false" nop_marker="false">
            <ConfigFieldValue name="OFF" desc="Block 0 (000800-003FFFh) not code-protected" value="1"/>
            <ConfigFieldValue name="ON" desc="Block 0 (000800-003FFFh) code-protected" value="0"/>
         </ConfigField>
         <ConfigField name="CP1" desc="Code Protection bit" default="1" ishidden="false" nop_marker="false">
            <ConfigFieldValue name="OFF" desc="Block 1 (004000-007FFFh) not code-protected" value="1"/>
            <ConfigFieldValue name="ON" desc="Block 1 (004000-007FFFh) code-protected" value="0"/>
         </ConfigField>
         <ConfigField name="CP2" desc="Code Protection bit" default="1" ishidden="false" nop_marker="false">
            <ConfigFieldValue name="OFF" desc="Block 2 (008000-00BFFFh) not code-protected" value="1"/>
            <ConfigFieldValue name="ON" desc="Block 2 (008000-00BFFFh) code-protected" value="0"/>
         </ConfigField>
         <ConfigField name="RES" desc="RESERVED" default="1" ishidden="true" nop_marker="false">
         </ConfigField>
      </ConfigByte>
      <ConfigByte name="CONFIG5H">
         <ConfigField name="-" desc="" default="0" ishidden="false" nop_marker="false"/>
         <ConfigField name="CPB" desc="Boot Block Code Protection bit" default="1" ishidden="false" nop_marker="false">
            <ConfigFieldValue name="OFF" desc="Boot block (000000-0007FFh) not code-protected" value="1"/>
            <ConfigFieldValue name="ON" desc="Boot block (000000-0007FFh) code-protected" value="0"/>
         </ConfigField>
         <ConfigField name="CPD" desc="Data EEPROM Code Protection bit" default="1" ishidden="false" nop_marker="false">
            <ConfigFieldValue name="OFF" desc="Data EEPROM not code-protected" value="1"/>
            <ConfigFieldValue name="ON" desc="Data EEPROM code-protected" value="0"/>
         </ConfigField>
      </ConfigByte>
      <ConfigByte name="CONFIG6L">
         <ConfigField name="WRT0" desc="Write Protection bit" default="1" ishidden="false" nop_marker="false">
            <ConfigFieldValue name="OFF" desc="Block 0 (000800-003FFFh) not write-protected" value="1"/>
            <ConfigFieldValue name="ON" desc="Block 0 (000800-003FFFh) write-protected" value="0"/>
         </ConfigField>
         <ConfigField name="WRT1" desc="Write Protection bit" default="1" ishidden="false" nop_marker="false">
            <ConfigFieldValue name="OFF" desc="Block 1 (004000-007FFFh) not write-protected" value="1"/>
            <ConfigFieldValue name="ON" desc="Block 1 (004000-007FFFh) write-protected" value="0"/>
         </ConfigField>
         <ConfigField name="WRT2" desc="Write Protection bit" default="1" ishidden="false" nop_marker="false">
            <ConfigFieldValue name="OFF" desc="Block 2 (008000-00BFFFh) not write-protected" value="1"/>
            <ConfigFieldValue name="ON" desc="Block 2 (008000-00BFFFh) write-protected" value="0"/>
         </ConfigField>
         <ConfigField name="RES" desc="RESERVED" default="1" ishidden="true" nop_marker="false">
         </ConfigField>
      </ConfigByte>
      <ConfigByte name="CONFIG6H">
         <ConfigField name="-" desc="" default="0" ishidden="false" nop_marker="false"/>
         <ConfigField name="WRTC" desc="Configuration Register Write Protection bit" default="1" ishidden="false" nop_marker="false">
            <ConfigFieldValue name="OFF" desc="Configuration registers (300000-3000FFh) not write-protected" value="1"/>
            <ConfigFieldValue name="ON" desc="Configuration registers (300000-3000FFh) write-protected" value="0"/>
         </ConfigField>
         <ConfigField name="WRTB" desc="Boot Block Write Protection bit" default="1" ishidden="false" nop_marker="false">
            <ConfigFieldValue name="OFF" desc="Boot block (000000-0007FFh) not write-protected" value="1"/>
            <ConfigFieldValue name="ON" desc="Boot block (000000-0007FFh) write-protected" value="0"/>
         </ConfigField>
         <ConfigField name="WRTD" desc="Data EEPROM Write Protection bit" default="1" ishidden="false" nop_marker="false">
            <ConfigFieldValue name="OFF" desc="Data EEPROM not write-protected" value="1"/>
            <ConfigFieldValue name="ON" desc="Data EEPROM write-protected" value="0"/>
         </ConfigField>
      </ConfigByte>
      <ConfigByte name="CONFIG7L">
         <ConfigField name="EBTR0" desc="Table Read Protection bit" default="1" ishidden="false" nop_marker="false">
            <ConfigFieldValue name="OFF" desc="Block 0 (000800-003FFFh) not protected from table reads executed in other blocks" value="1"/>
            <ConfigFieldValue name="ON" desc="Block 0 (000800-003FFFh) protected from table reads executed in other blocks" value="0"/>
         </ConfigField>
         <ConfigField name="EBTR1" desc="Table Read Protection bit" default="1" ishidden="false" nop_marker="false">
            <ConfigFieldValue name="OFF" desc="Block 1 (004000-007FFFh) not protected from table reads executed in other blocks" value="1"/>
            <ConfigFieldValue name="ON" desc="Block 1 (004000-007FFFh) protected from table reads executed in other blocks" value="0"/>
         </ConfigField>
         <ConfigField name="EBTR2" desc="Table Read Protection bit" default="1" ishidden="false" nop_marker="false">
            <ConfigFieldValue name="OFF" desc="Block 2 (008000-00BFFFh) not protected from table reads executed in other blocks" value="1"/>
            <ConfigFieldValue name="ON" desc="Block 2 (008000-00BFFFh) protected from table reads executed in other blocks" value="0"/>
         </ConfigField>
         <ConfigField name="RES" desc="RESERVED" default="1" ishidden="true" nop_marker="false">
         </ConfigField>
      </ConfigByte>
      <ConfigByte name="CONFIG7H">
         <ConfigField name="-" desc="" default="0" ishidden="false" nop_marker="false"/>
         <ConfigField name="EBTRB" desc="Boot Block Table Read Protection bit" default="1" ishidden="false" nop_marker="false">
            <ConfigFieldValue name="OFF" desc="Boot block (000000-0007FFh) not protected from table reads executed in other blocks" value="1"/>
            <ConfigFieldValue name="ON" desc="Boot block (000000-0007FFh) protected from table reads executed in other blocks" value="0"/>
         </ConfigField>
      </ConfigByte>
   </ConfigBits>
   <ReversedTypes>
      <ReversedType name="tAD"/>
      <ReversedType name="tCCP"/>
      <ReversedType name="tECCPR1"/>
      <ReversedType name="tTMR0"/>
      <ReversedType name="tTMR16"/>
      <ReversedType name="tTMR8"/>
   </ReversedTypes>
   <Timers16Bit>
      <Timer number="0"/>
      <Timer number="1"/>
      <Timer number="3"/>
   </Timers16Bit>
   <DataSpaces>
      <GPR_DataSpace beginaddr="0" endaddr="3328"/>
      <SFR_DataSpace beginaddr="3328" endaddr="4096"/>
   </DataSpaces>
</Microcontroller>
