<?xml version="1.0" encoding="UTF-8"?>
<Microcontroller name="PIC18LF45K50">
   <Generator program="pic18x_include_file_generator.exe"/>
   <Source filename="PIC18LF45K50.PIC" mplabx_version="v3.26" filedate="2016-03-02"/>
   <CPUInfo>
      <Chip name="PIC18LF45K50" is_extended="true" first_access_bank_absolute_address="3936" rom_size="32768" alt_shared_addr_test="0"/>
      <EEPROM size="256" eeadr="4009" eeadrh="0" eecon1="4006" eecon2="4007" eedata="4008"/>
      <SFR name="SRCON1" addr="3927"/>
      <SFR name="SRCON0" addr="3928"/>
      <SFR name="CCPTMRS" addr="3929"/>
      <SFR name="ANSELA" addr="3931"/>
      <SFR name="ANSELB" addr="3932"/>
      <SFR name="ANSELC" addr="3933"/>
      <SFR name="ANSELD" addr="3934"/>
      <SFR name="ANSELE" addr="3935"/>
      <SFR name="UCON" addr="3936"/>
      <SFR name="USTAT" addr="3937"/>
      <SFR name="UCFG" addr="3938"/>
      <SFR name="UADDR" addr="3939"/>
      <SFR name="UIE" addr="3940"/>
      <SFR name="UIR" addr="3941"/>
      <SFR name="UEIE" addr="3942"/>
      <SFR name="UEIR" addr="3943"/>
      <SFR name="UFRML" addr="3944"/>
      <SFR name="UFRMH" addr="3945"/>
      <SFR name="UEP0" addr="3946"/>
      <SFR name="UEP1" addr="3947"/>
      <SFR name="UEP2" addr="3948"/>
      <SFR name="UEP3" addr="3949"/>
      <SFR name="UEP4" addr="3950"/>
      <SFR name="UEP5" addr="3951"/>
      <SFR name="UEP6" addr="3952"/>
      <SFR name="UEP7" addr="3953"/>
      <SFR name="UEP8" addr="3954"/>
      <SFR name="UEP9" addr="3955"/>
      <SFR name="UEP10" addr="3956"/>
      <SFR name="UEP11" addr="3957"/>
      <SFR name="UEP12" addr="3958"/>
      <SFR name="UEP13" addr="3959"/>
      <SFR name="UEP14" addr="3960"/>
      <SFR name="UEP15" addr="3961"/>
      <SFR name="SLRCON" addr="3962"/>
      <SFR name="VREFCON2" addr="3963"/>
      <SFR name="VREFCON1" addr="3964"/>
      <SFR name="VREFCON0" addr="3965"/>
      <SFR name="PMD0" addr="3966"/>
      <SFR name="PMD1" addr="3967"/>
      <SFR name="PORTA" addr="3968"/>
      <SFR name="PORTB" addr="3969"/>
      <SFR name="PORTC" addr="3970"/>
      <SFR name="PORTD" addr="3971"/>
      <SFR name="PORTE" addr="3972"/>
      <SFR name="WPUB" addr="3973"/>
      <SFR name="IOCB" addr="3974"/>
      <SFR name="IOCC" addr="3975"/>
      <SFR name="CTMUICON" addr="3976"/>
      <SFR name="LATA" addr="3977"/>
      <SFR name="LATB" addr="3978"/>
      <SFR name="LATC" addr="3979"/>
      <SFR name="LATD" addr="3980"/>
      <SFR name="LATE" addr="3981"/>
      <SFR name="CTMUCONL" addr="3982"/>
      <SFR name="CTMUCONH" addr="3983"/>
      <SFR name="CCPR2L" addr="3984"/>
      <SFR name="CCPR2H" addr="3985"/>
      <SFR name="TRISA" addr="3986"/>
      <SFR name="TRISB" addr="3987"/>
      <SFR name="TRISC" addr="3988"/>
      <SFR name="TRISD" addr="3989"/>
      <SFR name="TRISE" addr="3990"/>
      <SFR name="CCP2CON" addr="3991"/>
      <SFR name="CM1CON0" addr="3992"/>
      <SFR name="CM2CON0" addr="3993"/>
      <SFR name="CM2CON1" addr="3994"/>
      <SFR name="OSCTUNE" addr="3995"/>
      <SFR name="HLVDCON" addr="3996"/>
      <SFR name="PIE1" addr="3997"/>
      <SFR name="PIR1" addr="3998"/>
      <SFR name="IPR1" addr="3999"/>
      <SFR name="PIE2" addr="4000"/>
      <SFR name="PIR2" addr="4001"/>
      <SFR name="IPR2" addr="4002"/>
      <SFR name="PIE3" addr="4003"/>
      <SFR name="PIR3" addr="4004"/>
      <SFR name="IPR3" addr="4005"/>
      <SFR name="RCSTA1" addr="4011"/>
      <SFR name="TXSTA1" addr="4012"/>
      <SFR name="TXREG1" addr="4013"/>
      <SFR name="RCREG1" addr="4014"/>
      <SFR name="SPBRG1" addr="4015"/>
      <SFR name="SPBRGH1" addr="4016"/>
      <SFR name="T3CON" addr="4017"/>
      <SFR name="TMR3L" addr="4018"/>
      <SFR name="TMR3H" addr="4019"/>
      <SFR name="T3GCON" addr="4020"/>
      <SFR name="ACTCON" addr="4021"/>
      <SFR name="ECCP1AS" addr="4022"/>
      <SFR name="PWM1CON" addr="4023"/>
      <SFR name="BAUDCON1" addr="4024"/>
      <SFR name="PSTR1CON" addr="4025"/>
      <SFR name="T2CON" addr="4026"/>
      <SFR name="PR2" addr="4027"/>
      <SFR name="TMR2" addr="4028"/>
      <SFR name="CCP1CON" addr="4029"/>
      <SFR name="CCPR1L" addr="4030"/>
      <SFR name="CCPR1H" addr="4031"/>
      <SFR name="ADCON2" addr="4032"/>
      <SFR name="ADCON1" addr="4033"/>
      <SFR name="ADCON0" addr="4034"/>
      <SFR name="ADRESL" addr="4035"/>
      <SFR name="ADRESH" addr="4036"/>
      <SFR name="SSP1CON2" addr="4037"/>
      <SFR name="SSP1CON1" addr="4038"/>
      <SFR name="SSP1STAT" addr="4039"/>
      <SFR name="SSP1ADD" addr="4040"/>
      <SFR name="SSP1BUF" addr="4041"/>
      <SFR name="SSP1MSK" addr="4042"/>
      <SFR name="SSP1CON3" addr="4043"/>
      <SFR name="T1GCON" addr="4044"/>
      <SFR name="T1CON" addr="4045"/>
      <SFR name="TMR1L" addr="4046"/>
      <SFR name="TMR1H" addr="4047"/>
      <SFR name="RCON" addr="4048"/>
      <SFR name="WDTCON" addr="4049"/>
      <SFR name="OSCCON2" addr="4050"/>
      <SFR name="OSCCON" addr="4051"/>
      <SFR name="T0CON" addr="4053"/>
      <SFR name="TMR0L" addr="4054"/>
      <SFR name="TMR0H" addr="4055"/>
      <SFR name="INTCON3" addr="4080"/>
      <SFR name="INTCON2" addr="4081"/>
      <SFR name="INTCON" addr="4082"/>
   </CPUInfo>
   <ConfigBits>
      <ConfigByte name="CONFIG1L">
         <ConfigField name="PLLSEL" desc="PLL Selection" default="0" ishidden="false" nop_marker="false">
            <ConfigFieldValue name="PLL3X" desc="3x clock multiplier" value="1"/>
            <ConfigFieldValue name="PLL4X" desc="4x clock multiplier" value="0"/>
         </ConfigField>
         <ConfigField name="CFGPLLEN" desc="PLL Enable Configuration bit" default="0" ishidden="false" nop_marker="false">
            <ConfigFieldValue name="ON" desc="PLL Enabled" value="1"/>
            <ConfigFieldValue name="OFF" desc="PLL Disabled (firmware controlled)" value="0"/>
         </ConfigField>
         <ConfigField name="-" desc="" default="0" ishidden="false" nop_marker="false"/>
         <ConfigField name="CPUDIV" desc="CPU System Clock Postscaler" default="0" ishidden="false" nop_marker="false">
            <ConfigFieldValue name="CLKDIV6" desc="CPU uses system clock divided by 6" value="3"/>
            <ConfigFieldValue name="CLKDIV3" desc="CPU uses system clock divided by 3" value="2"/>
            <ConfigFieldValue name="CLKDIV2" desc="CPU uses system clock divided by 2" value="1"/>
            <ConfigFieldValue name="NOCLKDIV" desc="CPU uses system clock (no divide)" value="0"/>
         </ConfigField>
         <ConfigField name="LS48MHZ" desc="Low Speed USB mode with 48 MHz system clock" default="0" ishidden="false" nop_marker="false">
            <ConfigFieldValue name="SYS48X8" desc="System clock at 48 MHz, USB clock divider is set to 8" value="1"/>
            <ConfigFieldValue name="SYS24X4" desc="System clock at 24 MHz, USB clock divider is set to 4" value="0"/>
         </ConfigField>
      </ConfigByte>
      <ConfigByte name="CONFIG1H">
         <ConfigField name="FOSC" desc="Oscillator Selection" default="5" ishidden="false" nop_marker="false">
            <ConfigFieldValue name="ECLIO" desc="EC oscillator, low power &lt;4MHz" value="13"/>
            <ConfigFieldValue name="ECLCLKO" desc="EC oscillator, low power &lt;4MHz, clock output on OSC2" value="12"/>
            <ConfigFieldValue name="ECMIO" desc="EC oscillator, medium power 4MHz to 16MHz" value="11"/>
            <ConfigFieldValue name="ECMCLKO" desc="EC oscillator, medium power 4MHz to 16MHz, clock output on OSC2" value="10"/>
            <ConfigFieldValue name="INTOSCCLKO" desc="Internal oscillator, clock output on OSC2" value="9"/>
            <ConfigFieldValue name="INTOSCIO" desc="Internal oscillator" value="8"/>
            <ConfigFieldValue name="RCIO" desc="External RC oscillator" value="7"/>
            <ConfigFieldValue name="RCCLKO" desc="External RC oscillator, clock output on OSC2" value="6"/>
            <ConfigFieldValue name="ECHIO" desc="EC oscillator, high power 16MHz to 48MHz" value="5"/>
            <ConfigFieldValue name="ECHCLKO" desc="EC oscillator, high power 16MHz to 48MHz, clock output on OSC2" value="4"/>
            <ConfigFieldValue name="HSM" desc="HS oscillator, medium power 4MHz to 16MHz" value="3"/>
            <ConfigFieldValue name="HSH" desc="HS oscillator, high power 16MHz to 25MHz" value="2"/>
            <ConfigFieldValue name="XT" desc="XT oscillator" value="1"/>
            <ConfigFieldValue name="LP" desc="LP oscillator" value="0"/>
         </ConfigField>
         <ConfigField name="-" desc="" default="0" ishidden="false" nop_marker="false"/>
         <ConfigField name="PCLKEN" desc="Primary Oscillator Shutdown" default="1" ishidden="false" nop_marker="false">
            <ConfigFieldValue name="ON" desc="Primary oscillator enabled" value="1"/>
            <ConfigFieldValue name="OFF" desc="Primary oscillator shutdown firmware controlled" value="0"/>
         </ConfigField>
         <ConfigField name="FCMEN" desc="Fail-Safe Clock Monitor" default="0" ishidden="false" nop_marker="false">
            <ConfigFieldValue name="ON" desc="Fail-Safe Clock Monitor enabled" value="1"/>
            <ConfigFieldValue name="OFF" desc="Fail-Safe Clock Monitor disabled" value="0"/>
         </ConfigField>
         <ConfigField name="IESO" desc="Internal/External Oscillator Switchover" default="0" ishidden="false" nop_marker="false">
            <ConfigFieldValue name="ON" desc="Oscillator Switchover mode enabled" value="1"/>
            <ConfigFieldValue name="OFF" desc="Oscillator Switchover mode disabled" value="0"/>
         </ConfigField>
      </ConfigByte>
      <ConfigByte name="CONFIG2L">
         <ConfigField name="nPWRTEN" desc="Power-up Timer Enable" default="1" ishidden="false" nop_marker="false">
            <ConfigFieldValue name="OFF" desc="Power up timer disabled" value="1"/>
            <ConfigFieldValue name="ON" desc="Power up timer enabled" value="0"/>
         </ConfigField>
         <ConfigField name="BOREN" desc="Brown-out Reset Enable" default="3" ishidden="false" nop_marker="false">
            <ConfigFieldValue name="SBORDIS" desc="BOR enabled in hardware (SBOREN is ignored)" value="3"/>
            <ConfigFieldValue name="NOSLP" desc="BOR enabled in hardware, disabled in Sleep mode (SBOREN is ignored)" value="2"/>
            <ConfigFieldValue name="ON" desc="BOR controlled by firmware (SBOREN is enabled)" value="1"/>
            <ConfigFieldValue name="OFF" desc="BOR disabled in hardware (SBOREN is ignored)" value="0"/>
         </ConfigField>
         <ConfigField name="BORV" desc="Brown-out Reset Voltage" default="3" ishidden="false" nop_marker="false">
            <ConfigFieldValue name="190" desc="BOR set to 1.9V nominal" value="3"/>
            <ConfigFieldValue name="220" desc="BOR set to 2.2V nominal" value="2"/>
            <ConfigFieldValue name="250" desc="BOR set to 2.5V nominal" value="1"/>
            <ConfigFieldValue name="285" desc="BOR set to 2.85V nominal" value="0"/>
         </ConfigField>
         <ConfigField name="-" desc="" default="0" ishidden="false" nop_marker="false"/>
         <ConfigField name="nLPBOR" desc="Low-Power Brown-out Reset" default="1" ishidden="false" nop_marker="false">
            <ConfigFieldValue name="OFF" desc="Low-Power Brown-out Reset disabled" value="1"/>
            <ConfigFieldValue name="ON" desc="Low-Power Brown-out Reset enabled" value="0"/>
         </ConfigField>
      </ConfigByte>
      <ConfigByte name="CONFIG2H">
         <ConfigField name="WDTEN" desc="Watchdog Timer Enable bits" default="3" ishidden="false" nop_marker="false">
            <ConfigFieldValue name="ON" desc="WDT enabled in hardware (SWDTEN ignored)" value="3"/>
            <ConfigFieldValue name="SWON" desc="WDT controlled by firmware (SWDTEN enabled)" value="2"/>
            <ConfigFieldValue name="NOSLP" desc="WDT enabled in hardware, disabled in Sleep mode (SWDTEN ignored)" value="1"/>
            <ConfigFieldValue name="OFF" desc="WDT disabled in hardware (SWDTEN ignored)" value="0"/>
         </ConfigField>
         <ConfigField name="WDTPS" desc="Watchdog Timer Postscaler" default="15" ishidden="false" nop_marker="false">
            <ConfigFieldValue name="32768" desc="1:32768" value="15"/>
            <ConfigFieldValue name="16384" desc="1:16384" value="14"/>
            <ConfigFieldValue name="8192" desc="1:8192" value="13"/>
            <ConfigFieldValue name="4096" desc="1:4096" value="12"/>
            <ConfigFieldValue name="2048" desc="1:2048" value="11"/>
            <ConfigFieldValue name="1024" desc="1:1024" value="10"/>
            <ConfigFieldValue name="512" desc="1:512" value="9"/>
            <ConfigFieldValue name="256" desc="1:256" value="8"/>
            <ConfigFieldValue name="128" desc="1:128" value="7"/>
            <ConfigFieldValue name="64" desc="1:64" value="6"/>
            <ConfigFieldValue name="32" desc="1:32" value="5"/>
            <ConfigFieldValue name="16" desc="1:16" value="4"/>
            <ConfigFieldValue name="8" desc="1:8" value="3"/>
            <ConfigFieldValue name="4" desc="1:4" value="2"/>
            <ConfigFieldValue name="2" desc="1:2" value="1"/>
            <ConfigFieldValue name="1" desc="1:1" value="0"/>
         </ConfigField>
      </ConfigByte>
      <ConfigByte/>
      <ConfigByte name="CONFIG3H">
         <ConfigField name="CCP2MX" desc="CCP2 MUX bit" default="1" ishidden="false" nop_marker="false">
            <ConfigFieldValue name="RC1" desc="CCP2 input/output is multiplexed with RC1" value="1"/>
            <ConfigFieldValue name="RB3" desc="CCP2 input/output is multiplexed with RB3" value="0"/>
         </ConfigField>
         <ConfigField name="PBADEN" desc="PORTB A/D Enable bit" default="1" ishidden="false" nop_marker="false">
            <ConfigFieldValue name="ON" desc="PORTB&lt;5:0> pins are configured as analog input channels on Reset" value="1"/>
            <ConfigFieldValue name="OFF" desc="PORTB&lt;5:0> pins are configured as digital I/O on Reset" value="0"/>
         </ConfigField>
         <ConfigField name="-" desc="" default="0" ishidden="false" nop_marker="false"/>
         <ConfigField name="-" desc="" default="0" ishidden="false" nop_marker="false"/>
         <ConfigField name="T3CMX" desc="Timer3 Clock Input MUX bit" default="1" ishidden="false" nop_marker="false">
            <ConfigFieldValue name="RC0" desc="T3CKI function is on RC0" value="1"/>
            <ConfigFieldValue name="RB5" desc="T3CKI function is on RB5" value="0"/>
         </ConfigField>
         <ConfigField name="-" desc="" default="0" ishidden="false" nop_marker="false"/>
         <ConfigField name="SDOMX" desc="SDO Output MUX bit" default="1" ishidden="false" nop_marker="false">
            <ConfigFieldValue name="RB3" desc="SDO function is on RB3" value="1"/>
            <ConfigFieldValue name="RC7" desc="SDO function is on RC7" value="0"/>
         </ConfigField>
         <ConfigField name="MCLRE" desc="Master Clear Reset Pin Enable" default="1" ishidden="false" nop_marker="false">
            <ConfigFieldValue name="ON" desc="MCLR pin enabled; RE3 input disabled" value="1"/>
            <ConfigFieldValue name="OFF" desc="RE3 input pin enabled; external MCLR disabled" value="0"/>
         </ConfigField>
      </ConfigByte>
      <ConfigByte name="CONFIG4L">
         <ConfigField name="STVREN" desc="Stack Full/Underflow Reset" default="1" ishidden="false" nop_marker="false">
            <ConfigFieldValue name="ON" desc="Stack full/underflow will cause Reset" value="1"/>
            <ConfigFieldValue name="OFF" desc="Stack full/underflow will not cause Reset" value="0"/>
         </ConfigField>
         <ConfigField name="-" desc="" default="0" ishidden="false" nop_marker="false"/>
         <ConfigField name="LVP" desc="Single-Supply ICSP Enable bit" default="1" ishidden="false" nop_marker="false">
            <ConfigFieldValue name="ON" desc="Single-Supply ICSP enabled if MCLRE is also 1" value="1"/>
            <ConfigFieldValue name="OFF" desc="Single-Supply ICSP disabled" value="0"/>
         </ConfigField>
         <ConfigField name="-" desc="" default="0" ishidden="false" nop_marker="false"/>
         <ConfigField name="ICPRT" desc="Dedicated In-Circuit Debug/Programming Port Enable" default="0" ishidden="false" nop_marker="false">
            <ConfigFieldValue name="ON" desc="ICPORT enabled" value="1"/>
            <ConfigFieldValue name="OFF" desc="ICPORT disabled" value="0"/>
         </ConfigField>
         <ConfigField name="XINST" desc="Extended Instruction Set Enable bit" default="0" ishidden="false" nop_marker="false">
            <ConfigFieldValue name="ON" desc="Instruction set extension and Indexed Addressing mode enabled" value="1"/>
            <ConfigFieldValue name="OFF" desc="Instruction set extension and Indexed Addressing mode disabled" value="0"/>
         </ConfigField>
         <ConfigField name="DEBUG" desc="Background Debugger Enable bit" default="1" ishidden="false" nop_marker="false">
            <ConfigFieldValue name="OFF" desc="Background debugger disabled, RB6 and RB7 configured as general purpose I/O pins" value="1"/>
            <ConfigFieldValue name="ON" desc="Background debugger enabled, RB6 and RB7 are dedicated to In-Circuit Debug" value="0"/>
         </ConfigField>
      </ConfigByte>
      <ConfigByte/>
      <ConfigByte name="CONFIG5L">
         <ConfigField name="CP0" desc="Block 0 Code Protect" default="1" ishidden="false" nop_marker="false">
            <ConfigFieldValue name="OFF" desc="Block 0 is not code-protected" value="1"/>
            <ConfigFieldValue name="ON" desc="Block 0 is code-protected" value="0"/>
         </ConfigField>
         <ConfigField name="CP1" desc="Block 1 Code Protect" default="1" ishidden="false" nop_marker="false">
            <ConfigFieldValue name="OFF" desc="Block 1 is not code-protected" value="1"/>
            <ConfigFieldValue name="ON" desc="Block 1 is code-protected" value="0"/>
         </ConfigField>
         <ConfigField name="CP2" desc="Block 2 Code Protect" default="1" ishidden="false" nop_marker="false">
            <ConfigFieldValue name="OFF" desc="Block 2 is not code-protected" value="1"/>
            <ConfigFieldValue name="ON" desc="Block 2 is code-protected" value="0"/>
         </ConfigField>
         <ConfigField name="CP3" desc="Block 3 Code Protect" default="1" ishidden="false" nop_marker="false">
            <ConfigFieldValue name="OFF" desc="Block 3 is not code-protected" value="1"/>
            <ConfigFieldValue name="ON" desc="Block 3 is code-protected" value="0"/>
         </ConfigField>
      </ConfigByte>
      <ConfigByte name="CONFIG5H">
         <ConfigField name="-" desc="" default="0" ishidden="false" nop_marker="false"/>
         <ConfigField name="CPB" desc="Boot Block Code Protect" default="1" ishidden="false" nop_marker="false">
            <ConfigFieldValue name="OFF" desc="Boot block is not code-protected" value="1"/>
            <ConfigFieldValue name="ON" desc="Boot block is code-protected" value="0"/>
         </ConfigField>
         <ConfigField name="CPD" desc="Data EEPROM Code Protect" default="1" ishidden="false" nop_marker="false">
            <ConfigFieldValue name="OFF" desc="Data EEPROM is not code-protected" value="1"/>
            <ConfigFieldValue name="ON" desc="Data EEPROM is code-protected" value="0"/>
         </ConfigField>
      </ConfigByte>
      <ConfigByte name="CONFIG6L">
         <ConfigField name="WRT0" desc="Block 0 Write Protect" default="1" ishidden="false" nop_marker="false">
            <ConfigFieldValue name="OFF" desc="Block 0 (0800-1FFFh) is not write-protected" value="1"/>
            <ConfigFieldValue name="ON" desc="Block 0 (0800-1FFFh) is write-protected" value="0"/>
         </ConfigField>
         <ConfigField name="WRT1" desc="Block 1 Write Protect" default="1" ishidden="false" nop_marker="false">
            <ConfigFieldValue name="OFF" desc="Block 1 (2000-3FFFh) is not write-protected" value="1"/>
            <ConfigFieldValue name="ON" desc="Block 1 (2000-3FFFh) is write-protected" value="0"/>
         </ConfigField>
         <ConfigField name="WRT2" desc="Block 2 Write Protect" default="1" ishidden="false" nop_marker="false">
            <ConfigFieldValue name="OFF" desc="Block 2 (04000-5FFFh) is not write-protected" value="1"/>
            <ConfigFieldValue name="ON" desc="Block 2 (04000-5FFFh) is write-protected" value="0"/>
         </ConfigField>
         <ConfigField name="WRT3" desc="Block 3 Write Protect" default="1" ishidden="false" nop_marker="false">
            <ConfigFieldValue name="OFF" desc="Block 3 (06000-7FFFh) is not write-protected" value="1"/>
            <ConfigFieldValue name="ON" desc="Block 3 (06000-7FFFh) is write-protected" value="0"/>
         </ConfigField>
      </ConfigByte>
      <ConfigByte name="CONFIG6H">
         <ConfigField name="-" desc="" default="0" ishidden="false" nop_marker="false"/>
         <ConfigField name="WRTC" desc="Configuration Registers Write Protect" default="1" ishidden="false" nop_marker="false">
            <ConfigFieldValue name="OFF" desc="Configuration registers (300000-3000FFh) are not write-protected" value="1"/>
            <ConfigFieldValue name="ON" desc="Configuration registers (300000-3000FFh) are write-protected" value="0"/>
         </ConfigField>
         <ConfigField name="WRTB" desc="Boot Block Write Protect" default="1" ishidden="false" nop_marker="false">
            <ConfigFieldValue name="OFF" desc="Boot block (0000-7FFh) is not write-protected" value="1"/>
            <ConfigFieldValue name="ON" desc="Boot block (0000-7FFh) is write-protected" value="0"/>
         </ConfigField>
         <ConfigField name="WRTD" desc="Data EEPROM Write Protect" default="1" ishidden="false" nop_marker="false">
            <ConfigFieldValue name="OFF" desc="Data EEPROM is not write-protected" value="1"/>
            <ConfigFieldValue name="ON" desc="Data EEPROM is write-protected" value="0"/>
         </ConfigField>
      </ConfigByte>
      <ConfigByte name="CONFIG7L">
         <ConfigField name="EBTR0" desc="Block 0 Table Read Protect" default="1" ishidden="false" nop_marker="false">
            <ConfigFieldValue name="OFF" desc="Block 0 is not protected from table reads executed in other blocks" value="1"/>
            <ConfigFieldValue name="ON" desc="Block 0 is protected from table reads executed in other blocks" value="0"/>
         </ConfigField>
         <ConfigField name="EBTR1" desc="Block 1 Table Read Protect" default="1" ishidden="false" nop_marker="false">
            <ConfigFieldValue name="OFF" desc="Block 1 is not protected from table reads executed in other blocks" value="1"/>
            <ConfigFieldValue name="ON" desc="Block 1 is protected from table reads executed in other blocks" value="0"/>
         </ConfigField>
         <ConfigField name="EBTR2" desc="Block 2 Table Read Protect" default="1" ishidden="false" nop_marker="false">
            <ConfigFieldValue name="OFF" desc="Block 2 is not protected from table reads executed in other blocks" value="1"/>
            <ConfigFieldValue name="ON" desc="Block 2 is protected from table reads executed in other blocks" value="0"/>
         </ConfigField>
         <ConfigField name="EBTR3" desc="Block 3 Table Read Protect" default="1" ishidden="false" nop_marker="false">
            <ConfigFieldValue name="OFF" desc="Block 3 is not protected from table reads executed in other blocks" value="1"/>
            <ConfigFieldValue name="ON" desc="Block 3 is protected from table reads executed in other blocks" value="0"/>
         </ConfigField>
      </ConfigByte>
      <ConfigByte name="CONFIG7H">
         <ConfigField name="-" desc="" default="0" ishidden="false" nop_marker="false"/>
         <ConfigField name="EBTRB" desc="Boot Block Table Read Protect" default="1" ishidden="false" nop_marker="false">
            <ConfigFieldValue name="OFF" desc="Boot block is not protected from table reads executed in other blocks" value="1"/>
            <ConfigFieldValue name="ON" desc="Boot block is protected from table reads executed in other blocks" value="0"/>
         </ConfigField>
      </ConfigByte>
   </ConfigBits>
   <ReversedTypes>
      <ReversedType name="tAD"/>
      <ReversedType name="tCCP"/>
      <ReversedType name="tCCPR2"/>
      <ReversedType name="tCTMUCON"/>
      <ReversedType name="tTMR0"/>
      <ReversedType name="tTMR16"/>
      <ReversedType name="tTMR8"/>
      <ReversedType name="tUFRM"/>
   </ReversedTypes>
   <Timers16Bit>
      <Timer number="0"/>
      <Timer number="1"/>
      <Timer number="3"/>
   </Timers16Bit>
   <DataSpaces>
      <GPR_DataSpace beginaddr="0" endaddr="1024"/>
      <DPR_DataSpace beginaddr="1024" endaddr="2048"/>
      <SFR_DataSpace beginaddr="3923" endaddr="4096"/>
   </DataSpaces>
</Microcontroller>
