<?xml version="1.0" encoding="UTF-8"?>
<Microcontroller name="PIC18F85J90">
   <Generator program="pic18x_include_file_generator.exe"/>
   <Source filename="PIC18F85J90.PIC" mplabx_version="v3.55" filedate="2017-02-22"/>
   <CPUInfo>
      <Chip name="PIC18F85J90" is_extended="true" first_access_bank_absolute_address="3936" rom_size="32760" alt_shared_addr_test="0"/>
      <EEPROM size="0" eeadr="0" eeadrh="0" eecon1="4006" eecon2="4007" eedata="0"/>
      <IPEN_Location sfr="RCON" bit="7"/>
      <SFR name="RCSTA2" addr="3936"/>
      <SFR name="TXSTA2" addr="3937"/>
      <SFR name="TXREG2" addr="3938"/>
      <SFR name="RCREG2" addr="3939"/>
      <SFR name="SPBRG2" addr="3940"/>
      <SFR name="CCP2CON" addr="3941"/>
      <SFR name="CCPR2L" addr="3942"/>
      <SFR name="CCPR2H" addr="3943"/>
      <SFR name="CCP1CON" addr="3944"/>
      <SFR name="CCPR1L" addr="3945"/>
      <SFR name="CCPR1H" addr="3946"/>
      <SFR name="LCDDATA5" addr="3947"/>
      <SFR name="LCDDATA6" addr="3948"/>
      <SFR name="LCDDATA7" addr="3949"/>
      <SFR name="LCDDATA8" addr="3950"/>
      <SFR name="LCDDATA9" addr="3951"/>
      <SFR name="LCDDATA10" addr="3952"/>
      <SFR name="LCDDATA11" addr="3953"/>
      <SFR name="LCDDATA12" addr="3954"/>
      <SFR name="LCDDATA13" addr="3955"/>
      <SFR name="LCDDATA14" addr="3956"/>
      <SFR name="LCDDATA15" addr="3957"/>
      <SFR name="LCDDATA16" addr="3958"/>
      <SFR name="LCDDATA17" addr="3959"/>
      <SFR name="LCDDATA18" addr="3960"/>
      <SFR name="LCDDATA19" addr="3961"/>
      <SFR name="LCDDATA20" addr="3962"/>
      <SFR name="LCDDATA21" addr="3963"/>
      <SFR name="LCDDATA22" addr="3964"/>
      <SFR name="LCDDATA23" addr="3965"/>
      <SFR name="BAUDCON1" addr="3966"/>
      <SFR name="SPBRGH1" addr="3967"/>
      <SFR name="PORTA" addr="3968"/>
      <SFR name="PORTB" addr="3969"/>
      <SFR name="PORTC" addr="3970"/>
      <SFR name="PORTD" addr="3971"/>
      <SFR name="PORTE" addr="3972"/>
      <SFR name="PORTF" addr="3973"/>
      <SFR name="PORTG" addr="3974"/>
      <SFR name="PORTH" addr="3975"/>
      <SFR name="PORTJ" addr="3976"/>
      <SFR name="LATA" addr="3977"/>
      <SFR name="LATB" addr="3978"/>
      <SFR name="LATC" addr="3979"/>
      <SFR name="LATD" addr="3980"/>
      <SFR name="LATE" addr="3981"/>
      <SFR name="LATF" addr="3982"/>
      <SFR name="LATG" addr="3983"/>
      <SFR name="LATH" addr="3984"/>
      <SFR name="LATJ" addr="3985"/>
      <SFR name="TRISA" addr="3986"/>
      <SFR name="TRISB" addr="3987"/>
      <SFR name="TRISC" addr="3988"/>
      <SFR name="TRISD" addr="3989"/>
      <SFR name="TRISE" addr="3990"/>
      <SFR name="TRISF" addr="3991"/>
      <SFR name="TRISG" addr="3992"/>
      <SFR name="TRISH" addr="3993"/>
      <SFR name="TRISJ" addr="3994"/>
      <SFR name="OSCTUNE" addr="3995"/>
      <SFR name="PIE1" addr="3997"/>
      <SFR name="PIR1" addr="3998"/>
      <SFR name="IPR1" addr="3999"/>
      <SFR name="PIE2" addr="4000"/>
      <SFR name="PIR2" addr="4001"/>
      <SFR name="IPR2" addr="4002"/>
      <SFR name="PIE3" addr="4003"/>
      <SFR name="PIR3" addr="4004"/>
      <SFR name="IPR3" addr="4005"/>
      <SFR name="LCDCON" addr="4008"/>
      <SFR name="LCDSE0" addr="4009"/>
      <SFR name="LCDPS" addr="4010"/>
      <SFR name="RCSTA1" addr="4011"/>
      <SFR name="TXSTA1" addr="4012"/>
      <SFR name="TXREG1" addr="4013"/>
      <SFR name="RCREG1" addr="4014"/>
      <SFR name="SPBRG1" addr="4015"/>
      <SFR name="T3CON" addr="4017"/>
      <SFR name="TMR3L" addr="4018"/>
      <SFR name="TMR3H" addr="4019"/>
      <SFR name="CMCON" addr="4020"/>
      <SFR name="CVRCON" addr="4021"/>
      <SFR name="LCDSE1" addr="4022"/>
      <SFR name="LCDSE2" addr="4023"/>
      <SFR name="LCDSE3" addr="4024"/>
      <SFR name="LCDSE4" addr="4025"/>
      <SFR name="LCDSE5" addr="4026"/>
      <SFR name="LCDDATA0" addr="4027"/>
      <SFR name="LCDDATA1" addr="4028"/>
      <SFR name="LCDDATA2" addr="4029"/>
      <SFR name="LCDDATA3" addr="4030"/>
      <SFR name="LCDDATA4" addr="4031"/>
      <SFR name="ADCON2" addr="4032"/>
      <SFR name="ADCON1" addr="4033"/>
      <SFR name="ADCON0" addr="4034"/>
      <SFR name="ADRESL" addr="4035"/>
      <SFR name="ADRESH" addr="4036"/>
      <SFR name="SSPCON2" addr="4037"/>
      <SFR name="SSPCON1" addr="4038"/>
      <SFR name="SSPSTAT" addr="4039"/>
      <SFR name="SSPADD" addr="4040"/>
      <SFR name="SSPBUF" addr="4041"/>
      <SFR name="T2CON" addr="4042"/>
      <SFR name="PR2" addr="4043"/>
      <SFR name="TMR2" addr="4044"/>
      <SFR name="T1CON" addr="4045"/>
      <SFR name="TMR1L" addr="4046"/>
      <SFR name="TMR1H" addr="4047"/>
      <SFR name="RCON" addr="4048"/>
      <SFR name="WDTCON" addr="4049"/>
      <SFR name="LCDREG" addr="4050"/>
      <SFR name="OSCCON" addr="4051"/>
      <SFR name="T0CON" addr="4053"/>
      <SFR name="TMR0L" addr="4054"/>
      <SFR name="TMR0H" addr="4055"/>
      <SFR name="INTCON3" addr="4080"/>
      <SFR name="INTCON2" addr="4081"/>
      <SFR name="INTCON" addr="4082"/>
   </CPUInfo>
   <ConfigBits start_addr="32760" end_addr="32765">
      <ConfigByte name="CONFIG1L" addr="32760">
         <ConfigField name="WDTEN" desc="Watchdog Timer Enable bit" default="1" ishidden="false" nop_marker="false">
            <ConfigFieldValue name="ON" desc="WDT enabled" value="1"/>
            <ConfigFieldValue name="OFF" desc="WDT disabled (control is placed on SWDTEN bit)" value="0"/>
         </ConfigField>
         <ConfigField name="-" desc="" default="0" ishidden="false" nop_marker="false"/>
         <ConfigField name="STVREN" desc="Stack Overflow/Underflow Reset Enable bit" default="1" ishidden="false" nop_marker="false">
            <ConfigFieldValue name="ON" desc="Reset on stack overflow/underflow enabled" value="1"/>
            <ConfigFieldValue name="OFF" desc="Reset on stack overflow/underflow disabled" value="0"/>
         </ConfigField>
         <ConfigField name="XINST" desc="Extended Instruction Set Enable bit" default="1" ishidden="false" nop_marker="false">
            <ConfigFieldValue name="ON" desc="Instruction set extension and Indexed Addressing mode enabled" value="1"/>
            <ConfigFieldValue name="OFF" desc="Instruction set extension and Indexed Addressing mode disabled (Legacy mode)" value="0"/>
         </ConfigField>
         <ConfigField name="DEBUG" desc="Background Debugger Enable bit" default="1" ishidden="false" nop_marker="false">
            <ConfigFieldValue name="OFF" desc="Background debugger disabled; RB6 and RB7 configured as general purpose I/O pins" value="1"/>
            <ConfigFieldValue name="ON" desc="Background debugger enabled; RB6 and RB7 are dedicated to In-Circuit Debug" value="0"/>
         </ConfigField>
      </ConfigByte>
      <ConfigByte name="CONFIG1H" addr="32761">
         <ConfigField name="-" desc="" default="0" ishidden="false" nop_marker="false"/>
         <ConfigField name="CP0" desc="Code Protection bit" default="1" ishidden="false" nop_marker="false">
            <ConfigFieldValue name="OFF" desc="Program memory is not code-protected" value="1"/>
            <ConfigFieldValue name="ON" desc="Program memory is code-protected" value="0"/>
         </ConfigField>
         <ConfigField name="SIGN" desc="Config Word Signature Bit" default="0" ishidden="true" nop_marker="false">
         </ConfigField>
<!-- config byte CONFIG1H field SIGN default value (0) not defined -->
         <ConfigField name="RESERVED" desc="RESERVED" default="15" ishidden="true" nop_marker="true">
         </ConfigField>
<!-- config byte CONFIG1H field RESERVED default value (15) not defined -->
      </ConfigByte>
      <ConfigByte name="CONFIG2L" addr="32762">
         <ConfigField name="FOSC" desc="Oscillator Selection bits" default="3" ishidden="false" nop_marker="false">
            <ConfigFieldValue name="ECPLL" desc="EC oscillator, PLL enabled and under software control, CLK function on OSC2" value="3"/>
            <ConfigFieldValue name="EC" desc="EC oscillator, CLKO function on OSC2" value="2"/>
            <ConfigFieldValue name="HSPLL" desc="HS oscillator, PLL enabled and under software control" value="1"/>
            <ConfigFieldValue name="HS" desc="HS oscillator" value="0"/>
         </ConfigField>
         <ConfigField name="FOSC2" desc="Default/Reset System Clock Select bit" default="1" ishidden="false" nop_marker="false">
            <ConfigFieldValue name="ON" desc="Clock selected by FOSC1:FOSC0 as system clock is enabled when OSCCON&lt;1:0> = 00" value="1"/>
            <ConfigFieldValue name="OFF" desc="INTRC enabled as system clock when OSCCON&lt;1:0> = 00" value="0"/>
         </ConfigField>
         <ConfigField name="-" desc="" default="0" ishidden="false" nop_marker="false"/>
         <ConfigField name="FCMEN" desc="Fail-Safe Clock Monitor Enable bit" default="1" ishidden="false" nop_marker="false">
            <ConfigFieldValue name="ON" desc="Fail-Safe Clock Monitor enabled" value="1"/>
            <ConfigFieldValue name="OFF" desc="Fail-Safe Clock Monitor disabled" value="0"/>
         </ConfigField>
         <ConfigField name="IESO" desc="Two-Speed Start-up (Internal/External Oscillator Switchover) Control bit" default="1" ishidden="false" nop_marker="false">
            <ConfigFieldValue name="ON" desc="Two-Speed Start-up enabled" value="1"/>
            <ConfigFieldValue name="OFF" desc="Two-Speed Start-up disabled" value="0"/>
         </ConfigField>
      </ConfigByte>
      <ConfigByte name="CONFIG2H" addr="32763">
         <ConfigField name="WDTPS" desc="Watchdog Timer Postscaler Select bits" default="15" ishidden="false" nop_marker="false">
            <ConfigFieldValue name="32768" desc="1:32768" value="15"/>
            <ConfigFieldValue name="16384" desc="1:16384" value="14"/>
            <ConfigFieldValue name="8192" desc="1:8192" value="13"/>
            <ConfigFieldValue name="4096" desc="1:4096" value="12"/>
            <ConfigFieldValue name="2048" desc="1:2048" value="11"/>
            <ConfigFieldValue name="1024" desc="1:1024" value="10"/>
            <ConfigFieldValue name="512" desc="1:512" value="9"/>
            <ConfigFieldValue name="256" desc="1:256" value="8"/>
            <ConfigFieldValue name="128" desc="1:128" value="7"/>
            <ConfigFieldValue name="64" desc="1:64" value="6"/>
            <ConfigFieldValue name="32" desc="1:32" value="5"/>
            <ConfigFieldValue name="16" desc="1:16" value="4"/>
            <ConfigFieldValue name="8" desc="1:8" value="3"/>
            <ConfigFieldValue name="4" desc="1:4" value="2"/>
            <ConfigFieldValue name="2" desc="1:2" value="1"/>
            <ConfigFieldValue name="1" desc="1:1" value="0"/>
         </ConfigField>
         <ConfigField name="RESERVED" desc="RESERVED" default="15" ishidden="true" nop_marker="true">
         </ConfigField>
<!-- config byte CONFIG2H field RESERVED default value (15) not defined -->
      </ConfigByte>
      <ConfigByte name="CONFIG3L" addr="32764">
         <ConfigField name="-" desc="" default="0" ishidden="false" nop_marker="false"/>
         <ConfigField name="RESERVED" desc="RESERVED" default="31" ishidden="true" nop_marker="false">
         </ConfigField>
<!-- config byte CONFIG3L field RESERVED default value (31) not defined -->
      </ConfigByte>
      <ConfigByte name="CONFIG3H" addr="32765">
         <ConfigField name="CCP2MX" desc="CCP2 MUX bit" default="1" ishidden="false" nop_marker="false">
            <ConfigFieldValue name="DEFAULT" desc="CCP2 is multiplexed with RC1" value="1"/>
            <ConfigFieldValue name="ALTERNATE" desc="CCP2 is multiplexed with RE7" value="0"/>
         </ConfigField>
         <ConfigField name="-" desc="" default="0" ishidden="false" nop_marker="false"/>
         <ConfigField name="RESERVED" desc="RESERVED" default="15" ishidden="true" nop_marker="true">
         </ConfigField>
<!-- config byte CONFIG3H field RESERVED default value (15) not defined -->
      </ConfigByte>
   </ConfigBits>
   <ReversedTypes>
      <ReversedType name="tAD"/>
      <ReversedType name="tCCP"/>
      <ReversedType name="tTMR0"/>
      <ReversedType name="tTMR16"/>
      <ReversedType name="tTMR8"/>
   </ReversedTypes>
   <Timers16Bit>
      <Timer number="0"/>
      <Timer number="1"/>
      <Timer number="3"/>
   </Timers16Bit>
   <DataSpaces>
      <GPR_DataSpace beginaddr="0" endaddr="2048"/>
      <SFR_DataSpace beginaddr="3936" endaddr="4096"/>
   </DataSpaces>
</Microcontroller>
