<?xml version="1.0" encoding="UTF-8"?>
<Microcontroller name="PIC18F87J94">
   <Generator program="pic18x_include_file_generator.exe"/>
   <Source filename="PIC18F87J94.PIC" mplabx_version="v3.55" filedate="2017-02-22"/>
   <CPUInfo>
      <Chip name="PIC18F87J94" is_extended="true" first_access_bank_absolute_address="3936" rom_size="131056" alt_shared_addr_test="0"/>
      <EEPROM size="0" eeadr="0" eeadrh="0" eecon1="3967" eecon2="3966" eedata="0"/>
      <IPEN_Location sfr="RCON" bit="7"/>
      <SFR name="UEP0" addr="3583"/>
      <SFR name="UEP1" addr="3584"/>
      <SFR name="UEP2" addr="3585"/>
      <SFR name="UEP3" addr="3586"/>
      <SFR name="UEP4" addr="3587"/>
      <SFR name="UEP5" addr="3588"/>
      <SFR name="UEP6" addr="3589"/>
      <SFR name="UEP7" addr="3590"/>
      <SFR name="UEP8" addr="3591"/>
      <SFR name="UEP9" addr="3592"/>
      <SFR name="UEP10" addr="3593"/>
      <SFR name="UEP11" addr="3594"/>
      <SFR name="UEP12" addr="3595"/>
      <SFR name="UEP13" addr="3596"/>
      <SFR name="UEP14" addr="3597"/>
      <SFR name="UEP15" addr="3598"/>
      <SFR name="UEIE" addr="3599"/>
      <SFR name="UIE" addr="3600"/>
      <SFR name="UCFG" addr="3601"/>
      <SFR name="RPOR0_1" addr="3602"/>
      <SFR name="RPOR2_3" addr="3603"/>
      <SFR name="RPOR4_5" addr="3604"/>
      <SFR name="RPOR6_7" addr="3605"/>
      <SFR name="RPOR8_9" addr="3606"/>
      <SFR name="RPOR10_11" addr="3607"/>
      <SFR name="RPOR12_13" addr="3608"/>
      <SFR name="RPOR14_15" addr="3609"/>
      <SFR name="RPOR16_17" addr="3610"/>
      <SFR name="RPOR18_19" addr="3611"/>
      <SFR name="RPOR20_21" addr="3612"/>
      <SFR name="RPOR22_23" addr="3613"/>
      <SFR name="RPOR24_25" addr="3614"/>
      <SFR name="RPOR26_27" addr="3615"/>
      <SFR name="RPOR28_29" addr="3616"/>
      <SFR name="RPOR30_31" addr="3617"/>
      <SFR name="RPOR32_33" addr="3618"/>
      <SFR name="RPOR34_35" addr="3619"/>
      <SFR name="RPOR36_37" addr="3620"/>
      <SFR name="RPOR38_39" addr="3621"/>
      <SFR name="RPOR40_41" addr="3622"/>
      <SFR name="RPOR42_43" addr="3623"/>
      <SFR name="RPOR44_45" addr="3624"/>
      <SFR name="RPOR46" addr="3625"/>
      <SFR name="RPINR0_1" addr="3626"/>
      <SFR name="RPINR2_3" addr="3627"/>
      <SFR name="RPINR4_5" addr="3628"/>
      <SFR name="RPINR6_7" addr="3629"/>
      <SFR name="RPINR8_9" addr="3630"/>
      <SFR name="RPINR10_11" addr="3631"/>
      <SFR name="RPINR12_13" addr="3632"/>
      <SFR name="RPINR14_15" addr="3633"/>
      <SFR name="RPINR16_17" addr="3634"/>
      <SFR name="RPINR18_19" addr="3635"/>
      <SFR name="RPINR20_21" addr="3636"/>
      <SFR name="RPINR22_23" addr="3637"/>
      <SFR name="RPINR24_25" addr="3638"/>
      <SFR name="RPINR26_27" addr="3639"/>
      <SFR name="RPINR28_29" addr="3640"/>
      <SFR name="RPINR30_31" addr="3641"/>
      <SFR name="RPINR32_33" addr="3642"/>
      <SFR name="RPINR34_35" addr="3643"/>
      <SFR name="RPINR36_37" addr="3644"/>
      <SFR name="RPINR38_39" addr="3645"/>
      <SFR name="RPINR40_41" addr="3646"/>
      <SFR name="RPINR42_43" addr="3647"/>
      <SFR name="RPINR44_45" addr="3648"/>
      <SFR name="RPINR46_47" addr="3649"/>
      <SFR name="RPINR48_49" addr="3650"/>
      <SFR name="RPINR50_51" addr="3651"/>
      <SFR name="RPINR52_53" addr="3652"/>
      <SFR name="ANCON3" addr="3653"/>
      <SFR name="ANCON2" addr="3654"/>
      <SFR name="ANCON1" addr="3655"/>
      <SFR name="ADCBUF1L" addr="3656"/>
      <SFR name="ADCBUF1H" addr="3657"/>
      <SFR name="ADCBUF2L" addr="3658"/>
      <SFR name="ADCBUF2H" addr="3659"/>
      <SFR name="ADCBUF3L" addr="3660"/>
      <SFR name="ADCBUF3H" addr="3661"/>
      <SFR name="ADCBUF4L" addr="3662"/>
      <SFR name="ADCBUF4H" addr="3663"/>
      <SFR name="ADCBUF5L" addr="3664"/>
      <SFR name="ADCBUF5H" addr="3665"/>
      <SFR name="ADCBUF6L" addr="3666"/>
      <SFR name="ADCBUF6H" addr="3667"/>
      <SFR name="ADCBUF7L" addr="3668"/>
      <SFR name="ADCBUF7H" addr="3669"/>
      <SFR name="ADCBUF8L" addr="3670"/>
      <SFR name="ADCBUF8H" addr="3671"/>
      <SFR name="ADCBUF9L" addr="3672"/>
      <SFR name="ADCBUF9H" addr="3673"/>
      <SFR name="ADCBUF10L" addr="3674"/>
      <SFR name="ADCBUF10H" addr="3675"/>
      <SFR name="ADCBUF11L" addr="3676"/>
      <SFR name="ADCBUF11H" addr="3677"/>
      <SFR name="ADCBUF12L" addr="3678"/>
      <SFR name="ADCBUF12H" addr="3679"/>
      <SFR name="ADCBUF13L" addr="3680"/>
      <SFR name="ADCBUF13H" addr="3681"/>
      <SFR name="ADCBUF14L" addr="3682"/>
      <SFR name="ADCBUF14H" addr="3683"/>
      <SFR name="ADCBUF15L" addr="3684"/>
      <SFR name="ADCBUF15H" addr="3685"/>
      <SFR name="ADCBUF16L" addr="3686"/>
      <SFR name="ADCBUF16H" addr="3687"/>
      <SFR name="ADCBUF17L" addr="3688"/>
      <SFR name="ADCBUF17H" addr="3689"/>
      <SFR name="ADCBUF18L" addr="3690"/>
      <SFR name="ADCBUF18H" addr="3691"/>
      <SFR name="ADCBUF19L" addr="3692"/>
      <SFR name="ADCBUF19H" addr="3693"/>
      <SFR name="ADCBUF20L" addr="3694"/>
      <SFR name="ADCBUF20H" addr="3695"/>
      <SFR name="ADCBUF21L" addr="3696"/>
      <SFR name="ADCBUF21H" addr="3697"/>
      <SFR name="ADCBUF22L" addr="3698"/>
      <SFR name="ADCBUF22H" addr="3699"/>
      <SFR name="ADCBUF23L" addr="3700"/>
      <SFR name="ADCBUF23H" addr="3701"/>
      <SFR name="ADCBUF24L" addr="3702"/>
      <SFR name="ADCBUF24H" addr="3703"/>
      <SFR name="ADCBUF25L" addr="3704"/>
      <SFR name="ADCBUF25H" addr="3705"/>
      <SFR name="ADCTMUEN0L" addr="3706"/>
      <SFR name="ADCTMUEN0H" addr="3707"/>
      <SFR name="ADCTMUEN1L" addr="3708"/>
      <SFR name="ADCTMUEN1H" addr="3709"/>
      <SFR name="ADCHIT0L" addr="3710"/>
      <SFR name="ADCHIT0H" addr="3711"/>
      <SFR name="ADCHIT1L" addr="3712"/>
      <SFR name="ADCHIT1H" addr="3713"/>
      <SFR name="ADCSS0L" addr="3714"/>
      <SFR name="ADCSS0H" addr="3715"/>
      <SFR name="ADCSS1L" addr="3716"/>
      <SFR name="ADCSS1H" addr="3717"/>
      <SFR name="ADCHS0L" addr="3718"/>
      <SFR name="ADCHS0H" addr="3719"/>
      <SFR name="ADCON5L" addr="3720"/>
      <SFR name="ADCON5H" addr="3721"/>
      <SFR name="ADCON3L" addr="3722"/>
      <SFR name="ADCON3H" addr="3723"/>
      <SFR name="ADCON2L" addr="3724"/>
      <SFR name="ADCON2H" addr="3725"/>
      <SFR name="LCDDATA0" addr="3726"/>
      <SFR name="LCDDATA1" addr="3727"/>
      <SFR name="LCDDATA2" addr="3728"/>
      <SFR name="LCDDATA3" addr="3729"/>
      <SFR name="LCDDATA4" addr="3730"/>
      <SFR name="LCDDATA5" addr="3731"/>
      <SFR name="LCDDATA6" addr="3732"/>
      <SFR name="LCDDATA7" addr="3733"/>
      <SFR name="LCDDATA8" addr="3734"/>
      <SFR name="LCDDATA9" addr="3735"/>
      <SFR name="LCDDATA10" addr="3736"/>
      <SFR name="LCDDATA11" addr="3737"/>
      <SFR name="LCDDATA12" addr="3738"/>
      <SFR name="LCDDATA13" addr="3739"/>
      <SFR name="LCDDATA14" addr="3740"/>
      <SFR name="LCDDATA15" addr="3741"/>
      <SFR name="LCDDATA16" addr="3742"/>
      <SFR name="LCDDATA17" addr="3743"/>
      <SFR name="LCDDATA18" addr="3744"/>
      <SFR name="LCDDATA19" addr="3745"/>
      <SFR name="LCDDATA20" addr="3746"/>
      <SFR name="LCDDATA21" addr="3747"/>
      <SFR name="LCDDATA22" addr="3748"/>
      <SFR name="LCDDATA23" addr="3749"/>
      <SFR name="LCDDATA24" addr="3750"/>
      <SFR name="LCDDATA25" addr="3751"/>
      <SFR name="LCDDATA26" addr="3752"/>
      <SFR name="LCDDATA27" addr="3753"/>
      <SFR name="LCDDATA28" addr="3754"/>
      <SFR name="LCDDATA29" addr="3755"/>
      <SFR name="LCDDATA30" addr="3756"/>
      <SFR name="LCDDATA31" addr="3757"/>
      <SFR name="LCDDATA32" addr="3758"/>
      <SFR name="LCDDATA33" addr="3759"/>
      <SFR name="LCDDATA34" addr="3760"/>
      <SFR name="LCDDATA35" addr="3761"/>
      <SFR name="LCDDATA36" addr="3762"/>
      <SFR name="LCDDATA37" addr="3763"/>
      <SFR name="LCDDATA38" addr="3764"/>
      <SFR name="LCDDATA39" addr="3765"/>
      <SFR name="LCDDATA40" addr="3766"/>
      <SFR name="LCDDATA41" addr="3767"/>
      <SFR name="LCDDATA42" addr="3768"/>
      <SFR name="LCDDATA43" addr="3769"/>
      <SFR name="LCDDATA44" addr="3770"/>
      <SFR name="LCDDATA45" addr="3771"/>
      <SFR name="LCDDATA46" addr="3772"/>
      <SFR name="LCDDATA47" addr="3773"/>
      <SFR name="LCDDATA48" addr="3774"/>
      <SFR name="LCDDATA49" addr="3775"/>
      <SFR name="LCDDATA50" addr="3776"/>
      <SFR name="LCDDATA51" addr="3777"/>
      <SFR name="LCDDATA52" addr="3778"/>
      <SFR name="LCDDATA53" addr="3779"/>
      <SFR name="LCDDATA54" addr="3780"/>
      <SFR name="LCDDATA55" addr="3781"/>
      <SFR name="LCDDATA56" addr="3782"/>
      <SFR name="LCDDATA57" addr="3783"/>
      <SFR name="LCDDATA58" addr="3784"/>
      <SFR name="LCDDATA59" addr="3785"/>
      <SFR name="LCDDATA60" addr="3786"/>
      <SFR name="LCDDATA61" addr="3787"/>
      <SFR name="LCDDATA62" addr="3788"/>
      <SFR name="LCDDATA63" addr="3789"/>
      <SFR name="LCDSE0" addr="3790"/>
      <SFR name="LCDSE1" addr="3791"/>
      <SFR name="LCDSE2" addr="3792"/>
      <SFR name="LCDSE3" addr="3793"/>
      <SFR name="LCDSE4" addr="3794"/>
      <SFR name="LCDSE5" addr="3795"/>
      <SFR name="LCDSE6" addr="3796"/>
      <SFR name="LCDSE7" addr="3797"/>
      <SFR name="LCDRL" addr="3798"/>
      <SFR name="LCDREF" addr="3799"/>
      <SFR name="LCDREG" addr="3800"/>
      <SFR name="LCDCON" addr="3801"/>
      <SFR name="LCDPS" addr="3802"/>
      <SFR name="REFO2CON3" addr="3803"/>
      <SFR name="REFO2CON2" addr="3804"/>
      <SFR name="REFO2CON1" addr="3805"/>
      <SFR name="REFO2CON" addr="3806"/>
      <SFR name="REFO1CON3" addr="3807"/>
      <SFR name="REFO1CON2" addr="3808"/>
      <SFR name="REFO1CON1" addr="3809"/>
      <SFR name="REFO1CON" addr="3810"/>
      <SFR name="MEMCON" addr="3811"/>
      <SFR name="ODCON2" addr="3818"/>
      <SFR name="ODCON1" addr="3819"/>
      <SFR name="MDCARL" addr="3820"/>
      <SFR name="MDCARH" addr="3821"/>
      <SFR name="MDSRC" addr="3822"/>
      <SFR name="MDCON" addr="3823"/>
      <SFR name="PMD4" addr="3824"/>
      <SFR name="PMD3" addr="3825"/>
      <SFR name="PMD2" addr="3826"/>
      <SFR name="PMD1" addr="3827"/>
      <SFR name="PMD0" addr="3828"/>
      <SFR name="CTMUCON4" addr="3829"/>
      <SFR name="CTMUCON3" addr="3830"/>
      <SFR name="CTMUCON2" addr="3831"/>
      <SFR name="CTMUCON1" addr="3832"/>
      <SFR name="TXREG4" addr="3833"/>
      <SFR name="RCREG4" addr="3834"/>
      <SFR name="SPBRG4" addr="3835"/>
      <SFR name="SPBRGH4" addr="3836"/>
      <SFR name="BAUDCON4" addr="3837"/>
      <SFR name="TXSTA4" addr="3838"/>
      <SFR name="RCSTA4" addr="3839"/>
      <SFR name="DMACON2" addr="3840"/>
      <SFR name="ANCFG" addr="3841"/>
      <SFR name="SSP2ADD" addr="3842"/>
      <SFR name="SSP2BUF" addr="3843"/>
      <SFR name="T4CON" addr="3844"/>
      <SFR name="PR4" addr="3845"/>
      <SFR name="TMR4" addr="3846"/>
      <SFR name="CCP7CON" addr="3847"/>
      <SFR name="CCPR7L" addr="3848"/>
      <SFR name="CCPR7H" addr="3849"/>
      <SFR name="CCP6CON" addr="3850"/>
      <SFR name="CCPR6L" addr="3851"/>
      <SFR name="CCPR6H" addr="3852"/>
      <SFR name="CCP5CON" addr="3853"/>
      <SFR name="CCPR5L" addr="3854"/>
      <SFR name="CCPR5H" addr="3855"/>
      <SFR name="CCP4CON" addr="3856"/>
      <SFR name="CCPR4L" addr="3857"/>
      <SFR name="CCPR4H" addr="3858"/>
      <SFR name="T5GCON" addr="3859"/>
      <SFR name="T5CON" addr="3860"/>
      <SFR name="TMR5L" addr="3861"/>
      <SFR name="TMR5H" addr="3862"/>
      <SFR name="SSP2MSK" addr="3863"/>
      <SFR name="SSP2CON2" addr="3864"/>
      <SFR name="SSP2CON1" addr="3865"/>
      <SFR name="SSP2STAT" addr="3866"/>
      <SFR name="PSTR3CON" addr="3867"/>
      <SFR name="PSTR2CON" addr="3868"/>
      <SFR name="TXREG2" addr="3869"/>
      <SFR name="RCREG2" addr="3870"/>
      <SFR name="SPBRG2" addr="3871"/>
      <SFR name="SPBRGH2" addr="3872"/>
      <SFR name="DSGPR3" addr="3873"/>
      <SFR name="DSGPR2" addr="3874"/>
      <SFR name="DSGPR1" addr="3875"/>
      <SFR name="DSGPR0" addr="3876"/>
      <SFR name="DSWAKEH" addr="3877"/>
      <SFR name="DSWAKEL" addr="3878"/>
      <SFR name="DSCONH" addr="3879"/>
      <SFR name="DSCONL" addr="3880"/>
      <SFR name="TXREG3" addr="3881"/>
      <SFR name="RCREG3" addr="3882"/>
      <SFR name="SPBRG3" addr="3883"/>
      <SFR name="SPBRGH3" addr="3884"/>
      <SFR name="BAUDCON3" addr="3885"/>
      <SFR name="TXSTA3" addr="3886"/>
      <SFR name="RCSTA3" addr="3887"/>
      <SFR name="SPBRGH1" addr="3888"/>
      <SFR name="BAUDCON2" addr="3889"/>
      <SFR name="TXSTA2" addr="3890"/>
      <SFR name="RCSTA2" addr="3891"/>
      <SFR name="CCPTMRS2" addr="3892"/>
      <SFR name="CCPTMRS1" addr="3893"/>
      <SFR name="CCPTMRS0" addr="3894"/>
      <SFR name="CM3CON" addr="3895"/>
      <SFR name="CM2CON" addr="3896"/>
      <SFR name="SSP2CON3" addr="3897"/>
      <SFR name="T8CON" addr="3898"/>
      <SFR name="PR8" addr="3899"/>
      <SFR name="TMR8" addr="3900"/>
      <SFR name="T6CON" addr="3901"/>
      <SFR name="PR6" addr="3902"/>
      <SFR name="TMR6" addr="3903"/>
      <SFR name="CCP10CON" addr="3904"/>
      <SFR name="CCPR10L" addr="3905"/>
      <SFR name="CCPR10H" addr="3906"/>
      <SFR name="CCP9CON" addr="3907"/>
      <SFR name="CCPR9L" addr="3908"/>
      <SFR name="CCPR9H" addr="3909"/>
      <SFR name="CCP8CON" addr="3910"/>
      <SFR name="CCPR8L" addr="3911"/>
      <SFR name="CCPR8H" addr="3912"/>
      <SFR name="CCP3CON" addr="3913"/>
      <SFR name="CCPR3L" addr="3914"/>
      <SFR name="CCPR3H" addr="3915"/>
      <SFR name="ECCP3DEL" addr="3916"/>
      <SFR name="ECCP3AS" addr="3917"/>
      <SFR name="CCP2CON" addr="3918"/>
      <SFR name="CCPR2L" addr="3919"/>
      <SFR name="CCPR2H" addr="3920"/>
      <SFR name="ECCP2DEL" addr="3921"/>
      <SFR name="ECCP2AS" addr="3922"/>
      <SFR name="CM1CON" addr="3923"/>
      <SFR name="PADCFG1" addr="3924"/>
      <SFR name="IOCN" addr="3925"/>
      <SFR name="IOCP" addr="3926"/>
      <SFR name="RTCCON2" addr="3927"/>
      <SFR name="ALRMVALL" addr="3928"/>
      <SFR name="ALRMVALH" addr="3929"/>
      <SFR name="ALRMRPT" addr="3930"/>
      <SFR name="ALRMCFG" addr="3931"/>
      <SFR name="RTCVALL" addr="3932"/>
      <SFR name="RTCVALH" addr="3933"/>
      <SFR name="RTCCAL" addr="3934"/>
      <SFR name="RTCCON1" addr="3935"/>
      <SFR name="DMACON1" addr="3936"/>
      <SFR name="PIE6" addr="3937"/>
      <SFR name="WPUB" addr="3938"/>
      <SFR name="ACTCON" addr="3939"/>
      <SFR name="OSCCON4" addr="3940"/>
      <SFR name="OSCCON3" addr="3941"/>
      <SFR name="OSCCON2" addr="3942"/>
      <SFR name="BAUDCON1" addr="3943"/>
      <SFR name="SSP1MSK" addr="3944"/>
      <SFR name="SSP1CON3" addr="3945"/>
      <SFR name="TXBUF" addr="3946"/>
      <SFR name="DMABCH" addr="3947"/>
      <SFR name="DMABCL" addr="3948"/>
      <SFR name="RXADDRH" addr="3949"/>
      <SFR name="RXADDRL" addr="3950"/>
      <SFR name="TXADDRH" addr="3951"/>
      <SFR name="TXADDRL" addr="3952"/>
      <SFR name="PORTVP" addr="3953"/>
      <SFR name="LATVP" addr="3954"/>
      <SFR name="TRISVP" addr="3955"/>
      <SFR name="UADDR" addr="3956"/>
      <SFR name="UCON" addr="3957"/>
      <SFR name="USTAT" addr="3958"/>
      <SFR name="UEIR" addr="3959"/>
      <SFR name="UIR" addr="3960"/>
      <SFR name="UFRML" addr="3962"/>
      <SFR name="UFRMH" addr="3961"/>
      <SFR name="RCON4" addr="3963"/>
      <SFR name="RCON3" addr="3964"/>
      <SFR name="RCON2" addr="3965"/>
      <SFR name="PORTA" addr="3968"/>
      <SFR name="PORTB" addr="3969"/>
      <SFR name="PORTC" addr="3970"/>
      <SFR name="PORTD" addr="3971"/>
      <SFR name="PORTE" addr="3972"/>
      <SFR name="PORTF" addr="3973"/>
      <SFR name="PORTG" addr="3974"/>
      <SFR name="PORTH" addr="3975"/>
      <SFR name="PORTJ" addr="3976"/>
      <SFR name="LATA" addr="3977"/>
      <SFR name="LATB" addr="3978"/>
      <SFR name="LATC" addr="3979"/>
      <SFR name="LATD" addr="3980"/>
      <SFR name="LATE" addr="3981"/>
      <SFR name="LATF" addr="3982"/>
      <SFR name="LATG" addr="3983"/>
      <SFR name="LATH" addr="3984"/>
      <SFR name="LATJ" addr="3985"/>
      <SFR name="TRISA" addr="3986"/>
      <SFR name="TRISB" addr="3987"/>
      <SFR name="TRISC" addr="3988"/>
      <SFR name="TRISD" addr="3989"/>
      <SFR name="TRISE" addr="3990"/>
      <SFR name="TRISF" addr="3991"/>
      <SFR name="TRISG" addr="3992"/>
      <SFR name="TRISH" addr="3993"/>
      <SFR name="TRISJ" addr="3994"/>
      <SFR name="OSCTUNE" addr="3995"/>
      <SFR name="PSTR1CON" addr="3996"/>
      <SFR name="PIE1" addr="3997"/>
      <SFR name="PIR1" addr="3998"/>
      <SFR name="IPR1" addr="3999"/>
      <SFR name="PIE2" addr="4000"/>
      <SFR name="PIR2" addr="4001"/>
      <SFR name="IPR2" addr="4002"/>
      <SFR name="PIE3" addr="4003"/>
      <SFR name="PIR3" addr="4004"/>
      <SFR name="IPR3" addr="4005"/>
      <SFR name="PIR6" addr="4006"/>
      <SFR name="PSPCON" addr="4007"/>
      <SFR name="HLVDCON" addr="4008"/>
      <SFR name="IPR6" addr="4009"/>
      <SFR name="T1GCON" addr="4010"/>
      <SFR name="RCSTA1" addr="4011"/>
      <SFR name="TXSTA1" addr="4012"/>
      <SFR name="TXREG1" addr="4013"/>
      <SFR name="RCREG1" addr="4014"/>
      <SFR name="SPBRG1" addr="4015"/>
      <SFR name="T3GCON" addr="4016"/>
      <SFR name="T3CON" addr="4017"/>
      <SFR name="TMR3L" addr="4018"/>
      <SFR name="TMR3H" addr="4019"/>
      <SFR name="PIE4" addr="4020"/>
      <SFR name="PIR4" addr="4021"/>
      <SFR name="IPR4" addr="4022"/>
      <SFR name="PIE5" addr="4023"/>
      <SFR name="PIR5" addr="4024"/>
      <SFR name="CCP1CON" addr="4025"/>
      <SFR name="CCPR1L" addr="4026"/>
      <SFR name="CCPR1H" addr="4027"/>
      <SFR name="ECCP1DEL" addr="4028"/>
      <SFR name="ECCP1AS" addr="4029"/>
      <SFR name="CVRCONL" addr="4030"/>
      <SFR name="CVRCONH" addr="4031"/>
      <SFR name="ADCON1L" addr="4032"/>
      <SFR name="ADCON1H" addr="4033"/>
      <SFR name="ADCBUF0L" addr="4034"/>
      <SFR name="ADCBUF0H" addr="4035"/>
      <SFR name="CMSTAT" addr="4036"/>
      <SFR name="SSP1CON2" addr="4037"/>
      <SFR name="SSP1CON1" addr="4038"/>
      <SFR name="SSP1STAT" addr="4039"/>
      <SFR name="SSP1ADD" addr="4040"/>
      <SFR name="SSP1BUF" addr="4041"/>
      <SFR name="T2CON" addr="4042"/>
      <SFR name="PR2" addr="4043"/>
      <SFR name="TMR2" addr="4044"/>
      <SFR name="T1CON" addr="4045"/>
      <SFR name="TMR1L" addr="4046"/>
      <SFR name="TMR1H" addr="4047"/>
      <SFR name="RCON" addr="4048"/>
      <SFR name="IOCF" addr="4049"/>
      <SFR name="IPR5" addr="4050"/>
      <SFR name="OSCCON" addr="4051"/>
      <SFR name="T0CON" addr="4053"/>
      <SFR name="TMR0L" addr="4054"/>
      <SFR name="TMR0H" addr="4055"/>
      <SFR name="INTCON3" addr="4080"/>
      <SFR name="INTCON2" addr="4081"/>
      <SFR name="INTCON" addr="4082"/>
   </CPUInfo>
   <ConfigBits start_addr="131056" end_addr="131071">
      <ConfigByte name="CONFIG1L" addr="131056">
         <ConfigField name="-" desc="" default="0" ishidden="false" nop_marker="false"/>
         <ConfigField name="STVREN" desc="Stack Overflow/Underflow Reset" default="1" ishidden="false" nop_marker="false">
            <ConfigFieldValue name="ON" desc="Enabled" value="1"/>
            <ConfigFieldValue name="OFF" desc="Disabled" value="0"/>
         </ConfigField>
         <ConfigField name="XINST" desc="Extended Instruction Set" default="1" ishidden="false" nop_marker="false">
            <ConfigFieldValue name="ON" desc="Enabled" value="1"/>
            <ConfigFieldValue name="OFF" desc="Disabled" value="0"/>
         </ConfigField>
         <ConfigField name="DEBUG" desc="Background Debug" default="1" ishidden="true" nop_marker="false">
            <ConfigFieldValue name="OFF" desc="Disabled" value="1"/>
            <ConfigFieldValue name="ON" desc="Enabled" value="0"/>
         </ConfigField>
      </ConfigByte>
      <ConfigByte name="CONFIG1H" addr="131057">
         <ConfigField name="BOREN" desc="Brown-Out Reset Enable" default="1" ishidden="false" nop_marker="false">
            <ConfigFieldValue name="ON" desc="Controlled with SBOREN bit, disabled in Deep Sleep" value="1"/>
            <ConfigFieldValue name="OFF" desc="Disabled in hardware" value="0"/>
         </ConfigField>
         <ConfigField name="BORV" desc="Brown-out Reset Voltage" default="1" ishidden="false" nop_marker="false">
            <ConfigFieldValue name="1" desc="1.8V" value="1"/>
            <ConfigFieldValue name="0" desc="2.0V" value="0"/>
         </ConfigField>
         <ConfigField name="CP0" desc="Code Protect" default="1" ishidden="false" nop_marker="false">
            <ConfigFieldValue name="OFF" desc="Program memory is not code-protected" value="1"/>
            <ConfigFieldValue name="ON" desc="Program memory is code-protected" value="0"/>
         </ConfigField>
         <ConfigField name="SIGN" desc="Config Word Signature Bit" default="0" ishidden="true" nop_marker="false">
         </ConfigField>
<!-- config byte CONFIG1H field SIGN default value (0) not defined -->
         <ConfigField name="RESERVED" desc="RESERVED" default="15" ishidden="true" nop_marker="true"/>
      </ConfigByte>
      <ConfigByte name="CONFIG2L" addr="131058">
         <ConfigField name="FOSC" desc="Oscillator" default="7" ishidden="false" nop_marker="false">
            <ConfigFieldValue name="FRCDIV" desc="Fast RC Oscillator with Postscaler (FRCDIV)" value="7"/>
            <ConfigFieldValue name="FRC500KHZ" desc="Fast RC Oscillator divided by 16 (500 kHz)" value="6"/>
            <ConfigFieldValue name="LPRC" desc="Low-Power RC Oscillator (LPRC)" value="5"/>
            <ConfigFieldValue name="SOSC" desc="Secondary Oscillator (SOSC)" value="4"/>
            <ConfigFieldValue name="PRIPLL" desc="Primary Oscillator with PLL module (XTPLL,HSPLL,ECPLL)" value="3"/>
            <ConfigFieldValue name="PRI" desc="Primary Oscillator (XT, HS, EC)" value="2"/>
            <ConfigFieldValue name="FRCPLL" desc="Fast RC Oscillator with PLL module (FRCPLL)" value="1"/>
            <ConfigFieldValue name="FRC" desc="Fast RC Oscillator (FRC)" value="0"/>
         </ConfigField>
         <ConfigField name="SOSCSEL" desc="T1OSC/SOSC Power Selection Bits" default="1" ishidden="false" nop_marker="false">
            <ConfigFieldValue name="LOW" desc="Low Power T1OSC/SOSC circuit selected" value="1"/>
            <ConfigFieldValue name="DIG" desc="Digital (SCLKI) mode" value="0"/>
         </ConfigField>
         <ConfigField name="-" desc="" default="0" ishidden="false" nop_marker="false"/>
         <ConfigField name="CLKOEN" desc="Clock Out Enable Bit" default="1" ishidden="false" nop_marker="false">
            <ConfigFieldValue name="ON" desc="CLKO output enabled on the RA6 pin" value="1"/>
            <ConfigFieldValue name="OFF" desc="CLKO output disabled on the RA6 pin" value="0"/>
         </ConfigField>
         <ConfigField name="-" desc="" default="0" ishidden="false" nop_marker="false"/>
         <ConfigField name="IESO" desc="Internal External Oscillator Switch Over Mode" default="1" ishidden="false" nop_marker="false">
            <ConfigFieldValue name="ON" desc="Enabled" value="1"/>
            <ConfigFieldValue name="OFF" desc="Disabled" value="0"/>
         </ConfigField>
      </ConfigByte>
      <ConfigByte name="CONFIG2H" addr="131059">
         <ConfigField name="PLLDIV" desc="PLL Frequency Multiplier Select bits" default="15" ishidden="false" nop_marker="false">
            <ConfigFieldValue name="NOPLL" desc="No PLL used - PLLGO bit not available to user" value="15"/>
            <ConfigFieldValue name="PLL8X" desc="8x PLL selected" value="14"/>
            <ConfigFieldValue name="PLL6X" desc="6x PLL selected" value="13"/>
            <ConfigFieldValue name="PLL4X" desc="4x PLL selected" value="12"/>
            <ConfigFieldValue name="DIV12" desc="96 MHz PLL selected; Oscillator divided by 12 (48 MHz input)" value="7"/>
            <ConfigFieldValue name="DIV10" desc="96 MHz PLL selected; Oscillator divided by 10 (40 MHz input)" value="6"/>
            <ConfigFieldValue name="DIV6" desc="96 MHz PLL selected; Oscillator divided by 6 (24 MHz input)" value="5"/>
            <ConfigFieldValue name="DIV5" desc="96 MHz PLL selected; Oscillator divided by 5 (20 MHz input)" value="4"/>
            <ConfigFieldValue name="DIV4" desc="96 MHz PLL selected; Oscillator divided by 4 (16 MHz input)" value="3"/>
            <ConfigFieldValue name="DIV3" desc="96 MHz PLL selected; Oscillator divided by 3 (12 MHz input)" value="2"/>
            <ConfigFieldValue name="DIV2" desc="96 MHz PLL selected; Oscillator divided by 2 (8 MHz input)" value="1"/>
            <ConfigFieldValue name="NODIV" desc="96 MHz PLL selected; No divide - Oscillator used directly (4 MHz input)" value="0"/>
         </ConfigField>
         <ConfigField name="RESERVED" desc="RESERVED" default="15" ishidden="true" nop_marker="true"/>
      </ConfigByte>
      <ConfigByte name="CONFIG3L" addr="131060">
         <ConfigField name="POSCMD" desc="Primary Oscillator Select" default="3" ishidden="false" nop_marker="false">
            <ConfigFieldValue name="NONE" desc="Primary oscillator disabled" value="3"/>
            <ConfigFieldValue name="HS" desc="HS oscillator mode selected(10 MHz - 40 MHz)" value="2"/>
            <ConfigFieldValue name="MS" desc="MS oscillator mode selected(3.5 MHz -10 MHz)" value="1"/>
            <ConfigFieldValue name="EC" desc="External clock mode selected" value="0"/>
         </ConfigField>
         <ConfigField name="-" desc="" default="0" ishidden="false" nop_marker="false"/>
         <ConfigField name="FSCM" desc="Clock Switching and Monitor Selection Configuration bits" default="2" ishidden="false" nop_marker="false">
            <ConfigFieldValue name="CSDCMD" desc="Clock switching is disabled, fail safe clock monitor is disabled" value="2"/>
            <ConfigFieldValue name="CSECMD" desc="Clock switching is enabled, fail safe clock monitor is disabled" value="1"/>
            <ConfigFieldValue name="CSECME" desc="Clock switching is enabled, fail safe clock monitor is enabled" value="0"/>
         </ConfigField>
      </ConfigByte>
      <ConfigByte name="CONFIG3H" addr="131061">
         <ConfigField name="-" desc="" default="0" ishidden="false" nop_marker="false"/>
         <ConfigField name="RESERVED" desc="RESERVED" default="15" ishidden="true" nop_marker="true"/>
      </ConfigByte>
      <ConfigByte name="CONFIG4L" addr="131062">
         <ConfigField name="WPFP" desc="Write/Erase Protect Page Start/End Boundary" default="255" ishidden="false" nop_marker="false">
            <ConfigFieldValue name="WPFP255" desc="Write Protect Program Flash Page 255" value="255"/>
            <ConfigFieldValue name="WPFP254" desc="Write Protect Program Flash Page 254" value="254"/>
            <ConfigFieldValue name="WPFP253" desc="Write Protect Program Flash Page 253" value="253"/>
            <ConfigFieldValue name="WPFP252" desc="Write Protect Program Flash Page 252" value="252"/>
            <ConfigFieldValue name="WPFP251" desc="Write Protect Program Flash Page 251" value="251"/>
            <ConfigFieldValue name="WPFP250" desc="Write Protect Program Flash Page 250" value="250"/>
            <ConfigFieldValue name="WPFP249" desc="Write Protect Program Flash Page 249" value="249"/>
            <ConfigFieldValue name="WPFP248" desc="Write Protect Program Flash Page 248" value="248"/>
            <ConfigFieldValue name="WPFP247" desc="Write Protect Program Flash Page 247" value="247"/>
            <ConfigFieldValue name="WPFP246" desc="Write Protect Program Flash Page 246" value="246"/>
            <ConfigFieldValue name="WPFP245" desc="Write Protect Program Flash Page 245" value="245"/>
            <ConfigFieldValue name="WPFP244" desc="Write Protect Program Flash Page 244" value="244"/>
            <ConfigFieldValue name="WPFP243" desc="Write Protect Program Flash Page 243" value="243"/>
            <ConfigFieldValue name="WPFP242" desc="Write Protect Program Flash Page 242" value="242"/>
            <ConfigFieldValue name="WPFP241" desc="Write Protect Program Flash Page 241" value="241"/>
            <ConfigFieldValue name="WPFP240" desc="Write Protect Program Flash Page 240" value="240"/>
            <ConfigFieldValue name="WPFP239" desc="Write Protect Program Flash Page 239" value="239"/>
            <ConfigFieldValue name="WPFP238" desc="Write Protect Program Flash Page 238" value="238"/>
            <ConfigFieldValue name="WPFP237" desc="Write Protect Program Flash Page 237" value="237"/>
            <ConfigFieldValue name="WPFP236" desc="Write Protect Program Flash Page 236" value="236"/>
            <ConfigFieldValue name="WPFP235" desc="Write Protect Program Flash Page 235" value="235"/>
            <ConfigFieldValue name="WPFP234" desc="Write Protect Program Flash Page 234" value="234"/>
            <ConfigFieldValue name="WPFP233" desc="Write Protect Program Flash Page 233" value="233"/>
            <ConfigFieldValue name="WPFP232" desc="Write Protect Program Flash Page 232" value="232"/>
            <ConfigFieldValue name="WPFP231" desc="Write Protect Program Flash Page 231" value="231"/>
            <ConfigFieldValue name="WPFP230" desc="Write Protect Program Flash Page 230" value="230"/>
            <ConfigFieldValue name="WPFP229" desc="Write Protect Program Flash Page 229" value="229"/>
            <ConfigFieldValue name="WPFP228" desc="Write Protect Program Flash Page 228" value="228"/>
            <ConfigFieldValue name="WPFP227" desc="Write Protect Program Flash Page 227" value="227"/>
            <ConfigFieldValue name="WPFP226" desc="Write Protect Program Flash Page 226" value="226"/>
            <ConfigFieldValue name="WPFP225" desc="Write Protect Program Flash Page 225" value="225"/>
            <ConfigFieldValue name="WPFP224" desc="Write Protect Program Flash Page 224" value="224"/>
            <ConfigFieldValue name="WPFP223" desc="Write Protect Program Flash Page 223" value="223"/>
            <ConfigFieldValue name="WPFP222" desc="Write Protect Program Flash Page 222" value="222"/>
            <ConfigFieldValue name="WPFP221" desc="Write Protect Program Flash Page 221" value="221"/>
            <ConfigFieldValue name="WPFP220" desc="Write Protect Program Flash Page 220" value="220"/>
            <ConfigFieldValue name="WPFP219" desc="Write Protect Program Flash Page 219" value="219"/>
            <ConfigFieldValue name="WPFP218" desc="Write Protect Program Flash Page 218" value="218"/>
            <ConfigFieldValue name="WPFP217" desc="Write Protect Program Flash Page 217" value="217"/>
            <ConfigFieldValue name="WPFP216" desc="Write Protect Program Flash Page 216" value="216"/>
            <ConfigFieldValue name="WPFP215" desc="Write Protect Program Flash Page 215" value="215"/>
            <ConfigFieldValue name="WPFP214" desc="Write Protect Program Flash Page 214" value="214"/>
            <ConfigFieldValue name="WPFP213" desc="Write Protect Program Flash Page 213" value="213"/>
            <ConfigFieldValue name="WPFP212" desc="Write Protect Program Flash Page 212" value="212"/>
            <ConfigFieldValue name="WPFP211" desc="Write Protect Program Flash Page 211" value="211"/>
            <ConfigFieldValue name="WPFP210" desc="Write Protect Program Flash Page 210" value="210"/>
            <ConfigFieldValue name="WPFP209" desc="Write Protect Program Flash Page 209" value="209"/>
            <ConfigFieldValue name="WPFP208" desc="Write Protect Program Flash Page 208" value="208"/>
            <ConfigFieldValue name="WPFP207" desc="Write Protect Program Flash Page 207" value="207"/>
            <ConfigFieldValue name="WPFP206" desc="Write Protect Program Flash Page 206" value="206"/>
            <ConfigFieldValue name="WPFP205" desc="Write Protect Program Flash Page 205" value="205"/>
            <ConfigFieldValue name="WPFP204" desc="Write Protect Program Flash Page 204" value="204"/>
            <ConfigFieldValue name="WPFP203" desc="Write Protect Program Flash Page 203" value="203"/>
            <ConfigFieldValue name="WPFP202" desc="Write Protect Program Flash Page 202" value="202"/>
            <ConfigFieldValue name="WPFP201" desc="Write Protect Program Flash Page 201" value="201"/>
            <ConfigFieldValue name="WPFP200" desc="Write Protect Program Flash Page 200" value="200"/>
            <ConfigFieldValue name="WPFP199" desc="Write Protect Program Flash Page 199" value="199"/>
            <ConfigFieldValue name="WPFP198" desc="Write Protect Program Flash Page 198" value="198"/>
            <ConfigFieldValue name="WPFP197" desc="Write Protect Program Flash Page 197" value="197"/>
            <ConfigFieldValue name="WPFP196" desc="Write Protect Program Flash Page 196" value="196"/>
            <ConfigFieldValue name="WPFP195" desc="Write Protect Program Flash Page 195" value="195"/>
            <ConfigFieldValue name="WPFP194" desc="Write Protect Program Flash Page 194" value="194"/>
            <ConfigFieldValue name="WPFP193" desc="Write Protect Program Flash Page 193" value="193"/>
            <ConfigFieldValue name="WPFP192" desc="Write Protect Program Flash Page 192" value="192"/>
            <ConfigFieldValue name="WPFP191" desc="Write Protect Program Flash Page 191" value="191"/>
            <ConfigFieldValue name="WPFP190" desc="Write Protect Program Flash Page 190" value="190"/>
            <ConfigFieldValue name="WPFP189" desc="Write Protect Program Flash Page 189" value="189"/>
            <ConfigFieldValue name="WPFP188" desc="Write Protect Program Flash Page 188" value="188"/>
            <ConfigFieldValue name="WPFP187" desc="Write Protect Program Flash Page 187" value="187"/>
            <ConfigFieldValue name="WPFP186" desc="Write Protect Program Flash Page 186" value="186"/>
            <ConfigFieldValue name="WPFP185" desc="Write Protect Program Flash Page 185" value="185"/>
            <ConfigFieldValue name="WPFP184" desc="Write Protect Program Flash Page 184" value="184"/>
            <ConfigFieldValue name="WPFP183" desc="Write Protect Program Flash Page 183" value="183"/>
            <ConfigFieldValue name="WPFP182" desc="Write Protect Program Flash Page 182" value="182"/>
            <ConfigFieldValue name="WPFP181" desc="Write Protect Program Flash Page 181" value="181"/>
            <ConfigFieldValue name="WPFP180" desc="Write Protect Program Flash Page 180" value="180"/>
            <ConfigFieldValue name="WPFP179" desc="Write Protect Program Flash Page 179" value="179"/>
            <ConfigFieldValue name="WPFP178" desc="Write Protect Program Flash Page 178" value="178"/>
            <ConfigFieldValue name="WPFP177" desc="Write Protect Program Flash Page 177" value="177"/>
            <ConfigFieldValue name="WPFP176" desc="Write Protect Program Flash Page 176" value="176"/>
            <ConfigFieldValue name="WPFP175" desc="Write Protect Program Flash Page 175" value="175"/>
            <ConfigFieldValue name="WPFP174" desc="Write Protect Program Flash Page 174" value="174"/>
            <ConfigFieldValue name="WPFP173" desc="Write Protect Program Flash Page 173" value="173"/>
            <ConfigFieldValue name="WPFP172" desc="Write Protect Program Flash Page 172" value="172"/>
            <ConfigFieldValue name="WPFP171" desc="Write Protect Program Flash Page 171" value="171"/>
            <ConfigFieldValue name="WPFP170" desc="Write Protect Program Flash Page 170" value="170"/>
            <ConfigFieldValue name="WPFP169" desc="Write Protect Program Flash Page 169" value="169"/>
            <ConfigFieldValue name="WPFP168" desc="Write Protect Program Flash Page 168" value="168"/>
            <ConfigFieldValue name="WPFP167" desc="Write Protect Program Flash Page 167" value="167"/>
            <ConfigFieldValue name="WPFP166" desc="Write Protect Program Flash Page 166" value="166"/>
            <ConfigFieldValue name="WPFP165" desc="Write Protect Program Flash Page 165" value="165"/>
            <ConfigFieldValue name="WPFP164" desc="Write Protect Program Flash Page 164" value="164"/>
            <ConfigFieldValue name="WPFP163" desc="Write Protect Program Flash Page 163" value="163"/>
            <ConfigFieldValue name="WPFP162" desc="Write Protect Program Flash Page 162" value="162"/>
            <ConfigFieldValue name="WPFP161" desc="Write Protect Program Flash Page 161" value="161"/>
            <ConfigFieldValue name="WPFP160" desc="Write Protect Program Flash Page 160" value="160"/>
            <ConfigFieldValue name="WPFP159" desc="Write Protect Program Flash Page 159" value="159"/>
            <ConfigFieldValue name="WPFP158" desc="Write Protect Program Flash Page 158" value="158"/>
            <ConfigFieldValue name="WPFP157" desc="Write Protect Program Flash Page 157" value="157"/>
            <ConfigFieldValue name="WPFP156" desc="Write Protect Program Flash Page 156" value="156"/>
            <ConfigFieldValue name="WPFP155" desc="Write Protect Program Flash Page 155" value="155"/>
            <ConfigFieldValue name="WPFP154" desc="Write Protect Program Flash Page 154" value="154"/>
            <ConfigFieldValue name="WPFP153" desc="Write Protect Program Flash Page 153" value="153"/>
            <ConfigFieldValue name="WPFP152" desc="Write Protect Program Flash Page 152" value="152"/>
            <ConfigFieldValue name="WPFP151" desc="Write Protect Program Flash Page 151" value="151"/>
            <ConfigFieldValue name="WPFP150" desc="Write Protect Program Flash Page 150" value="150"/>
            <ConfigFieldValue name="WPFP149" desc="Write Protect Program Flash Page 149" value="149"/>
            <ConfigFieldValue name="WPFP148" desc="Write Protect Program Flash Page 148" value="148"/>
            <ConfigFieldValue name="WPFP147" desc="Write Protect Program Flash Page 147" value="147"/>
            <ConfigFieldValue name="WPFP146" desc="Write Protect Program Flash Page 146" value="146"/>
            <ConfigFieldValue name="WPFP145" desc="Write Protect Program Flash Page 145" value="145"/>
            <ConfigFieldValue name="WPFP144" desc="Write Protect Program Flash Page 144" value="144"/>
            <ConfigFieldValue name="WPFP143" desc="Write Protect Program Flash Page 143" value="143"/>
            <ConfigFieldValue name="WPFP142" desc="Write Protect Program Flash Page 142" value="142"/>
            <ConfigFieldValue name="WPFP141" desc="Write Protect Program Flash Page 141" value="141"/>
            <ConfigFieldValue name="WPFP140" desc="Write Protect Program Flash Page 140" value="140"/>
            <ConfigFieldValue name="WPFP139" desc="Write Protect Program Flash Page 139" value="139"/>
            <ConfigFieldValue name="WPFP138" desc="Write Protect Program Flash Page 138" value="138"/>
            <ConfigFieldValue name="WPFP137" desc="Write Protect Program Flash Page 137" value="137"/>
            <ConfigFieldValue name="WPFP136" desc="Write Protect Program Flash Page 136" value="136"/>
            <ConfigFieldValue name="WPFP135" desc="Write Protect Program Flash Page 135" value="135"/>
            <ConfigFieldValue name="WPFP134" desc="Write Protect Program Flash Page 134" value="134"/>
            <ConfigFieldValue name="WPFP133" desc="Write Protect Program Flash Page 133" value="133"/>
            <ConfigFieldValue name="WPFP132" desc="Write Protect Program Flash Page 132" value="132"/>
            <ConfigFieldValue name="WPFP131" desc="Write Protect Program Flash Page 131" value="131"/>
            <ConfigFieldValue name="WPFP130" desc="Write Protect Program Flash Page 130" value="130"/>
            <ConfigFieldValue name="WPFP129" desc="Write Protect Program Flash Page 129" value="129"/>
            <ConfigFieldValue name="WPFP128" desc="Write Protect Program Flash Page 128" value="128"/>
            <ConfigFieldValue name="WPFP127" desc="Write Protect Program Flash Page 127" value="127"/>
            <ConfigFieldValue name="WPFP126" desc="Write Protect Program Flash Page 126" value="126"/>
            <ConfigFieldValue name="WPFP125" desc="Write Protect Program Flash Page 125" value="125"/>
            <ConfigFieldValue name="WPFP124" desc="Write Protect Program Flash Page 124" value="124"/>
            <ConfigFieldValue name="WPFP123" desc="Write Protect Program Flash Page 123" value="123"/>
            <ConfigFieldValue name="WPFP122" desc="Write Protect Program Flash Page 122" value="122"/>
            <ConfigFieldValue name="WPFP121" desc="Write Protect Program Flash Page 121" value="121"/>
            <ConfigFieldValue name="WPFP120" desc="Write Protect Program Flash Page 120" value="120"/>
            <ConfigFieldValue name="WPFP119" desc="Write Protect Program Flash Page 119" value="119"/>
            <ConfigFieldValue name="WPFP118" desc="Write Protect Program Flash Page 118" value="118"/>
            <ConfigFieldValue name="WPFP117" desc="Write Protect Program Flash Page 117" value="117"/>
            <ConfigFieldValue name="WPFP116" desc="Write Protect Program Flash Page 116" value="116"/>
            <ConfigFieldValue name="WPFP115" desc="Write Protect Program Flash Page 115" value="115"/>
            <ConfigFieldValue name="WPFP114" desc="Write Protect Program Flash Page 114" value="114"/>
            <ConfigFieldValue name="WPFP113" desc="Write Protect Program Flash Page 113" value="113"/>
            <ConfigFieldValue name="WPFP112" desc="Write Protect Program Flash Page 112" value="112"/>
            <ConfigFieldValue name="WPFP111" desc="Write Protect Program Flash Page 111" value="111"/>
            <ConfigFieldValue name="WPFP110" desc="Write Protect Program Flash Page 110" value="110"/>
            <ConfigFieldValue name="WPFP109" desc="Write Protect Program Flash Page 109" value="109"/>
            <ConfigFieldValue name="WPFP108" desc="Write Protect Program Flash Page 108" value="108"/>
            <ConfigFieldValue name="WPFP107" desc="Write Protect Program Flash Page 107" value="107"/>
            <ConfigFieldValue name="WPFP106" desc="Write Protect Program Flash Page 106" value="106"/>
            <ConfigFieldValue name="WPFP105" desc="Write Protect Program Flash Page 105" value="105"/>
            <ConfigFieldValue name="WPFP104" desc="Write Protect Program Flash Page 104" value="104"/>
            <ConfigFieldValue name="WPFP103" desc="Write Protect Program Flash Page 103" value="103"/>
            <ConfigFieldValue name="WPFP102" desc="Write Protect Program Flash Page 102" value="102"/>
            <ConfigFieldValue name="WPFP101" desc="Write Protect Program Flash Page 101" value="101"/>
            <ConfigFieldValue name="WPFP100" desc="Write Protect Program Flash Page 100" value="100"/>
            <ConfigFieldValue name="WPFP99" desc="Write Protect Program Flash Page 99" value="99"/>
            <ConfigFieldValue name="WPFP98" desc="Write Protect Program Flash Page 98" value="98"/>
            <ConfigFieldValue name="WPFP97" desc="Write Protect Program Flash Page 97" value="97"/>
            <ConfigFieldValue name="WPFP96" desc="Write Protect Program Flash Page 96" value="96"/>
            <ConfigFieldValue name="WPFP95" desc="Write Protect Program Flash Page 95" value="95"/>
            <ConfigFieldValue name="WPFP94" desc="Write Protect Program Flash Page 94" value="94"/>
            <ConfigFieldValue name="WPFP93" desc="Write Protect Program Flash Page 93" value="93"/>
            <ConfigFieldValue name="WPFP92" desc="Write Protect Program Flash Page 92" value="92"/>
            <ConfigFieldValue name="WPFP91" desc="Write Protect Program Flash Page 91" value="91"/>
            <ConfigFieldValue name="WPFP90" desc="Write Protect Program Flash Page 90" value="90"/>
            <ConfigFieldValue name="WPFP89" desc="Write Protect Program Flash Page 89" value="89"/>
            <ConfigFieldValue name="WPFP88" desc="Write Protect Program Flash Page 88" value="88"/>
            <ConfigFieldValue name="WPFP87" desc="Write Protect Program Flash Page 87" value="87"/>
            <ConfigFieldValue name="WPFP86" desc="Write Protect Program Flash Page 86" value="86"/>
            <ConfigFieldValue name="WPFP85" desc="Write Protect Program Flash Page 85" value="85"/>
            <ConfigFieldValue name="WPFP84" desc="Write Protect Program Flash Page 84" value="84"/>
            <ConfigFieldValue name="WPFP83" desc="Write Protect Program Flash Page 83" value="83"/>
            <ConfigFieldValue name="WPFP82" desc="Write Protect Program Flash Page 82" value="82"/>
            <ConfigFieldValue name="WPFP81" desc="Write Protect Program Flash Page 81" value="81"/>
            <ConfigFieldValue name="WPFP80" desc="Write Protect Program Flash Page 80" value="80"/>
            <ConfigFieldValue name="WPFP79" desc="Write Protect Program Flash Page 79" value="79"/>
            <ConfigFieldValue name="WPFP78" desc="Write Protect Program Flash Page 78" value="78"/>
            <ConfigFieldValue name="WPFP77" desc="Write Protect Program Flash Page 77" value="77"/>
            <ConfigFieldValue name="WPFP76" desc="Write Protect Program Flash Page 76" value="76"/>
            <ConfigFieldValue name="WPFP75" desc="Write Protect Program Flash Page 75" value="75"/>
            <ConfigFieldValue name="WPFP74" desc="Write Protect Program Flash Page 74" value="74"/>
            <ConfigFieldValue name="WPFP73" desc="Write Protect Program Flash Page 73" value="73"/>
            <ConfigFieldValue name="WPFP72" desc="Write Protect Program Flash Page 72" value="72"/>
            <ConfigFieldValue name="WPFP71" desc="Write Protect Program Flash Page 71" value="71"/>
            <ConfigFieldValue name="WPFP70" desc="Write Protect Program Flash Page 70" value="70"/>
            <ConfigFieldValue name="WPFP69" desc="Write Protect Program Flash Page 69" value="69"/>
            <ConfigFieldValue name="WPFP68" desc="Write Protect Program Flash Page 68" value="68"/>
            <ConfigFieldValue name="WPFP67" desc="Write Protect Program Flash Page 67" value="67"/>
            <ConfigFieldValue name="WPFP66" desc="Write Protect Program Flash Page 66" value="66"/>
            <ConfigFieldValue name="WPFP65" desc="Write Protect Program Flash Page 65" value="65"/>
            <ConfigFieldValue name="WPFP64" desc="Write Protect Program Flash Page 64" value="64"/>
            <ConfigFieldValue name="WPFP63" desc="Write Protect Program Flash Page 63" value="63"/>
            <ConfigFieldValue name="WPFP62" desc="Write Protect Program Flash Page 62" value="62"/>
            <ConfigFieldValue name="WPFP61" desc="Write Protect Program Flash Page 61" value="61"/>
            <ConfigFieldValue name="WPFP60" desc="Write Protect Program Flash Page 60" value="60"/>
            <ConfigFieldValue name="WPFP59" desc="Write Protect Program Flash Page 59" value="59"/>
            <ConfigFieldValue name="WPFP58" desc="Write Protect Program Flash Page 58" value="58"/>
            <ConfigFieldValue name="WPFP57" desc="Write Protect Program Flash Page 57" value="57"/>
            <ConfigFieldValue name="WPFP56" desc="Write Protect Program Flash Page 56" value="56"/>
            <ConfigFieldValue name="WPFP55" desc="Write Protect Program Flash Page 55" value="55"/>
            <ConfigFieldValue name="WPFP54" desc="Write Protect Program Flash Page 54" value="54"/>
            <ConfigFieldValue name="WPFP53" desc="Write Protect Program Flash Page 53" value="53"/>
            <ConfigFieldValue name="WPFP52" desc="Write Protect Program Flash Page 52" value="52"/>
            <ConfigFieldValue name="WPFP51" desc="Write Protect Program Flash Page 51" value="51"/>
            <ConfigFieldValue name="WPFP50" desc="Write Protect Program Flash Page 50" value="50"/>
            <ConfigFieldValue name="WPFP49" desc="Write Protect Program Flash Page 49" value="49"/>
            <ConfigFieldValue name="WPFP48" desc="Write Protect Program Flash Page 48" value="48"/>
            <ConfigFieldValue name="WPFP47" desc="Write Protect Program Flash Page 47" value="47"/>
            <ConfigFieldValue name="WPFP46" desc="Write Protect Program Flash Page 46" value="46"/>
            <ConfigFieldValue name="WPFP45" desc="Write Protect Program Flash Page 45" value="45"/>
            <ConfigFieldValue name="WPFP44" desc="Write Protect Program Flash Page 44" value="44"/>
            <ConfigFieldValue name="WPFP43" desc="Write Protect Program Flash Page 43" value="43"/>
            <ConfigFieldValue name="WPFP42" desc="Write Protect Program Flash Page 42" value="42"/>
            <ConfigFieldValue name="WPFP41" desc="Write Protect Program Flash Page 41" value="41"/>
            <ConfigFieldValue name="WPFP40" desc="Write Protect Program Flash Page 40" value="40"/>
            <ConfigFieldValue name="WPFP39" desc="Write Protect Program Flash Page 39" value="39"/>
            <ConfigFieldValue name="WPFP38" desc="Write Protect Program Flash Page 38" value="38"/>
            <ConfigFieldValue name="WPFP37" desc="Write Protect Program Flash Page 37" value="37"/>
            <ConfigFieldValue name="WPFP36" desc="Write Protect Program Flash Page 36" value="36"/>
            <ConfigFieldValue name="WPFP35" desc="Write Protect Program Flash Page 35" value="35"/>
            <ConfigFieldValue name="WPFP34" desc="Write Protect Program Flash Page 34" value="34"/>
            <ConfigFieldValue name="WPFP33" desc="Write Protect Program Flash Page 33" value="33"/>
            <ConfigFieldValue name="WPFP32" desc="Write Protect Program Flash Page 32" value="32"/>
            <ConfigFieldValue name="WPFP31" desc="Write Protect Program Flash Page 31" value="31"/>
            <ConfigFieldValue name="WPFP30" desc="Write Protect Program Flash Page 30" value="30"/>
            <ConfigFieldValue name="WPFP29" desc="Write Protect Program Flash Page 29" value="29"/>
            <ConfigFieldValue name="WPFP28" desc="Write Protect Program Flash Page 28" value="28"/>
            <ConfigFieldValue name="WPFP27" desc="Write Protect Program Flash Page 27" value="27"/>
            <ConfigFieldValue name="WPFP26" desc="Write Protect Program Flash Page 26" value="26"/>
            <ConfigFieldValue name="WPFP25" desc="Write Protect Program Flash Page 25" value="25"/>
            <ConfigFieldValue name="WPFP24" desc="Write Protect Program Flash Page 24" value="24"/>
            <ConfigFieldValue name="WPFP23" desc="Write Protect Program Flash Page 23" value="23"/>
            <ConfigFieldValue name="WPFP22" desc="Write Protect Program Flash Page 22" value="22"/>
            <ConfigFieldValue name="WPFP21" desc="Write Protect Program Flash Page 21" value="21"/>
            <ConfigFieldValue name="WPFP20" desc="Write Protect Program Flash Page 20" value="20"/>
            <ConfigFieldValue name="WPFP19" desc="Write Protect Program Flash Page 19" value="19"/>
            <ConfigFieldValue name="WPFP18" desc="Write Protect Program Flash Page 18" value="18"/>
            <ConfigFieldValue name="WPFP17" desc="Write Protect Program Flash Page 17" value="17"/>
            <ConfigFieldValue name="WPFP16" desc="Write Protect Program Flash Page 16" value="16"/>
            <ConfigFieldValue name="WPFP15" desc="Write Protect Program Flash Page 15" value="15"/>
            <ConfigFieldValue name="WPFP14" desc="Write Protect Program Flash Page 14" value="14"/>
            <ConfigFieldValue name="WPFP13" desc="Write Protect Program Flash Page 13" value="13"/>
            <ConfigFieldValue name="WPFP12" desc="Write Protect Program Flash Page 12" value="12"/>
            <ConfigFieldValue name="WPFP11" desc="Write Protect Program Flash Page 11" value="11"/>
            <ConfigFieldValue name="WPFP10" desc="Write Protect Program Flash Page 10" value="10"/>
            <ConfigFieldValue name="WPFP9" desc="Write Protect Program Flash Page 9" value="9"/>
            <ConfigFieldValue name="WPFP8" desc="Write Protect Program Flash Page 8" value="8"/>
            <ConfigFieldValue name="WPFP7" desc="Write Protect Program Flash Page 7" value="7"/>
            <ConfigFieldValue name="WPFP6" desc="Write Protect Program Flash Page 6" value="6"/>
            <ConfigFieldValue name="WPFP5" desc="Write Protect Program Flash Page 5" value="5"/>
            <ConfigFieldValue name="WPFP4" desc="Write Protect Program Flash Page 4" value="4"/>
            <ConfigFieldValue name="WPFP3" desc="Write Protect Program Flash Page 3" value="3"/>
            <ConfigFieldValue name="WPFP2" desc="Write Protect Program Flash Page 2" value="2"/>
            <ConfigFieldValue name="WPFP1" desc="Write Protect Program Flash Page 1" value="1"/>
            <ConfigFieldValue name="WPFP0" desc="Write Protect Program Flash Page 0" value="0"/>
         </ConfigField>
      </ConfigByte>
      <ConfigByte name="CONFIG4H" addr="131063">
         <ConfigField name="WPDIS" desc="Segment Write Protection Disable" default="1" ishidden="false" nop_marker="false">
            <ConfigFieldValue name="WPDIS" desc="Disabled" value="1"/>
            <ConfigFieldValue name="WPEN" desc="Enabled" value="0"/>
         </ConfigField>
         <ConfigField name="WPEND" desc="Segment Write Protection End Page Select" default="1" ishidden="false" nop_marker="false">
            <ConfigFieldValue name="WPENDMEM" desc="Write Protect from WPFP to the last page of memory" value="1"/>
            <ConfigFieldValue name="WPSTARTMEM" desc="write Protect from page 0 to WPFP" value="0"/>
         </ConfigField>
         <ConfigField name="WPCFG" desc="Write Protect Configuration Page Select" default="1" ishidden="false" nop_marker="false">
            <ConfigFieldValue name="WPCFGDIS" desc="Disabled" value="1"/>
            <ConfigFieldValue name="WPCFGEN" desc="Enabled" value="0"/>
         </ConfigField>
         <ConfigField name="-" desc="" default="0" ishidden="false" nop_marker="false"/>
         <ConfigField name="RESERVED" desc="RESERVED" default="15" ishidden="true" nop_marker="true"/>
      </ConfigByte>
      <ConfigByte name="CONFIG5L" addr="131064">
         <ConfigField name="T5GSEL" desc="TMR5 Gate Select bit" default="1" ishidden="false" nop_marker="false">
            <ConfigFieldValue name="T5G" desc="TMR5 Gate is driven by the T5G input" value="1"/>
            <ConfigFieldValue name="T3G" desc="TMR5 Gate is driven by the T3G input" value="0"/>
         </ConfigField>
         <ConfigField name="CINASEL" desc="CxINA Gate Select bit" default="1" ishidden="false" nop_marker="false">
            <ConfigFieldValue name="DEFAULT" desc="C1INA and C3INA are on their default pin locations" value="1"/>
            <ConfigFieldValue name="RA5" desc="C1INA and C3INA are all re-mapped to pin RA5" value="0"/>
         </ConfigField>
         <ConfigField name="-" desc="" default="0" ishidden="false" nop_marker="false"/>
         <ConfigField name="EASHFT" desc="External Address Shift bit" default="1" ishidden="false" nop_marker="false">
            <ConfigFieldValue name="ON" desc="Address Shifting enabled" value="1"/>
            <ConfigFieldValue name="OFF" desc="Address Shifting disabled" value="0"/>
         </ConfigField>
         <ConfigField name="ABW" desc="Address Bus Width Select bits" default="3" ishidden="false" nop_marker="false">
            <ConfigFieldValue name="MM" desc="8-bit address bus" value="3"/>
            <ConfigFieldValue name="XM12" desc="12-bit address bus" value="2"/>
            <ConfigFieldValue name="XM16" desc="16-bit address bus" value="1"/>
            <ConfigFieldValue name="XM20" desc="20-bit address bus" value="0"/>
         </ConfigField>
         <ConfigField name="BW" desc="Data Bus Width" default="1" ishidden="false" nop_marker="false">
            <ConfigFieldValue name="16" desc="16-bit external bus mode" value="1"/>
            <ConfigFieldValue name="8" desc="8-bit external bus mode" value="0"/>
         </ConfigField>
         <ConfigField name="WAIT" desc="External Bus Wait" default="1" ishidden="false" nop_marker="false">
            <ConfigFieldValue name="OFF" desc="Disabled" value="1"/>
            <ConfigFieldValue name="ON" desc="Enabled" value="0"/>
         </ConfigField>
      </ConfigByte>
      <ConfigByte name="CONFIG5H" addr="131065">
         <ConfigField name="IOL1WAY" desc="IOLOCK One-Way Set Enable bit" default="1" ishidden="false" nop_marker="false">
            <ConfigFieldValue name="ON" desc="Once set, the IOLOCK bit cannot be cleared" value="1"/>
            <ConfigFieldValue name="OFF" desc="the IOLOCK bit can be set and cleared using the unlock sequence" value="0"/>
         </ConfigField>
         <ConfigField name="LS48MHZ" desc="USB Low Speed Clock Select bit" default="1" ishidden="false" nop_marker="false">
            <ConfigFieldValue name="SYSX2" desc="Divide-by-2 (System clock must be 12 MHz)" value="1"/>
            <ConfigFieldValue name="SYSX1" desc="Divide-by-1 (System clock must be 6 MHz)" value="0"/>
         </ConfigField>
         <ConfigField name="MSSPMSK2" desc="MSSP2 7-Bit Address Masking Mode Enable bit" default="1" ishidden="false" nop_marker="false">
            <ConfigFieldValue name="MSK7" desc="7 Bit address masking mode" value="1"/>
            <ConfigFieldValue name="MSK5" desc="5 Bit address masking mode" value="0"/>
         </ConfigField>
         <ConfigField name="MSSPMSK1" desc="MSSP1 7-Bit Address Masking Mode Enable bit" default="1" ishidden="false" nop_marker="false">
            <ConfigFieldValue name="MSK7" desc="7 Bit address masking mode" value="1"/>
            <ConfigFieldValue name="MSK5" desc="5 bit address masking mode" value="0"/>
         </ConfigField>
         <ConfigField name="RESERVED" desc="RESERVED" default="15" ishidden="true" nop_marker="true"/>
      </ConfigByte>
      <ConfigByte name="CONFIG6L" addr="131066">
         <ConfigField name="WDTWIN" desc="Watch Dog Timer Window" default="3" ishidden="false" nop_marker="false">
            <ConfigFieldValue name="PS25_0" desc="Watch Dog Timer Window Width is 25 percent" value="3"/>
            <ConfigFieldValue name="PS37_5" desc="Watch Dog Timer Window Width is 37.5 percent" value="2"/>
            <ConfigFieldValue name="PS50_0" desc="Watch Dog Timer Window Width is 50 percent" value="1"/>
            <ConfigFieldValue name="PS75_0" desc="Watch Dog Timer Window Width is 75 percent" value="0"/>
         </ConfigField>
         <ConfigField name="WDTCLK" desc="Watch Dog Timer Clock Source" default="3" ishidden="false" nop_marker="false">
            <ConfigFieldValue name="FRC" desc="Use FRC when WINDIS = 0, system clock is not INTOSC/LPRC and device is not in Sleep; otherwise, use INTOSC/LPRC" value="3"/>
            <ConfigFieldValue name="LPRC" desc="Always use INTOSC/LPRC" value="2"/>
            <ConfigFieldValue name="SOSC" desc="Always use SOSC" value="1"/>
            <ConfigFieldValue name="SYS" desc="Use FOSC/4 when system clock is not INTOSC/LPRC and device is not in Sleep; otherwise, use INTOSC/LPRC" value="0"/>
         </ConfigField>
         <ConfigField name="WDTPS" desc="Watchdog Timer Postscale" default="15" ishidden="false" nop_marker="false">
            <ConfigFieldValue name="32768" desc="1:32768" value="15"/>
            <ConfigFieldValue name="16384" desc="1:16384" value="14"/>
            <ConfigFieldValue name="8192" desc="1:8192" value="13"/>
            <ConfigFieldValue name="4096" desc="1:4096" value="12"/>
            <ConfigFieldValue name="2048" desc="1:2048" value="11"/>
            <ConfigFieldValue name="1024" desc="1:1024" value="10"/>
            <ConfigFieldValue name="512" desc="1:512" value="9"/>
            <ConfigFieldValue name="256" desc="1:256" value="8"/>
            <ConfigFieldValue name="128" desc="1:128" value="7"/>
            <ConfigFieldValue name="64" desc="1:64" value="6"/>
            <ConfigFieldValue name="32" desc="1:32" value="5"/>
            <ConfigFieldValue name="16" desc="1:16" value="4"/>
            <ConfigFieldValue name="8" desc="1:8" value="3"/>
            <ConfigFieldValue name="4" desc="1:4" value="2"/>
            <ConfigFieldValue name="2" desc="1:2" value="1"/>
            <ConfigFieldValue name="1" desc="1:1" value="0"/>
         </ConfigField>
      </ConfigByte>
      <ConfigByte name="CONFIG6H" addr="131067">
         <ConfigField name="WDTEN" desc="Watchdog Timer Enable" default="3" ishidden="false" nop_marker="false">
            <ConfigFieldValue name="SWDTDIS" desc="WDT enabled in hardware; SWDTEN bit disabled" value="3"/>
            <ConfigFieldValue name="ON" desc="WDT controlled by SWDTEN bit setting" value="2"/>
            <ConfigFieldValue name="NOSLP" desc="WDT enabled only while device is active and disabled in Sleep mode; SWDTEN bit disabled" value="1"/>
            <ConfigFieldValue name="OFF" desc="WDT disabled in hardware; SWDTEN bit disabled" value="0"/>
         </ConfigField>
         <ConfigField name="WINDIS" desc="Windowed Watchdog Timer Disable" default="1" ishidden="false" nop_marker="false">
            <ConfigFieldValue name="WDTSTD" desc="Standard WDT selected; windowed WDT disabled" value="1"/>
            <ConfigFieldValue name="WDTWIN" desc="Windowed WDT enabled" value="0"/>
         </ConfigField>
         <ConfigField name="WPSA" desc="WDT Prescaler" default="1" ishidden="false" nop_marker="false">
            <ConfigFieldValue name="128" desc="WDT prescaler ratio of 1:128" value="1"/>
            <ConfigFieldValue name="32" desc="WDT prescaler ratio of 1:32" value="0"/>
         </ConfigField>
         <ConfigField name="RESERVED" desc="RESERVED" default="15" ishidden="true" nop_marker="true"/>
      </ConfigByte>
      <ConfigByte name="CONFIG7L" addr="131068">
         <ConfigField name="RETEN" desc="Retention Voltage Regulator Control Enable" default="1" ishidden="false" nop_marker="false">
            <ConfigFieldValue name="OFF" desc="Retention not available" value="1"/>
            <ConfigFieldValue name="ON" desc="Retention controlled by SRETEN during Sleep" value="0"/>
         </ConfigField>
         <ConfigField name="-" desc="" default="0" ishidden="false" nop_marker="false"/>
         <ConfigField name="VBTBOR" desc="VBAT BOR Enable" default="1" ishidden="false" nop_marker="false">
            <ConfigFieldValue name="ON" desc="VBAT BOR is enabled" value="1"/>
            <ConfigFieldValue name="OFF" desc="VBAT BOR is disabled" value="0"/>
         </ConfigField>
         <ConfigField name="DSBOREN" desc="Deep Sleep BOR Enable" default="1" ishidden="false" nop_marker="false">
            <ConfigFieldValue name="ON" desc="BOR enabled in Deep Sleep" value="1"/>
            <ConfigFieldValue name="OFF" desc="BOR disabled in Deep Sleep (does not affect operation in non-Deep Sleep modes)" value="0"/>
         </ConfigField>
         <ConfigField name="DSBITEN" desc="DSEN Bit Enable bit" default="1" ishidden="false" nop_marker="false">
            <ConfigFieldValue name="ON" desc="Deep Sleep is controlled by the register bit DSEN" value="1"/>
            <ConfigFieldValue name="OFF" desc="Deep Sleep operation is always disabled" value="0"/>
         </ConfigField>
      </ConfigByte>
      <ConfigByte name="CONFIG7H" addr="131069">
         <ConfigField name="-" desc="" default="0" ishidden="false" nop_marker="false"/>
         <ConfigField name="RESERVED" desc="RESERVED" default="15" ishidden="true" nop_marker="true"/>
      </ConfigByte>
      <ConfigByte name="CONFIG8L" addr="131070">
         <ConfigField name="-" desc="" default="0" ishidden="false" nop_marker="false"/>
         <ConfigField name="DSWDTPS" desc="Deep Sleep Watchdog Timer Postscale Select" default="31" ishidden="false" nop_marker="false">
            <ConfigFieldValue name="DSWDTPS1F" desc="1:68719476736 (25.7 Days)" value="31"/>
            <ConfigFieldValue name="DSWDTPS1E" desc="1:34359738368 (12.8  Days)" value="30"/>
            <ConfigFieldValue name="DSWDTPS1D" desc="1:17179869184 (6.4 Days)" value="29"/>
            <ConfigFieldValue name="DSWDTPS1C" desc="1:8589934592 (77 Hours)" value="28"/>
            <ConfigFieldValue name="DSWDTPS1B" desc="1:4294967296 (38.5 Hours)" value="27"/>
            <ConfigFieldValue name="DSWDTPS1A" desc="1:2147483648 (19.2 Hours)" value="26"/>
            <ConfigFieldValue name="DSWDTPS19" desc="1:1073741824 (9.6 Hours)" value="25"/>
            <ConfigFieldValue name="DSWDTPS18" desc="1:536870912 (4.8 Hours)" value="24"/>
            <ConfigFieldValue name="DSWDTPS17" desc="1:268435456 (2.4 Hours)" value="23"/>
            <ConfigFieldValue name="DSWDTPS16" desc="1:134217728 (72.2 Minutes)" value="22"/>
            <ConfigFieldValue name="DSWDTPS15" desc="1:67108864 (36.1 Minutes)" value="21"/>
            <ConfigFieldValue name="DSWDTPS14" desc="1:33554432 (18 Minutes)" value="20"/>
            <ConfigFieldValue name="DSWDTPS13" desc="1:16777216 (9 Minutes)" value="19"/>
            <ConfigFieldValue name="DSWDTPS12" desc="1:8388608 (4.5 Minutes)" value="18"/>
            <ConfigFieldValue name="DSWDTPS11" desc="1:4194304 (135.3 Secs)" value="17"/>
            <ConfigFieldValue name="DSWDTPS10" desc="1:2097152 (67.7 Secs)" value="16"/>
            <ConfigFieldValue name="DSWDTPSF" desc="1:1048576 (33.825 Secs)" value="15"/>
            <ConfigFieldValue name="DSWDTPSE" desc="1:524288 (16.912 Secs)" value="14"/>
            <ConfigFieldValue name="DSWDTPSD" desc="1:262114 (8.456 Secs)" value="13"/>
            <ConfigFieldValue name="DSWDTPSC" desc="1:131072 (4.228 Secs)" value="12"/>
            <ConfigFieldValue name="DSWDTPSB" desc="1:65536 (2.114 Secs)" value="11"/>
            <ConfigFieldValue name="DSWDTPSA" desc="1:32768 (1.057 Secs)" value="10"/>
            <ConfigFieldValue name="DSWDTPS9" desc="1:16384 (528.5 mS)" value="9"/>
            <ConfigFieldValue name="DSWDTPS8" desc="1:8192 (264.3 mS)" value="8"/>
            <ConfigFieldValue name="DSWDTPS7" desc="1:4096 (132.1 mS)" value="7"/>
            <ConfigFieldValue name="DSWDTPS6" desc="1:2048 (66.1 mS)" value="6"/>
            <ConfigFieldValue name="DSWDTPS5" desc="1:1024 (33 mS)" value="5"/>
            <ConfigFieldValue name="DSWDTPS4" desc="1:512 (16.5 mS)" value="4"/>
            <ConfigFieldValue name="DSWDTPS3" desc="1: 256 (8.3 mS)" value="3"/>
            <ConfigFieldValue name="DSWDTPS2" desc="1:128 (4.1 mS)" value="2"/>
            <ConfigFieldValue name="DSWDTPS1" desc="1:64 (2.1 mS)" value="1"/>
            <ConfigFieldValue name="DSWDTPS0" desc="1:32 (1 mS)" value="0"/>
         </ConfigField>
      </ConfigByte>
      <ConfigByte name="CONFIG8H" addr="131071">
         <ConfigField name="DSWDTEN" desc="Deep Sleep Watchdog Timer Enable" default="1" ishidden="false" nop_marker="false">
            <ConfigFieldValue name="ON" desc="DSWDT Enabled" value="1"/>
            <ConfigFieldValue name="OFF" desc="DSWDT Disabled" value="0"/>
         </ConfigField>
         <ConfigField name="DSWDTOSC" desc="DSWDT Reference Clock Select" default="1" ishidden="false" nop_marker="false">
            <ConfigFieldValue name="LPRC" desc="DSWDT uses LPRC as reference clock" value="1"/>
            <ConfigFieldValue name="SOSC" desc="DSWDT uses SOSC as reference clock" value="0"/>
         </ConfigField>
         <ConfigField name="-" desc="" default="0" ishidden="false" nop_marker="false"/>
         <ConfigField name="RESERVED" desc="RESERVED" default="15" ishidden="true" nop_marker="true"/>
      </ConfigByte>
   </ConfigBits>
   <ReversedTypes>
      <ReversedType name="tADCBUF0"/>
      <ReversedType name="tADCBUF1"/>
      <ReversedType name="tADCBUF10"/>
      <ReversedType name="tADCBUF11"/>
      <ReversedType name="tADCBUF12"/>
      <ReversedType name="tADCBUF13"/>
      <ReversedType name="tADCBUF14"/>
      <ReversedType name="tADCBUF15"/>
      <ReversedType name="tADCBUF16"/>
      <ReversedType name="tADCBUF17"/>
      <ReversedType name="tADCBUF18"/>
      <ReversedType name="tADCBUF19"/>
      <ReversedType name="tADCBUF2"/>
      <ReversedType name="tADCBUF20"/>
      <ReversedType name="tADCBUF21"/>
      <ReversedType name="tADCBUF22"/>
      <ReversedType name="tADCBUF23"/>
      <ReversedType name="tADCBUF24"/>
      <ReversedType name="tADCBUF25"/>
      <ReversedType name="tADCBUF3"/>
      <ReversedType name="tADCBUF4"/>
      <ReversedType name="tADCBUF5"/>
      <ReversedType name="tADCBUF6"/>
      <ReversedType name="tADCBUF7"/>
      <ReversedType name="tADCBUF8"/>
      <ReversedType name="tADCBUF9"/>
      <ReversedType name="tADCHIT"/>
      <ReversedType name="tADCHS"/>
      <ReversedType name="tADCON"/>
      <ReversedType name="tADCSS"/>
      <ReversedType name="tADCTMUEN"/>
      <ReversedType name="tALRMVAL"/>
      <ReversedType name="tCCP"/>
      <ReversedType name="tCVRCON"/>
      <ReversedType name="tMDCAR"/>
      <ReversedType name="tRTCVAL"/>
      <ReversedType name="tTMR0"/>
      <ReversedType name="tTMR16"/>
      <ReversedType name="tTMR8"/>
   </ReversedTypes>
   <Timers16Bit>
      <Timer number="0"/>
      <Timer number="1"/>
      <Timer number="3"/>
      <Timer number="5"/>
   </Timers16Bit>
   <DataSpaces>
      <GPR_DataSpace beginaddr="0" endaddr="3578"/>
      <SFR_DataSpace beginaddr="3578" endaddr="4096"/>
   </DataSpaces>
</Microcontroller>
