<?xml version="1.0" encoding="UTF-8"?>
<Microcontroller name="PIC18LF65K40">
   <Generator program="pic18x_include_file_generator.exe"/>
   <Source filename="PIC18LF65K40.PIC" mplabx_version="v3.55" filedate="2017-02-22"/>
   <CPUInfo>
      <Chip name="PIC18LF65K40" is_extended="true" first_access_bank_absolute_address="3936" rom_size="32768" alt_shared_addr_test="0"/>
      <EEPROM size="1024" eeadr="0" eeadrh="0" eecon1="0" eecon2="0" eedata="0"/>
      <IPEN_Location sfr="INTCON" bit="5"/>
      <SFR name="PPSLOCK" addr="3567"/>
      <SFR name="INT0PPS" addr="3568"/>
      <SFR name="INT1PPS" addr="3569"/>
      <SFR name="INT2PPS" addr="3570"/>
      <SFR name="INT3PPS" addr="3571"/>
      <SFR name="T0CKIPPS" addr="3572"/>
      <SFR name="T1CKIPPS" addr="3573"/>
      <SFR name="T1GPPS" addr="3574"/>
      <SFR name="T3CKIPPS" addr="3575"/>
      <SFR name="T3GPPS" addr="3576"/>
      <SFR name="T5CKIPPS" addr="3577"/>
      <SFR name="T5GPPS" addr="3578"/>
      <SFR name="T7CKIPPS" addr="3579"/>
      <SFR name="T7GPPS" addr="3580"/>
      <SFR name="T2INPPS" addr="3581"/>
      <SFR name="T4INPPS" addr="3582"/>
      <SFR name="T6INPPS" addr="3583"/>
      <SFR name="T8INPPS" addr="3584"/>
      <SFR name="ADACTPPS" addr="3585"/>
      <SFR name="CCP1PPS" addr="3586"/>
      <SFR name="CCP2PPS" addr="3587"/>
      <SFR name="CCP3PPS" addr="3588"/>
      <SFR name="CCP4PPS" addr="3589"/>
      <SFR name="CCP5PPS" addr="3590"/>
      <SFR name="SMT1WINPPS" addr="3591"/>
      <SFR name="SMT1SIGPPS" addr="3592"/>
      <SFR name="SMT2WINPPS" addr="3593"/>
      <SFR name="SMT2SIGPPS" addr="3594"/>
      <SFR name="CWGINPPS" addr="3595"/>
      <SFR name="MDCARLPPS" addr="3596"/>
      <SFR name="MDCARHPPS" addr="3597"/>
      <SFR name="MDSRCPPS" addr="3598"/>
      <SFR name="RX1PPS" addr="3599"/>
      <SFR name="TX1PPS" addr="3600"/>
      <SFR name="RX2PPS" addr="3601"/>
      <SFR name="TX2PPS" addr="3602"/>
      <SFR name="RX3PPS" addr="3603"/>
      <SFR name="TX3PPS" addr="3604"/>
      <SFR name="RX4PPS" addr="3605"/>
      <SFR name="TX4PPS" addr="3606"/>
      <SFR name="RX5PPS" addr="3607"/>
      <SFR name="TX5PPS" addr="3608"/>
      <SFR name="SSP1CLKPPS" addr="3609"/>
      <SFR name="SSP1DATPPS" addr="3610"/>
      <SFR name="SSP1SSPPS" addr="3611"/>
      <SFR name="SSP2CLKPPS" addr="3612"/>
      <SFR name="SSP2DATPPS" addr="3613"/>
      <SFR name="SSP2SSPPS" addr="3614"/>
      <SFR name="IPR0" addr="3615"/>
      <SFR name="IPR1" addr="3616"/>
      <SFR name="IPR2" addr="3617"/>
      <SFR name="IPR3" addr="3618"/>
      <SFR name="IPR4" addr="3619"/>
      <SFR name="IPR5" addr="3620"/>
      <SFR name="IPR6" addr="3621"/>
      <SFR name="IPR7" addr="3622"/>
      <SFR name="IPR8" addr="3623"/>
      <SFR name="IPR9" addr="3624"/>
      <SFR name="PIE0" addr="3625"/>
      <SFR name="PIE1" addr="3626"/>
      <SFR name="PIE2" addr="3627"/>
      <SFR name="PIE3" addr="3628"/>
      <SFR name="PIE4" addr="3629"/>
      <SFR name="PIE5" addr="3630"/>
      <SFR name="PIE6" addr="3631"/>
      <SFR name="PIE7" addr="3632"/>
      <SFR name="PIE8" addr="3633"/>
      <SFR name="PIE9" addr="3634"/>
      <SFR name="PIR0" addr="3635"/>
      <SFR name="PIR1" addr="3636"/>
      <SFR name="PIR2" addr="3637"/>
      <SFR name="PIR3" addr="3638"/>
      <SFR name="PIR4" addr="3639"/>
      <SFR name="PIR5" addr="3640"/>
      <SFR name="PIR6" addr="3641"/>
      <SFR name="PIR7" addr="3642"/>
      <SFR name="PIR8" addr="3643"/>
      <SFR name="PIR9" addr="3644"/>
      <SFR name="WDTCON0" addr="3645"/>
      <SFR name="WDTCON1" addr="3646"/>
      <SFR name="WDTL" addr="3647"/>
      <SFR name="WDTH" addr="3648"/>
      <SFR name="WDTU" addr="3649"/>
      <SFR name="CPUDOZE" addr="3650"/>
      <SFR name="OSCCON1" addr="3651"/>
      <SFR name="OSCCON2" addr="3652"/>
      <SFR name="OSCCON3" addr="3653"/>
      <SFR name="OSCSTAT" addr="3654"/>
      <SFR name="OSCEN" addr="3655"/>
      <SFR name="OSCTUNE" addr="3656"/>
      <SFR name="OSCFRQ" addr="3657"/>
      <SFR name="BORCON" addr="3659"/>
      <SFR name="PMD0" addr="3660"/>
      <SFR name="PMD1" addr="3661"/>
      <SFR name="PMD2" addr="3662"/>
      <SFR name="PMD3" addr="3663"/>
      <SFR name="PMD4" addr="3664"/>
      <SFR name="PMD5" addr="3665"/>
      <SFR name="RA0PPS" addr="3666"/>
      <SFR name="RA1PPS" addr="3667"/>
      <SFR name="RA2PPS" addr="3668"/>
      <SFR name="RA3PPS" addr="3669"/>
      <SFR name="RA4PPS" addr="3670"/>
      <SFR name="RA5PPS" addr="3671"/>
      <SFR name="RA6PPS" addr="3672"/>
      <SFR name="RA7PPS" addr="3673"/>
      <SFR name="RB0PPS" addr="3674"/>
      <SFR name="RB1PPS" addr="3675"/>
      <SFR name="RB2PPS" addr="3676"/>
      <SFR name="RB3PPS" addr="3677"/>
      <SFR name="RB4PPS" addr="3678"/>
      <SFR name="RB5PPS" addr="3679"/>
      <SFR name="RB6PPS" addr="3680"/>
      <SFR name="RB7PPS" addr="3681"/>
      <SFR name="RC0PPS" addr="3682"/>
      <SFR name="RC1PPS" addr="3683"/>
      <SFR name="RC2PPS" addr="3684"/>
      <SFR name="RC3PPS" addr="3685"/>
      <SFR name="RC4PPS" addr="3686"/>
      <SFR name="RC5PPS" addr="3687"/>
      <SFR name="RC6PPS" addr="3688"/>
      <SFR name="RC7PPS" addr="3689"/>
      <SFR name="RD0PPS" addr="3690"/>
      <SFR name="RD1PPS" addr="3691"/>
      <SFR name="RD2PPS" addr="3692"/>
      <SFR name="RD3PPS" addr="3693"/>
      <SFR name="RD4PPS" addr="3694"/>
      <SFR name="RD5PPS" addr="3695"/>
      <SFR name="RD6PPS" addr="3696"/>
      <SFR name="RD7PPS" addr="3697"/>
      <SFR name="RE0PPS" addr="3698"/>
      <SFR name="RE1PPS" addr="3699"/>
      <SFR name="RE2PPS" addr="3700"/>
      <SFR name="RE3PPS" addr="3701"/>
      <SFR name="RE4PPS" addr="3702"/>
      <SFR name="RE5PPS" addr="3703"/>
      <SFR name="RE6PPS" addr="3704"/>
      <SFR name="RE7PPS" addr="3705"/>
      <SFR name="RF0PPS" addr="3706"/>
      <SFR name="RF1PPS" addr="3707"/>
      <SFR name="RF2PPS" addr="3708"/>
      <SFR name="RF3PPS" addr="3709"/>
      <SFR name="RF4PPS" addr="3710"/>
      <SFR name="RF5PPS" addr="3711"/>
      <SFR name="RF6PPS" addr="3712"/>
      <SFR name="RF7PPS" addr="3713"/>
      <SFR name="RG0PPS" addr="3714"/>
      <SFR name="RG1PPS" addr="3715"/>
      <SFR name="RG2PPS" addr="3716"/>
      <SFR name="RG3PPS" addr="3717"/>
      <SFR name="RG4PPS" addr="3718"/>
      <SFR name="RG6PPS" addr="3720"/>
      <SFR name="RG7PPS" addr="3721"/>
      <SFR name="RH0PPS" addr="3722"/>
      <SFR name="RH1PPS" addr="3723"/>
      <SFR name="RH2PPS" addr="3724"/>
      <SFR name="RH3PPS" addr="3725"/>
      <SFR name="INLVLA" addr="3726"/>
      <SFR name="SLRCONA" addr="3727"/>
      <SFR name="ODCONA" addr="3728"/>
      <SFR name="WPUA" addr="3729"/>
      <SFR name="ANSELA" addr="3730"/>
      <SFR name="IOCBF" addr="3731"/>
      <SFR name="IOCBN" addr="3732"/>
      <SFR name="IOCBP" addr="3733"/>
      <SFR name="INLVLB" addr="3734"/>
      <SFR name="SLRCONB" addr="3735"/>
      <SFR name="ODCONB" addr="3736"/>
      <SFR name="WPUB" addr="3737"/>
      <SFR name="ANSELB" addr="3738"/>
      <SFR name="IOCCF" addr="3739"/>
      <SFR name="IOCCN" addr="3740"/>
      <SFR name="IOCCP" addr="3741"/>
      <SFR name="INLVLC" addr="3742"/>
      <SFR name="SLRCONC" addr="3743"/>
      <SFR name="ODCONC" addr="3744"/>
      <SFR name="WPUC" addr="3745"/>
      <SFR name="INLVLD" addr="3747"/>
      <SFR name="SLRCOND" addr="3748"/>
      <SFR name="ODCOND" addr="3749"/>
      <SFR name="WPUD" addr="3750"/>
      <SFR name="ANSELD" addr="3751"/>
      <SFR name="IOCEF" addr="3752"/>
      <SFR name="IOCEN" addr="3753"/>
      <SFR name="IOCEP" addr="3754"/>
      <SFR name="INLVLE" addr="3755"/>
      <SFR name="SLRCONE" addr="3756"/>
      <SFR name="ODCONE" addr="3757"/>
      <SFR name="WPUE" addr="3758"/>
      <SFR name="ANSELE" addr="3759"/>
      <SFR name="INLVLF" addr="3760"/>
      <SFR name="SLRCONF" addr="3761"/>
      <SFR name="ODCONF" addr="3762"/>
      <SFR name="WPUF" addr="3763"/>
      <SFR name="ANSELF" addr="3764"/>
      <SFR name="IOCGF" addr="3765"/>
      <SFR name="IOCGN" addr="3766"/>
      <SFR name="IOCGP" addr="3767"/>
      <SFR name="INLVLG" addr="3768"/>
      <SFR name="SLRCONG" addr="3769"/>
      <SFR name="ODCONG" addr="3770"/>
      <SFR name="WPUG" addr="3771"/>
      <SFR name="ANSELG" addr="3772"/>
      <SFR name="INLVLH" addr="3773"/>
      <SFR name="SLRCONH" addr="3774"/>
      <SFR name="ODCONH" addr="3775"/>
      <SFR name="WPUH" addr="3776"/>
      <SFR name="HLVDCON0" addr="3778"/>
      <SFR name="HLVDCON1" addr="3779"/>
      <SFR name="FVRCON" addr="3780"/>
      <SFR name="ZCDCON" addr="3781"/>
      <SFR name="DAC1CON0" addr="3782"/>
      <SFR name="DAC1CON1" addr="3783"/>
      <SFR name="CM3CON0" addr="3784"/>
      <SFR name="CM3CON1" addr="3785"/>
      <SFR name="CM3NCH" addr="3786"/>
      <SFR name="CM3PCH" addr="3787"/>
      <SFR name="CM2CON0" addr="3788"/>
      <SFR name="CM2CON1" addr="3789"/>
      <SFR name="CM2NCH" addr="3790"/>
      <SFR name="CM2PCH" addr="3791"/>
      <SFR name="CM1CON0" addr="3792"/>
      <SFR name="CM1CON1" addr="3793"/>
      <SFR name="CM1NCH" addr="3794"/>
      <SFR name="CM1PCH" addr="3795"/>
      <SFR name="CMOUT" addr="3796"/>
      <SFR name="SSP2BUF" addr="3797"/>
      <SFR name="SSP2ADD" addr="3798"/>
      <SFR name="SSP2MSK" addr="3799"/>
      <SFR name="SSP2STAT" addr="3800"/>
      <SFR name="SSP2CON1" addr="3801"/>
      <SFR name="SSP2CON2" addr="3802"/>
      <SFR name="SSP2CON3" addr="3803"/>
      <SFR name="RC5REG" addr="3804"/>
      <SFR name="TX5REG" addr="3805"/>
      <SFR name="SP5BRGL" addr="3806"/>
      <SFR name="SP5BRGH" addr="3807"/>
      <SFR name="RC5STA" addr="3808"/>
      <SFR name="TX5STA" addr="3809"/>
      <SFR name="BAUD5CON" addr="3810"/>
      <SFR name="RC4REG" addr="3811"/>
      <SFR name="TX4REG" addr="3812"/>
      <SFR name="SP4BRGL" addr="3813"/>
      <SFR name="SP4BRGH" addr="3814"/>
      <SFR name="RC4STA" addr="3815"/>
      <SFR name="TX4STA" addr="3816"/>
      <SFR name="BAUD4CON" addr="3817"/>
      <SFR name="RC3REG" addr="3818"/>
      <SFR name="TX3REG" addr="3819"/>
      <SFR name="SP3BRGL" addr="3820"/>
      <SFR name="SP3BRGH" addr="3821"/>
      <SFR name="RC3STA" addr="3822"/>
      <SFR name="TX3STA" addr="3823"/>
      <SFR name="BAUD3CON" addr="3824"/>
      <SFR name="RC2REG" addr="3825"/>
      <SFR name="TX2REG" addr="3826"/>
      <SFR name="SP2BRGL" addr="3827"/>
      <SFR name="SP2BRGH" addr="3828"/>
      <SFR name="RC2STA" addr="3829"/>
      <SFR name="TX2STA" addr="3830"/>
      <SFR name="BAUD2CON" addr="3831"/>
      <SFR name="SMT2TMRL" addr="3832"/>
      <SFR name="SMT2TMRH" addr="3833"/>
      <SFR name="SMT2TMRU" addr="3834"/>
      <SFR name="SMT2CPRL" addr="3835"/>
      <SFR name="SMT2CPRH" addr="3836"/>
      <SFR name="SMT2CPRU" addr="3837"/>
      <SFR name="SMT2CPWL" addr="3838"/>
      <SFR name="SMT2CPWH" addr="3839"/>
      <SFR name="SMT2CPWU" addr="3840"/>
      <SFR name="SMT2PRL" addr="3841"/>
      <SFR name="SMT2PRH" addr="3842"/>
      <SFR name="SMT2PRU" addr="3843"/>
      <SFR name="SMT2CON0" addr="3844"/>
      <SFR name="SMT2CON1" addr="3845"/>
      <SFR name="SMT2STAT" addr="3846"/>
      <SFR name="SMT2CLK" addr="3847"/>
      <SFR name="SMT2SIG" addr="3848"/>
      <SFR name="SMT2WIN" addr="3849"/>
      <SFR name="SMT1TMRL" addr="3850"/>
      <SFR name="SMT1TMRH" addr="3851"/>
      <SFR name="SMT1TMRU" addr="3852"/>
      <SFR name="SMT1CPRL" addr="3853"/>
      <SFR name="SMT1CPRH" addr="3854"/>
      <SFR name="SMT1CPRU" addr="3855"/>
      <SFR name="SMT1CPWL" addr="3856"/>
      <SFR name="SMT1CPWH" addr="3857"/>
      <SFR name="SMT1CPWU" addr="3858"/>
      <SFR name="SMT1PRL" addr="3859"/>
      <SFR name="SMT1PRH" addr="3860"/>
      <SFR name="SMT1PRU" addr="3861"/>
      <SFR name="SMT1CON0" addr="3862"/>
      <SFR name="SMT1CON1" addr="3863"/>
      <SFR name="SMT1STAT" addr="3864"/>
      <SFR name="SMT1CLK" addr="3865"/>
      <SFR name="SMT1SIG" addr="3866"/>
      <SFR name="SMT1WIN" addr="3867"/>
      <SFR name="CCPR5L" addr="3868"/>
      <SFR name="CCPR5H" addr="3869"/>
      <SFR name="CCP5CON" addr="3870"/>
      <SFR name="CCP5CAP" addr="3871"/>
      <SFR name="CCPR4L" addr="3872"/>
      <SFR name="CCPR4H" addr="3873"/>
      <SFR name="CCP4CON" addr="3874"/>
      <SFR name="CCP4CAP" addr="3875"/>
      <SFR name="CCPR3L" addr="3876"/>
      <SFR name="CCPR3H" addr="3877"/>
      <SFR name="CCP3CON" addr="3878"/>
      <SFR name="CCP3CAP" addr="3879"/>
      <SFR name="T8TMR" addr="3880"/>
      <SFR name="T8PR" addr="3881"/>
      <SFR name="T8CON" addr="3882"/>
      <SFR name="T8HLT" addr="3883"/>
      <SFR name="T8CLKCON" addr="3884"/>
      <SFR name="T8RST" addr="3885"/>
      <SFR name="TMR7L" addr="3886"/>
      <SFR name="TMR7H" addr="3887"/>
      <SFR name="T7CON" addr="3888"/>
      <SFR name="T7GCON" addr="3889"/>
      <SFR name="T7GATE" addr="3890"/>
      <SFR name="T7CLK" addr="3891"/>
      <SFR name="CLKRCON" addr="3892"/>
      <SFR name="CLKRCLK" addr="3893"/>
      <SFR name="CWG1CLK" addr="3894"/>
      <SFR name="CWG1ISM" addr="3895"/>
      <SFR name="CWG1DBR" addr="3896"/>
      <SFR name="CWG1DBF" addr="3897"/>
      <SFR name="CWG1CON0" addr="3898"/>
      <SFR name="CWG1CON1" addr="3899"/>
      <SFR name="CWG1AS0" addr="3900"/>
      <SFR name="CWG1AS1" addr="3901"/>
      <SFR name="CWG1STR" addr="3902"/>
      <SFR name="CRCDATL" addr="3903"/>
      <SFR name="CRCDATH" addr="3904"/>
      <SFR name="CRCACCL" addr="3905"/>
      <SFR name="CRCACCH" addr="3906"/>
      <SFR name="CRCSHIFTL" addr="3907"/>
      <SFR name="CRCSHIFTH" addr="3908"/>
      <SFR name="CRCXORL" addr="3909"/>
      <SFR name="CRCXORH" addr="3910"/>
      <SFR name="CRCCON0" addr="3911"/>
      <SFR name="CRCCON1" addr="3912"/>
      <SFR name="SCANLADRL" addr="3913"/>
      <SFR name="SCANLADRH" addr="3914"/>
      <SFR name="SCANLADRU" addr="3915"/>
      <SFR name="SCANHADRL" addr="3916"/>
      <SFR name="SCANHADRH" addr="3917"/>
      <SFR name="SCANHADRU" addr="3918"/>
      <SFR name="SCANCON0" addr="3919"/>
      <SFR name="SCANTRIG" addr="3920"/>
      <SFR name="MDCON0" addr="3921"/>
      <SFR name="MDCON1" addr="3922"/>
      <SFR name="MDSRC" addr="3923"/>
      <SFR name="MDCARL" addr="3924"/>
      <SFR name="MDCARH" addr="3925"/>
      <SFR name="ADACT" addr="3926"/>
      <SFR name="ADCLK" addr="3927"/>
      <SFR name="ADREF" addr="3928"/>
      <SFR name="ADCON1" addr="3929"/>
      <SFR name="ADCON2" addr="3930"/>
      <SFR name="ADCON3" addr="3931"/>
      <SFR name="ADACQ" addr="3932"/>
      <SFR name="ADCAP" addr="3933"/>
      <SFR name="ADPRE" addr="3934"/>
      <SFR name="ADPCH" addr="3935"/>
      <SFR name="ADCON0" addr="3936"/>
      <SFR name="ADPREVL" addr="3937"/>
      <SFR name="ADPREVH" addr="3938"/>
      <SFR name="ADRESL" addr="3939"/>
      <SFR name="ADRESH" addr="3940"/>
      <SFR name="ADSTAT" addr="3941"/>
      <SFR name="ADRPT" addr="3942"/>
      <SFR name="ADCNT" addr="3943"/>
      <SFR name="ADSTPTL" addr="3944"/>
      <SFR name="ADSTPTH" addr="3945"/>
      <SFR name="ADLTHL" addr="3946"/>
      <SFR name="ADLTHH" addr="3947"/>
      <SFR name="ADUTHL" addr="3948"/>
      <SFR name="ADUTHH" addr="3949"/>
      <SFR name="ADERRL" addr="3950"/>
      <SFR name="ADERRH" addr="3951"/>
      <SFR name="ADACCL" addr="3952"/>
      <SFR name="ADACCH" addr="3953"/>
      <SFR name="ADFLTRL" addr="3954"/>
      <SFR name="ADFLTRH" addr="3955"/>
      <SFR name="NVMADRL" addr="3956"/>
      <SFR name="NVMADRH" addr="3957"/>
      <SFR name="NVMDAT" addr="3958"/>
      <SFR name="NVMCON1" addr="3959"/>
      <SFR name="NVMCON2" addr="3960"/>
      <SFR name="LATA" addr="3961"/>
      <SFR name="LATB" addr="3962"/>
      <SFR name="LATC" addr="3963"/>
      <SFR name="LATD" addr="3964"/>
      <SFR name="LATE" addr="3965"/>
      <SFR name="LATF" addr="3966"/>
      <SFR name="LATG" addr="3967"/>
      <SFR name="LATH" addr="3968"/>
      <SFR name="TRISA" addr="3969"/>
      <SFR name="TRISB" addr="3970"/>
      <SFR name="TRISC" addr="3971"/>
      <SFR name="TRISD" addr="3972"/>
      <SFR name="TRISE" addr="3973"/>
      <SFR name="TRISF" addr="3974"/>
      <SFR name="TRISG" addr="3975"/>
      <SFR name="TRISH" addr="3976"/>
      <SFR name="PORTA" addr="3977"/>
      <SFR name="PORTB" addr="3978"/>
      <SFR name="PORTC" addr="3979"/>
      <SFR name="PORTD" addr="3980"/>
      <SFR name="PORTE" addr="3981"/>
      <SFR name="PORTF" addr="3982"/>
      <SFR name="PORTG" addr="3983"/>
      <SFR name="PORTH" addr="3984"/>
      <SFR name="SSP1BUF" addr="3985"/>
      <SFR name="SSP1ADD" addr="3986"/>
      <SFR name="SSP1MSK" addr="3987"/>
      <SFR name="SSP1STAT" addr="3988"/>
      <SFR name="SSP1CON1" addr="3989"/>
      <SFR name="SSP1CON2" addr="3990"/>
      <SFR name="SSP1CON3" addr="3991"/>
      <SFR name="RC1REG" addr="3992"/>
      <SFR name="TX1REG" addr="3993"/>
      <SFR name="SP1BRGL" addr="3994"/>
      <SFR name="SP1BRGH" addr="3995"/>
      <SFR name="RC1STA" addr="3996"/>
      <SFR name="TX1STA" addr="3997"/>
      <SFR name="BAUD1CON" addr="3998"/>
      <SFR name="PWM7DCL" addr="3999"/>
      <SFR name="PWM7DCH" addr="4000"/>
      <SFR name="PWM7CON" addr="4001"/>
      <SFR name="PWM6DCL" addr="4002"/>
      <SFR name="PWM6DCH" addr="4003"/>
      <SFR name="PWM6CON" addr="4004"/>
      <SFR name="CCPR2L" addr="4005"/>
      <SFR name="CCPR2H" addr="4006"/>
      <SFR name="CCP2CON" addr="4007"/>
      <SFR name="CCP2CAP" addr="4008"/>
      <SFR name="CCPR1L" addr="4009"/>
      <SFR name="CCPR1H" addr="4010"/>
      <SFR name="CCP1CON" addr="4011"/>
      <SFR name="CCP1CAP" addr="4012"/>
      <SFR name="CCPTMRS0" addr="4013"/>
      <SFR name="CCPTMRS1" addr="4014"/>
      <SFR name="T6TMR" addr="4015"/>
      <SFR name="T6PR" addr="4016"/>
      <SFR name="T6CON" addr="4017"/>
      <SFR name="T6HLT" addr="4018"/>
      <SFR name="T6CLKCON" addr="4019"/>
      <SFR name="T6RST" addr="4020"/>
      <SFR name="T4TMR" addr="4021"/>
      <SFR name="T4PR" addr="4022"/>
      <SFR name="T4CON" addr="4023"/>
      <SFR name="T4HLT" addr="4024"/>
      <SFR name="T4CLKCON" addr="4025"/>
      <SFR name="T4RST" addr="4026"/>
      <SFR name="T2TMR" addr="4027"/>
      <SFR name="T2PR" addr="4028"/>
      <SFR name="T2CON" addr="4029"/>
      <SFR name="T2HLT" addr="4030"/>
      <SFR name="T2CLKCON" addr="4031"/>
      <SFR name="T2RST" addr="4032"/>
      <SFR name="TMR5L" addr="4033"/>
      <SFR name="TMR5H" addr="4034"/>
      <SFR name="T5CON" addr="4035"/>
      <SFR name="T5GCON" addr="4036"/>
      <SFR name="T5GATE" addr="4037"/>
      <SFR name="T5CLK" addr="4038"/>
      <SFR name="TMR3L" addr="4039"/>
      <SFR name="TMR3H" addr="4040"/>
      <SFR name="T3CON" addr="4041"/>
      <SFR name="T3GCON" addr="4042"/>
      <SFR name="T3GATE" addr="4043"/>
      <SFR name="T3CLK" addr="4044"/>
      <SFR name="TMR1L" addr="4045"/>
      <SFR name="TMR1H" addr="4046"/>
      <SFR name="T1CON" addr="4047"/>
      <SFR name="T1GCON" addr="4048"/>
      <SFR name="T1GATE" addr="4049"/>
      <SFR name="T1CLK" addr="4050"/>
      <SFR name="TMR0L" addr="4051"/>
      <SFR name="TMR0H" addr="4052"/>
      <SFR name="T0CON0" addr="4053"/>
      <SFR name="T0CON1" addr="4054"/>
      <SFR name="PCON0" addr="4055"/>
      <SFR name="INTCON" addr="4082"/>
   </CPUInfo>
   <ConfigBits start_addr="3145728" end_addr="3145739">
      <ConfigByte name="CONFIG1L" addr="3145728">
         <ConfigField name="FEXTOSC" desc="External Oscillator mode Selection bits" default="7" ishidden="false" nop_marker="false">
            <ConfigFieldValue name="ECH" desc="EC (external clock) above 8 MHz; PFM set to high power" value="7"/>
            <ConfigFieldValue name="ECM" desc="EC (external clock) for 500 kHz to 8 MHz; PFM set to medium power" value="6"/>
            <ConfigFieldValue name="ECL" desc="EC (external clock) below 100 kHz; PFM set to low power" value="5"/>
            <ConfigFieldValue name="OFF" desc="Oscillator not enabled" value="4"/>
            <ConfigFieldValue name="HS" desc="HS (crystal oscillator) above 8 MHz; PFM set to high power" value="2"/>
            <ConfigFieldValue name="XT" desc="XT (crystal oscillator) above 100 kHz, below 8 MHz; PFM set to medium power" value="1"/>
            <ConfigFieldValue name="LP" desc="LP (crystal oscillator) optimized for 32.768 kHz; PFM set to low power" value="0"/>
         </ConfigField>
         <ConfigField name="-" desc="" default="0" ishidden="false" nop_marker="false"/>
         <ConfigField name="RSTOSC" desc="Power-up default value for COSC bits" default="7" ishidden="false" nop_marker="false">
            <ConfigFieldValue name="EXTOSC" desc="EXTOSC operating per FEXTOSC bits (device manufacturing default)" value="7"/>
            <ConfigFieldValue name="HFINTOSC_1MHZ" desc="HFINTOSC with HFFRQ = 4 MHz and CDIV = 4:1" value="6"/>
            <ConfigFieldValue name="LFINTOSC" desc="Low-Frequency Oscillator" value="5"/>
            <ConfigFieldValue name="SOSC" desc="Secondary Oscillator" value="4"/>
            <ConfigFieldValue name="EXTOSC_4PLL" desc="EXTOSC with 4x PLL, with EXTOSC operating per FEXTOSC bits" value="2"/>
            <ConfigFieldValue name="RESERVED_1" desc="Reserved" value="1"/>
            <ConfigFieldValue name="HFINTOSC_64MHZ" desc="HFINTOSC with HFFRQ = 64 MHz and CDIV = 1:1" value="0"/>
         </ConfigField>
      </ConfigByte>
      <ConfigByte name="CONFIG1H" addr="3145729">
         <ConfigField name="CLKOUTEN" desc="Clock Out Enable bit" default="1" ishidden="false" nop_marker="false">
            <ConfigFieldValue name="OFF" desc="CLKOUT function is disabled" value="1"/>
            <ConfigFieldValue name="ON" desc="CLKOUT function is enabled" value="0"/>
         </ConfigField>
         <ConfigField name="-" desc="" default="0" ishidden="false" nop_marker="false"/>
         <ConfigField name="CSWEN" desc="Clock Switch Enable bit" default="1" ishidden="false" nop_marker="false">
            <ConfigFieldValue name="ON" desc="Writing to NOSC and NDIV is allowed" value="1"/>
            <ConfigFieldValue name="OFF" desc="The NOSC and NDIV bits cannot be changed by user software" value="0"/>
         </ConfigField>
         <ConfigField name="-" desc="" default="0" ishidden="false" nop_marker="false"/>
         <ConfigField name="FCMEN" desc="Fail-Safe Clock Monitor Enable bit" default="1" ishidden="false" nop_marker="false">
            <ConfigFieldValue name="ON" desc="Fail-Safe Clock Monitor enabled" value="1"/>
            <ConfigFieldValue name="OFF" desc="Fail-Safe Clock Monitor disabled" value="0"/>
         </ConfigField>
      </ConfigByte>
      <ConfigByte name="CONFIG2L" addr="3145730">
         <ConfigField name="MCLRE" desc="Master Clear Enable bit" default="1" ishidden="false" nop_marker="false">
            <ConfigFieldValue name="EXTMCLR" desc="If LVP = 0, MCLR pin is MCLR; If LVP = 1, RE3 pin function is MCLR " value="1"/>
            <ConfigFieldValue name="INTMCLR" desc="If LVP = 0, MCLR pin function is port defined function; If LVP =1, RE3 pin fuction is MCLR" value="0"/>
         </ConfigField>
         <ConfigField name="PWRTE" desc="Power-up Timer Enable bit" default="1" ishidden="false" nop_marker="false">
            <ConfigFieldValue name="OFF" desc="Power up timer disabled" value="1"/>
            <ConfigFieldValue name="ON" desc="Power up timer enabled" value="0"/>
         </ConfigField>
         <ConfigField name="-" desc="" default="0" ishidden="false" nop_marker="false"/>
         <ConfigField name="LPBOREN" desc="Low-power BOR enable bit" default="1" ishidden="false" nop_marker="false">
            <ConfigFieldValue name="OFF" desc="ULPBOR disabled" value="1"/>
            <ConfigFieldValue name="ON" desc="ULPBOR enabled" value="0"/>
         </ConfigField>
         <ConfigField name="BOREN" desc="Brown-out Reset Enable bits" default="3" ishidden="false" nop_marker="false">
            <ConfigFieldValue name="SBORDIS" desc="Brown-out Reset enabled , SBOREN bit is ignored" value="3"/>
            <ConfigFieldValue name="NOSLP" desc="Brown-out Reset enabled while running, disabled in Sleep; SBOREN is ignored" value="2"/>
            <ConfigFieldValue name="ON" desc="Brown-out Reset enabled according to SBOREN" value="1"/>
            <ConfigFieldValue name="OFF" desc="Brown-out Reset disabled" value="0"/>
         </ConfigField>
      </ConfigByte>
      <ConfigByte name="CONFIG2H" addr="3145731">
         <ConfigField name="BORV" desc="Brown Out Reset Voltage selection bits" default="3" ishidden="false" nop_marker="false">
            <ConfigFieldValue name="VBOR_190" desc="Brown-out Reset Voltage (VBOR) set to 1.90V" value="3"/>
            <ConfigFieldValue name="VBOR_245" desc="Brown-out Reset Voltage (VBOR) set to 2.45V" value="2"/>
            <ConfigFieldValue name="VBOR_270" desc="Brown-out Reset Voltage (VBOR) set to 2.70V" value="1"/>
            <ConfigFieldValue name="VBOR_285" desc="Brown-out Reset Voltage (VBOR) set to 2.85V" value="0"/>
         </ConfigField>
         <ConfigField name="ZCD" desc="ZCD Disable bit" default="1" ishidden="false" nop_marker="false">
            <ConfigFieldValue name="OFF" desc="ZCD disabled. ZCD can be enabled by setting the ZCDSEN bit of ZCDCON" value="1"/>
            <ConfigFieldValue name="ON" desc="ZCD always enabled" value="0"/>
         </ConfigField>
         <ConfigField name="PPS1WAY" desc="PPSLOCK bit One-Way Set Enable bit" default="1" ishidden="false" nop_marker="false">
            <ConfigFieldValue name="ON" desc="PPSLOCK bit can be cleared and set only once; PPS registers remain locked after one clear/set cycle" value="1"/>
            <ConfigFieldValue name="OFF" desc="PPSLOCK bit can be set and cleared repeatedly (subject to the unlock sequence)" value="0"/>
         </ConfigField>
         <ConfigField name="STVREN" desc="Stack Full/Underflow Reset Enable bit" default="1" ishidden="false" nop_marker="false">
            <ConfigFieldValue name="ON" desc="Stack full/underflow will cause Reset" value="1"/>
            <ConfigFieldValue name="OFF" desc="Stack full/underflow will not cause Reset" value="0"/>
         </ConfigField>
         <ConfigField name="DEBUG" desc="Debugger Enable bit" default="1" ishidden="false" nop_marker="false">
            <ConfigFieldValue name="OFF" desc="Background debugger disabled" value="1"/>
            <ConfigFieldValue name="ON" desc="Background debugger enabled" value="0"/>
         </ConfigField>
         <ConfigField name="-" desc="" default="0" ishidden="false" nop_marker="false"/>
         <ConfigField name="XINST" desc="Extended Instruction Set Enable bit" default="1" ishidden="false" nop_marker="false">
            <ConfigFieldValue name="OFF" desc="Extended Instruction Set and Indexed Addressing Mode disabled" value="1"/>
            <ConfigFieldValue name="ON" desc="Extended Instruction Set and Indexed Addressing Mode enabled" value="0"/>
         </ConfigField>
      </ConfigByte>
      <ConfigByte name="CONFIG3L" addr="3145732">
         <ConfigField name="WDTCPS" desc="WDT Period Select bits" default="31" ishidden="false" nop_marker="false">
            <ConfigFieldValue name="WDTCPS_31" desc="Divider ratio 1:65536; software control of WDTPS" value="31"/>
            <ConfigFieldValue name="WDTCPS_30" desc="Divider ratio 1:32" value="30"/>
            <ConfigFieldValue name="WDTCPS_29" desc="Divider ratio 1:32" value="29"/>
            <ConfigFieldValue name="WDTCPS_28" desc="Divider ratio 1:32" value="28"/>
            <ConfigFieldValue name="WDTCPS_27" desc="Divider ratio 1:32" value="27"/>
            <ConfigFieldValue name="WDTCPS_26" desc="Divider ratio 1:32" value="26"/>
            <ConfigFieldValue name="WDTCPS_25" desc="Divider ratio 1:32" value="25"/>
            <ConfigFieldValue name="WDTCPS_24" desc="Divider ratio 1:32" value="24"/>
            <ConfigFieldValue name="WDTCPS_23" desc="Divider ratio 1:32" value="23"/>
            <ConfigFieldValue name="WDTCPS_22" desc="Divider ratio 1:32" value="22"/>
            <ConfigFieldValue name="WDTCPS_21" desc="Divider ratio 1:32" value="21"/>
            <ConfigFieldValue name="WDTCPS_20" desc="Divider ratio 1:32" value="20"/>
            <ConfigFieldValue name="WDTCPS_19" desc="Divider ratio 1:32" value="19"/>
            <ConfigFieldValue name="WDTCPS_18" desc="Divider ratio 1:8388608" value="18"/>
            <ConfigFieldValue name="WDTCPS_17" desc="Divider ratio 1:4194304" value="17"/>
            <ConfigFieldValue name="WDTCPS_16" desc="Divider ratio 1:2097152" value="16"/>
            <ConfigFieldValue name="WDTCPS_15" desc="Divider ratio 1:1048576" value="15"/>
            <ConfigFieldValue name="WDTCPS_14" desc="Divider ratio 1:524299" value="14"/>
            <ConfigFieldValue name="WDTCPS_13" desc="Divider ratio 1:262144" value="13"/>
            <ConfigFieldValue name="WDTCPS_12" desc="Divider ratio 1:131072" value="12"/>
            <ConfigFieldValue name="WDTCPS_11" desc="Divider ratio 1:65536" value="11"/>
            <ConfigFieldValue name="WDTCPS_10" desc="Divider ratio 1:32768" value="10"/>
            <ConfigFieldValue name="WDTCPS_9" desc="Divider ratio 1:16384" value="9"/>
            <ConfigFieldValue name="WDTCPS_8" desc="Divider ratio 1:8192" value="8"/>
            <ConfigFieldValue name="WDTCPS_7" desc="Divider ratio 1:4096" value="7"/>
            <ConfigFieldValue name="WDTCPS_6" desc="Divider ratio 1:2048" value="6"/>
            <ConfigFieldValue name="WDTCPS_5" desc="Divider ratio 1:1024" value="5"/>
            <ConfigFieldValue name="WDTCPS_4" desc="Divider ratio 1:512" value="4"/>
            <ConfigFieldValue name="WDTCPS_3" desc="Divider ratio 1:256" value="3"/>
            <ConfigFieldValue name="WDTCPS_2" desc="Divider ratio 1:128" value="2"/>
            <ConfigFieldValue name="WDTCPS_1" desc="Divider ratio 1:64" value="1"/>
            <ConfigFieldValue name="WDTCPS_0" desc="Divider ratio 1:32" value="0"/>
         </ConfigField>
         <ConfigField name="WDTE" desc="WDT operating mode" default="3" ishidden="false" nop_marker="false">
            <ConfigFieldValue name="ON" desc="WDT enabled regardless of sleep" value="3"/>
            <ConfigFieldValue name="NSLEEP" desc="WDT enabled while sleep=0, suspended when sleep=1" value="2"/>
            <ConfigFieldValue name="SWDTEN" desc="WDT enabled/disabled by SWDTEN bit" value="1"/>
            <ConfigFieldValue name="OFF" desc="WDT Disabled" value="0"/>
         </ConfigField>
      </ConfigByte>
      <ConfigByte name="CONFIG3H" addr="3145733">
         <ConfigField name="WDTCWS" desc="WDT Window Select bits" default="7" ishidden="false" nop_marker="false">
            <ConfigFieldValue name="WDTCWS_7" desc="window always open (100%); software control; keyed access not required" value="7"/>
            <ConfigFieldValue name="WDTCWS_6" desc="window always open (100%); no software control; keyed access required" value="6"/>
            <ConfigFieldValue name="WDTCWS_5" desc="window delay = 25 percent of time; no software control; keyed access required" value="5"/>
            <ConfigFieldValue name="WDTCWS_4" desc="window delay = 37.5 percent of time; no software control; keyed access required" value="4"/>
            <ConfigFieldValue name="WDTCWS_3" desc="window delay = 50 percent of time; no software control; keyed access required" value="3"/>
            <ConfigFieldValue name="WDTCWS_2" desc="window delay = 62.5 percent of time; no software control; keyed access required" value="2"/>
            <ConfigFieldValue name="WDTCWS_1" desc="window delay = 75 percent of time; no software control; keyed access required" value="1"/>
            <ConfigFieldValue name="WDTCWS_0" desc="window delay = 87.5; no software control; keyed access required" value="0"/>
         </ConfigField>
         <ConfigField name="WDTCCS" desc="WDT input clock selector" default="7" ishidden="false" nop_marker="false">
            <ConfigFieldValue name="SC" desc="Software Control" value="7"/>
            <ConfigFieldValue name="HFINTOSC" desc="WDT reference clock is the 31.2kHz HFINTOSC output" value="1"/>
            <ConfigFieldValue name="LFINTOSC" desc="WDT reference clock is the 31.0 kHz LFINTOSC" value="0"/>
         </ConfigField>
         <ConfigField name="-" desc="" default="0" ishidden="false" nop_marker="false"/>
      </ConfigByte>
      <ConfigByte name="CONFIG4L" addr="3145734">
         <ConfigField name="WRT0" desc="Write Protection Block 0" default="1" ishidden="false" nop_marker="false">
            <ConfigFieldValue name="OFF" desc="Block 0 (000800-001FFFh) not write-protected" value="1"/>
            <ConfigFieldValue name="ON" desc="Block 0 (000800-001FFFh) write-protected" value="0"/>
         </ConfigField>
         <ConfigField name="WRT1" desc="Write Protection Block 1" default="1" ishidden="false" nop_marker="false">
            <ConfigFieldValue name="OFF" desc="Block 1 (002000-003FFFh) not write-protected" value="1"/>
            <ConfigFieldValue name="ON" desc="Block 1 (002000-003FFFh) write-protected" value="0"/>
         </ConfigField>
         <ConfigField name="WRT2" desc="Write Protection Block 2" default="1" ishidden="false" nop_marker="false">
            <ConfigFieldValue name="OFF" desc="Block 2 (004000-005FFFh) not write-protected" value="1"/>
            <ConfigFieldValue name="ON" desc="Block 2 (004000-005FFFh) write-protected" value="0"/>
         </ConfigField>
         <ConfigField name="WRT3" desc="Write Protection Block 3" default="1" ishidden="false" nop_marker="false">
            <ConfigFieldValue name="OFF" desc="Block 3 (006000-007FFFh) not write-protected" value="1"/>
            <ConfigFieldValue name="ON" desc="Block 3 (006000-007FFFh) write-protected" value="0"/>
         </ConfigField>
      </ConfigByte>
      <ConfigByte name="CONFIG4H" addr="3145735">
         <ConfigField name="WRTC" desc="Configuration Register Write Protection bit" default="1" ishidden="false" nop_marker="false">
            <ConfigFieldValue name="OFF" desc="Configuration registers (300000-30000Bh) not write-protected" value="1"/>
            <ConfigFieldValue name="ON" desc="Configuration registers (300000-30000Bh) write-protected" value="0"/>
         </ConfigField>
         <ConfigField name="WRTB" desc="Boot Block Write Protection bit" default="1" ishidden="false" nop_marker="false">
            <ConfigFieldValue name="OFF" desc="Boot Block (000000-0007FFh) not write-protected" value="1"/>
            <ConfigFieldValue name="ON" desc="Boot Block (000000-0007FFh) write-protected" value="0"/>
         </ConfigField>
         <ConfigField name="WRTD" desc="Data EEPROM Write Protection bit" default="1" ishidden="false" nop_marker="false">
            <ConfigFieldValue name="OFF" desc="Data EEPROM not write-protected" value="1"/>
            <ConfigFieldValue name="ON" desc="Data EEPROM write-protected" value="0"/>
         </ConfigField>
         <ConfigField name="-" desc="" default="0" ishidden="false" nop_marker="false"/>
         <ConfigField name="SCANE" desc="Scanner Enable bit" default="1" ishidden="false" nop_marker="false">
            <ConfigFieldValue name="ON" desc="Scanner module is available for use, SCANMD bit can control the module" value="1"/>
            <ConfigFieldValue name="OFF" desc="Scanner module is NOT available for use, SCANMD bit is ignored" value="0"/>
         </ConfigField>
         <ConfigField name="LVP" desc="Low Voltage Programming Enable bit" default="1" ishidden="false" nop_marker="false">
            <ConfigFieldValue name="ON" desc="Low voltage programming enabled. MCLR/VPP pin function is MCLR. MCLRE configuration bit is ignored" value="1"/>
            <ConfigFieldValue name="OFF" desc="HV on MCLR/VPP must be used for programming" value="0"/>
         </ConfigField>
      </ConfigByte>
      <ConfigByte name="CONFIG5L" addr="3145736">
         <ConfigField name="CP" desc="UserNVM Program Memory Code Protection bit" default="1" ishidden="false" nop_marker="false">
            <ConfigFieldValue name="OFF" desc="UserNVM code protection disabled" value="1"/>
            <ConfigFieldValue name="ON" desc="UserNVM code protection enabled" value="0"/>
         </ConfigField>
         <ConfigField name="CPD" desc="DataNVM Memory Code Protection bit" default="1" ishidden="false" nop_marker="false">
            <ConfigFieldValue name="OFF" desc="DataNVM code protection disabled" value="1"/>
            <ConfigFieldValue name="ON" desc="DataNVM code protection enabled" value="0"/>
         </ConfigField>
         <ConfigField name="-" desc="" default="0" ishidden="false" nop_marker="false"/>
      </ConfigByte>
      <ConfigByte name="CONFIG5H" addr="3145737">
         <ConfigField name="-" desc="" default="0" ishidden="false" nop_marker="false"/>
      </ConfigByte>
      <ConfigByte name="CONFIG6L" addr="3145738">
         <ConfigField name="EBTR0" desc="Table Read Protection Block 0" default="1" ishidden="false" nop_marker="false">
            <ConfigFieldValue name="OFF" desc="Block 0 (000800-001FFFh) not protected from table reads executed in other blocks" value="1"/>
            <ConfigFieldValue name="ON" desc="Block 0 (000800-001FFFh) protected from table reads executed in other blocks" value="0"/>
         </ConfigField>
         <ConfigField name="EBTR1" desc="Table Read Protection Block 1" default="1" ishidden="false" nop_marker="false">
            <ConfigFieldValue name="OFF" desc="Block 1 (002000-003FFFh) not protected from table reads executed in other blocks" value="1"/>
            <ConfigFieldValue name="ON" desc="Block 1 (002000-003FFFh) protected from table reads executed in other blocks" value="0"/>
         </ConfigField>
         <ConfigField name="EBTR2" desc="Table Read Protection Block 2" default="1" ishidden="false" nop_marker="false">
            <ConfigFieldValue name="OFF" desc="Block 2 (004000-005FFFh) not protected from table reads executed in other blocks" value="1"/>
            <ConfigFieldValue name="ON" desc="Block 2 (004000-005FFFh) protected from table reads executed in other blocks" value="0"/>
         </ConfigField>
         <ConfigField name="EBTR3" desc="Table Read Protection Block 3" default="1" ishidden="false" nop_marker="false">
            <ConfigFieldValue name="OFF" desc="Block 3 (006000-007FFFh) not protected from table reads executed in other blocks" value="1"/>
            <ConfigFieldValue name="ON" desc="Block 3 (006000-007FFFh) protected from table reads executed in other blocks" value="0"/>
         </ConfigField>
      </ConfigByte>
      <ConfigByte name="CONFIG6H" addr="3145739">
         <ConfigField name="-" desc="" default="0" ishidden="false" nop_marker="false"/>
         <ConfigField name="EBTRB" desc="Boot Block Table Read Protection bit" default="1" ishidden="false" nop_marker="false">
            <ConfigFieldValue name="OFF" desc="Boot Block (000000-0007FFh) not protected from table reads executed in other blocks" value="1"/>
            <ConfigFieldValue name="ON" desc="Boot Block (000000-0007FFh) protected from table reads executed in other blocks" value="0"/>
         </ConfigField>
      </ConfigByte>
   </ConfigBits>
   <ReversedTypes>
      <ReversedType name="tADACC"/>
      <ReversedType name="tADERR"/>
      <ReversedType name="tADFLTR"/>
      <ReversedType name="tADLTH"/>
      <ReversedType name="tADPREV"/>
      <ReversedType name="tADRES"/>
      <ReversedType name="tADSTPT"/>
      <ReversedType name="tADUTH"/>
      <ReversedType name="tCCPR1"/>
      <ReversedType name="tCCPR2"/>
      <ReversedType name="tCCPR3"/>
      <ReversedType name="tCCPR4"/>
      <ReversedType name="tCCPR5"/>
      <ReversedType name="tCRCACC"/>
      <ReversedType name="tCRCDAT"/>
      <ReversedType name="tCRCSHIFT"/>
      <ReversedType name="tCRCXOR"/>
      <ReversedType name="tMDCAR"/>
      <ReversedType name="tNVMADR"/>
      <ReversedType name="tPWM6DC"/>
      <ReversedType name="tPWM7DC"/>
      <ReversedType name="tSCANHADR"/>
      <ReversedType name="tSCANLADR"/>
      <ReversedType name="tSMT1CPR"/>
      <ReversedType name="tSMT1CPW"/>
      <ReversedType name="tSMT1PR"/>
      <ReversedType name="tSMT1TMR"/>
      <ReversedType name="tSMT2CPR"/>
      <ReversedType name="tSMT2CPW"/>
      <ReversedType name="tSMT2PR"/>
      <ReversedType name="tSMT2TMR"/>
      <ReversedType name="tSP1BRG"/>
      <ReversedType name="tSP2BRG"/>
      <ReversedType name="tSP3BRG"/>
      <ReversedType name="tSP4BRG"/>
      <ReversedType name="tSP5BRG"/>
      <ReversedType name="tTMR0"/>
      <ReversedType name="tTMR16"/>
      <ReversedType name="tWDT"/>
   </ReversedTypes>
   <Timers16Bit>
      <Timer number="1"/>
      <Timer number="3"/>
      <Timer number="5"/>
      <Timer number="7"/>
   </Timers16Bit>
   <DataSpaces>
      <GPR_DataSpace beginaddr="0" endaddr="2048"/>
      <SFR_DataSpace beginaddr="3550" endaddr="4096"/>
   </DataSpaces>
</Microcontroller>
