<?xml version="1.0" encoding="UTF-8"?>
<Microcontroller name="PIC18F1230">
   <Generator program="pic18x_include_file_generator.exe"/>
   <Source filename="PIC18F1230.PIC" mplabx_version="v3.26" filedate="2016-03-02"/>
   <CPUInfo>
      <Chip name="PIC18F1230" is_extended="true" first_access_bank_absolute_address="3968" rom_size="4096" alt_shared_addr_test="0"/>
      <EEPROM size="128" eeadr="4009" eeadrh="0" eecon1="4006" eecon2="4007" eedata="4008"/>
      <SFR name="PORTA" addr="3968"/>
      <SFR name="PORTB" addr="3969"/>
      <SFR name="OVDCONS" addr="3970"/>
      <SFR name="OVDCOND" addr="3971"/>
      <SFR name="DTCON" addr="3972"/>
      <SFR name="PWMCON1" addr="3973"/>
      <SFR name="PWMCON0" addr="3974"/>
      <SFR name="SEVTCMPH" addr="3975"/>
      <SFR name="SEVTCMPL" addr="3976"/>
      <SFR name="LATA" addr="3977"/>
      <SFR name="LATB" addr="3978"/>
      <SFR name="FLTCONFIG" addr="3979"/>
      <SFR name="PDC2H" addr="3980"/>
      <SFR name="PDC2L" addr="3981"/>
      <SFR name="PDC1H" addr="3982"/>
      <SFR name="PDC1L" addr="3983"/>
      <SFR name="PDC0H" addr="3984"/>
      <SFR name="PDC0L" addr="3985"/>
      <SFR name="TRISA" addr="3986"/>
      <SFR name="TRISB" addr="3987"/>
      <SFR name="PTPERH" addr="3989"/>
      <SFR name="PTPERL" addr="3990"/>
      <SFR name="PTMRH" addr="3991"/>
      <SFR name="PTMRL" addr="3992"/>
      <SFR name="PTCON1" addr="3993"/>
      <SFR name="PTCON0" addr="3994"/>
      <SFR name="OSCTUNE" addr="3995"/>
      <SFR name="PIE1" addr="3997"/>
      <SFR name="PIR1" addr="3998"/>
      <SFR name="IPR1" addr="3999"/>
      <SFR name="PIE2" addr="4000"/>
      <SFR name="PIR2" addr="4001"/>
      <SFR name="IPR2" addr="4002"/>
      <SFR name="PIE3" addr="4003"/>
      <SFR name="PIR3" addr="4004"/>
      <SFR name="IPR3" addr="4005"/>
      <SFR name="RCSTA" addr="4011"/>
      <SFR name="TXSTA" addr="4012"/>
      <SFR name="TXREG" addr="4013"/>
      <SFR name="RCREG" addr="4014"/>
      <SFR name="SPBRG" addr="4015"/>
      <SFR name="SPBRGH" addr="4016"/>
      <SFR name="CMCON" addr="4020"/>
      <SFR name="CVRCON" addr="4021"/>
      <SFR name="BAUDCON" addr="4024"/>
      <SFR name="ADCON2" addr="4032"/>
      <SFR name="ADCON1" addr="4033"/>
      <SFR name="ADCON0" addr="4034"/>
      <SFR name="ADRESL" addr="4035"/>
      <SFR name="ADRESH" addr="4036"/>
      <SFR name="T1CON" addr="4045"/>
      <SFR name="TMR1L" addr="4046"/>
      <SFR name="TMR1H" addr="4047"/>
      <SFR name="RCON" addr="4048"/>
      <SFR name="WDTCON" addr="4049"/>
      <SFR name="LVDCON" addr="4050"/>
      <SFR name="OSCCON" addr="4051"/>
      <SFR name="T0CON" addr="4053"/>
      <SFR name="TMR0L" addr="4054"/>
      <SFR name="TMR0H" addr="4055"/>
      <SFR name="INTCON3" addr="4080"/>
      <SFR name="INTCON2" addr="4081"/>
      <SFR name="INTCON" addr="4082"/>
   </CPUInfo>
   <ConfigBits>
      <ConfigByte/>
      <ConfigByte name="CONFIG1H">
         <ConfigField name="OSC" desc="Oscillator" default="7" ishidden="false" nop_marker="false">
            <ConfigFieldValue name="INTIO1" desc="Internal oscillator, CLKO function on RA6, port function on RA7" value="9"/>
            <ConfigFieldValue name="INTIO2" desc="Internal oscillator, port function on RA6 and RA7" value="8"/>
            <ConfigFieldValue name="RCIO" desc="External RC oscillator, port function on RA6" value="7"/>
            <ConfigFieldValue name="HSPLL" desc="HS oscillator, PLL enabled (Clock Frequency = 4 x FOSC1)" value="6"/>
            <ConfigFieldValue name="ECIO" desc="EC oscillator, port function on RA6" value="5"/>
            <ConfigFieldValue name="EC" desc="EC oscillator, CLKO function on RA6" value="4"/>
            <ConfigFieldValue name="RC" desc="External RC oscillator, CLKO function on RA6" value="3"/>
            <ConfigFieldValue name="HS" desc="HS Oscillator" value="2"/>
            <ConfigFieldValue name="XT" desc="XT Oscillator" value="1"/>
            <ConfigFieldValue name="LP" desc="LP Oscillator" value="0"/>
         </ConfigField>
         <ConfigField name="-" desc="" default="0" ishidden="false" nop_marker="false"/>
         <ConfigField name="FCMEN" desc="Fail-Safe Clock Monitor Enable bit" default="0" ishidden="false" nop_marker="false">
            <ConfigFieldValue name="ON" desc="Fail-Safe Clock Monitor enabled" value="1"/>
            <ConfigFieldValue name="OFF" desc="Fail-Safe Clock Monitor disabled" value="0"/>
         </ConfigField>
         <ConfigField name="IESO" desc="Internal/External Oscillator Switchover bit" default="0" ishidden="false" nop_marker="false">
            <ConfigFieldValue name="ON" desc="Oscillator Switchover mode enabled" value="1"/>
            <ConfigFieldValue name="OFF" desc="Oscillator Switchover mode disabled" value="0"/>
         </ConfigField>
      </ConfigByte>
      <ConfigByte name="CONFIG2L">
         <ConfigField name="PWRT" desc="Power-up Timer Enable bit" default="1" ishidden="false" nop_marker="false">
            <ConfigFieldValue name="OFF" desc="PWRT disabled" value="1"/>
            <ConfigFieldValue name="ON" desc="PWRT enabled" value="0"/>
         </ConfigField>
         <ConfigField name="BOR" desc="Brown-out Reset Enable bits" default="3" ishidden="false" nop_marker="false">
            <ConfigFieldValue name="BOHW" desc="Brown-out Reset enabled in hardware only (SBOREN is disabled)" value="3"/>
            <ConfigFieldValue name="BOACTIVE" desc="Brown-out Reset enabled in hardware only and disabled in Sleep mode (SBOREN is disabled)" value="2"/>
            <ConfigFieldValue name="SBORENCTRL" desc="Brown-out Reset enabled and controlled by software (SBOREN is enabled)" value="1"/>
            <ConfigFieldValue name="OFF" desc="Brown-out Reset disabled in hardware and software" value="0"/>
         </ConfigField>
         <ConfigField name="BORV" desc="Brown-out Reset Voltage bits" default="3" ishidden="false" nop_marker="false">
            <ConfigFieldValue name="3" desc="Minimum setting" value="3"/>
            <ConfigFieldValue name="2" desc="" value="2"/>
            <ConfigFieldValue name="1" desc="" value="1"/>
            <ConfigFieldValue name="0" desc="Maximum setting" value="0"/>
         </ConfigField>
      </ConfigByte>
      <ConfigByte name="CONFIG2H">
         <ConfigField name="WDT" desc="Watchdog Timer Enable bit" default="1" ishidden="false" nop_marker="false">
            <ConfigFieldValue name="ON" desc="WDT enabled" value="1"/>
            <ConfigFieldValue name="OFF" desc="WDT disabled (control is placed on the SWDTEN bit)" value="0"/>
         </ConfigField>
         <ConfigField name="WDTPS" desc="Watchdog Timer Postscale Select bits" default="15" ishidden="false" nop_marker="false">
            <ConfigFieldValue name="32768" desc="1:32768" value="15"/>
            <ConfigFieldValue name="16384" desc="1:16384" value="14"/>
            <ConfigFieldValue name="8192" desc="1:8192" value="13"/>
            <ConfigFieldValue name="4096" desc="1:4096" value="12"/>
            <ConfigFieldValue name="2048" desc="1:2048" value="11"/>
            <ConfigFieldValue name="1024" desc="1:1024" value="10"/>
            <ConfigFieldValue name="512" desc="1:512" value="9"/>
            <ConfigFieldValue name="256" desc="1:256" value="8"/>
            <ConfigFieldValue name="128" desc="1:128" value="7"/>
            <ConfigFieldValue name="64" desc="1:64" value="6"/>
            <ConfigFieldValue name="32" desc="1:32" value="5"/>
            <ConfigFieldValue name="16" desc="1:16" value="4"/>
            <ConfigFieldValue name="8" desc="1:8" value="3"/>
            <ConfigFieldValue name="4" desc="1:4" value="2"/>
            <ConfigFieldValue name="2" desc="1:2" value="1"/>
            <ConfigFieldValue name="1" desc="1:1" value="0"/>
         </ConfigField>
      </ConfigByte>
      <ConfigByte name="CONFIG3L">
         <ConfigField name="-" desc="" default="0" ishidden="false" nop_marker="false"/>
         <ConfigField name="PWMPIN" desc="PWM Output Pins Reset State Control bit" default="1" ishidden="false" nop_marker="false">
            <ConfigFieldValue name="OFF" desc="PWM outputs disabled upon Reset" value="1"/>
            <ConfigFieldValue name="ON" desc="PWM outputs drive active states upon Reset" value="0"/>
         </ConfigField>
         <ConfigField name="LPOL" desc="Low-Side Transistors Polarity bit (Even PWM Output Polarity Control bit)" default="1" ishidden="false" nop_marker="false">
            <ConfigFieldValue name="HIGH" desc="PWM0, PWM2 and PWM4 are active-high (default)" value="1"/>
            <ConfigFieldValue name="LOW" desc="PWM0, PWM2 and PWM4 are active-low" value="0"/>
         </ConfigField>
         <ConfigField name="HPOL" desc="High Side Transistors Polarity bit (Odd PWM Output Polarity Control bit)" default="1" ishidden="false" nop_marker="false">
            <ConfigFieldValue name="HIGH" desc="PWM1, PWM3 and PWM5 are active-high (default)" value="1"/>
            <ConfigFieldValue name="LOW" desc="PWM1, PWM3 and PWM5 are active-low" value="0"/>
         </ConfigField>
      </ConfigByte>
      <ConfigByte name="CONFIG3H">
         <ConfigField name="FLTAMX" desc="FLTA Mux bit" default="1" ishidden="false" nop_marker="false">
            <ConfigFieldValue name="RA5" desc="FLTA input is muxed onto RA5" value="1"/>
            <ConfigFieldValue name="RA7" desc="FLTA input is muxed onto RA7" value="0"/>
         </ConfigField>
         <ConfigField name="-" desc="" default="0" ishidden="false" nop_marker="false"/>
         <ConfigField name="T1OSCMX" desc="T1OSO/T1CKI MUX bit" default="0" ishidden="false" nop_marker="false">
            <ConfigFieldValue name="HIGH" desc="T1OSO/T1CKI pin resides on RA6" value="1"/>
            <ConfigFieldValue name="LOW" desc="T1OSO/T1CKI pin resides on RB2" value="0"/>
         </ConfigField>
         <ConfigField name="-" desc="" default="0" ishidden="false" nop_marker="false"/>
         <ConfigField name="MCLRE" desc="Master Clear Enable bit" default="1" ishidden="false" nop_marker="false">
            <ConfigFieldValue name="ON" desc="MCLR pin enabled, RA5 input pin disabled" value="1"/>
            <ConfigFieldValue name="OFF" desc="RA5 input pin enabled, MCLR pin disabled" value="0"/>
         </ConfigField>
      </ConfigByte>
      <ConfigByte name="CONFIG4L">
         <ConfigField name="STVREN" desc="Stack Overflow/Underflow Reset Enable bit" default="1" ishidden="false" nop_marker="false">
            <ConfigFieldValue name="ON" desc="Reset on stack overflow/underflow enabled" value="1"/>
            <ConfigFieldValue name="OFF" desc="Reset on stack overflow/underflow disabled" value="0"/>
         </ConfigField>
         <ConfigField name="-" desc="" default="0" ishidden="false" nop_marker="false"/>
         <ConfigField name="ICPRT" desc="Dedicated In-Circuit Debug/Programming Port (ICPORT) Enable bit" default="0" ishidden="true" nop_marker="false">
         </ConfigField>
         <ConfigField name="BBSIZ" desc="Boot Block Size Select bits" default="0" ishidden="false" nop_marker="false">
            <ConfigFieldValue name="BB512" desc="512 Words (1024 Bytes) Boot Block size" value="3"/>
            <ConfigFieldValue name="BB256" desc="256 Words (512 Bytes) Boot Block size" value="0"/>
         </ConfigField>
         <ConfigField name="XINST" desc="Extended Instruction Set Enable bit" default="0" ishidden="false" nop_marker="false">
            <ConfigFieldValue name="ON" desc="Instruction set extension and Indexed Addressing mode enabled" value="1"/>
            <ConfigFieldValue name="OFF" desc="Instruction set extension and Indexed Addressing mode disabled" value="0"/>
         </ConfigField>
         <ConfigField name="DEBUG" desc="Background Debugger Enable bit" default="1" ishidden="false" nop_marker="false">
            <ConfigFieldValue name="OFF" desc="Background debugger disabled, RB6 and RB7 configured as general purpose I/O pins" value="1"/>
            <ConfigFieldValue name="ON" desc="Background debugger enabled, RB6 and RB7 are dedicated to In-Circuit Debug" value="0"/>
         </ConfigField>
      </ConfigByte>
      <ConfigByte/>
      <ConfigByte name="CONFIG5L">
         <ConfigField name="CP0" desc="Code Protection bit Block 0 (000400-0007FF)" default="1" ishidden="false" nop_marker="false">
            <ConfigFieldValue name="OFF" desc="Block 0 is not code-protected" value="1"/>
            <ConfigFieldValue name="ON" desc="Block 0 is code-protected" value="0"/>
         </ConfigField>
         <ConfigField name="CP1" desc="Code Protection bit Block 1 (000800-000FFF)" default="1" ishidden="false" nop_marker="false">
            <ConfigFieldValue name="OFF" desc="Block 1 is not code-protected" value="1"/>
            <ConfigFieldValue name="ON" desc="Block 1 is code-protected" value="0"/>
         </ConfigField>
      </ConfigByte>
      <ConfigByte name="CONFIG5H">
         <ConfigField name="-" desc="" default="0" ishidden="false" nop_marker="false"/>
         <ConfigField name="CPB" desc="Code Protection bit (Boot Block Memory Area)" default="1" ishidden="false" nop_marker="false">
            <ConfigFieldValue name="OFF" desc="Boot Block is not code-protected" value="1"/>
            <ConfigFieldValue name="ON" desc="Boot Block is code-protected" value="0"/>
         </ConfigField>
         <ConfigField name="CPD" desc="Code Protection bit (Data EEPROM)" default="1" ishidden="false" nop_marker="false">
            <ConfigFieldValue name="OFF" desc="Data EEPROM is not code-protected" value="1"/>
            <ConfigFieldValue name="ON" desc="Data EEPROM is code-protected" value="0"/>
         </ConfigField>
      </ConfigByte>
      <ConfigByte name="CONFIG6L">
         <ConfigField name="WRT0" desc="Write Protection bit Block 0 (000400-0007FF)" default="1" ishidden="false" nop_marker="false">
            <ConfigFieldValue name="OFF" desc="Block 0 is not write-protected" value="1"/>
            <ConfigFieldValue name="ON" desc="Block 0 is write-protected" value="0"/>
         </ConfigField>
         <ConfigField name="WRT1" desc="Write Protection bit Block 1 (000800-000FFF)" default="1" ishidden="false" nop_marker="false">
            <ConfigFieldValue name="OFF" desc="Block 1 is not write-protected" value="1"/>
            <ConfigFieldValue name="ON" desc="Block 1 is write-protected" value="0"/>
         </ConfigField>
      </ConfigByte>
      <ConfigByte name="CONFIG6H">
         <ConfigField name="-" desc="" default="0" ishidden="false" nop_marker="false"/>
         <ConfigField name="WRTC" desc="Write Protection bit (Configuration Registers)" default="1" ishidden="false" nop_marker="false">
            <ConfigFieldValue name="OFF" desc="Configuration registers are not write-protected" value="1"/>
            <ConfigFieldValue name="ON" desc="Configuration registers are write-protected" value="0"/>
         </ConfigField>
         <ConfigField name="WRTB" desc="Write Protection bit (Boot Block Memory Area)" default="1" ishidden="false" nop_marker="false">
            <ConfigFieldValue name="OFF" desc="Boot Block is not write-protected" value="1"/>
            <ConfigFieldValue name="ON" desc="Boot Block is write-protected" value="0"/>
         </ConfigField>
         <ConfigField name="WRTD" desc="Write Protection bit (Data EEPROM)" default="1" ishidden="false" nop_marker="false">
            <ConfigFieldValue name="OFF" desc="Data EEPROM is not write-protected" value="1"/>
            <ConfigFieldValue name="ON" desc="Data EEPROM is write-protected" value="0"/>
         </ConfigField>
      </ConfigByte>
      <ConfigByte name="CONFIG7L">
         <ConfigField name="EBTR0" desc="Table Read Protection bit Block 0 (000400-0007FF)" default="1" ishidden="false" nop_marker="false">
            <ConfigFieldValue name="OFF" desc="Block 0 is not protected from table reads executed in other blocks" value="1"/>
            <ConfigFieldValue name="ON" desc="Block 0 is protected from table reads executed in other blocks" value="0"/>
         </ConfigField>
         <ConfigField name="EBTR1" desc="Table Read Protection bit Block 1 (000800-000FFF)" default="1" ishidden="false" nop_marker="false">
            <ConfigFieldValue name="OFF" desc="Block 1 is not protected from table reads executed in other blocks" value="1"/>
            <ConfigFieldValue name="ON" desc="Block 1 is protected from table reads executed in other blocks" value="0"/>
         </ConfigField>
      </ConfigByte>
      <ConfigByte name="CONFIG7H">
         <ConfigField name="-" desc="" default="0" ishidden="false" nop_marker="false"/>
         <ConfigField name="EBTRB" desc="Table Read Protection bit (Boot Block Memory Area)" default="1" ishidden="false" nop_marker="false">
            <ConfigFieldValue name="OFF" desc="Boot Block is not protected from table reads executed in other blocks" value="1"/>
            <ConfigFieldValue name="ON" desc="Boot Block is protected from table reads executed in other blocks" value="0"/>
         </ConfigField>
      </ConfigByte>
   </ConfigBits>
   <ReversedTypes>
      <ReversedType name="tAD"/>
      <ReversedType name="tTMR0"/>
      <ReversedType name="tTMR16"/>
   </ReversedTypes>
   <Timers16Bit>
      <Timer number="0"/>
      <Timer number="1"/>
   </Timers16Bit>
   <DataSpaces>
      <GPR_DataSpace beginaddr="0" endaddr="256"/>
      <SFR_DataSpace beginaddr="3968" endaddr="4096"/>
   </DataSpaces>
</Microcontroller>
