<?xml version="1.0" encoding="UTF-8"?>
<Microcontroller name="PIC18F66J55">
   <Generator program="pic18x_include_file_generator.exe"/>
   <Source filename="PIC18F66J55.PIC" mplabx_version="v3.55" filedate="2017-02-22"/>
   <CPUInfo>
      <Chip name="PIC18F66J55" is_extended="true" first_access_bank_absolute_address="3936" rom_size="98296" alt_shared_addr_test="20416"/>
      <EEPROM size="0" eeadr="0" eeadrh="0" eecon1="4006" eecon2="4007" eedata="0"/>
      <IPEN_Location sfr="RCON" bit="7"/>
      <SFR name="PMSTATL" addr="3904"/>
      <SFR name="PMSTATH" addr="3905"/>
      <SFR name="PMEL" addr="3906"/>
      <SFR name="PMEH" addr="3907"/>
      <SFR name="PMDIN2L" addr="3908"/>
      <SFR name="PMDIN2H" addr="3909"/>
      <SFR name="PMDOUT2L" addr="3910"/>
      <SFR name="PMDOUT2H" addr="3911"/>
      <SFR name="PMMODEL" addr="3912"/>
      <SFR name="PMMODEH" addr="3913"/>
      <SFR name="PMCONL" addr="3914"/>
      <SFR name="PMCONH" addr="3915"/>
      <SFR name="UEP0" addr="3916"/>
      <SFR name="UEP1" addr="3917"/>
      <SFR name="UEP2" addr="3918"/>
      <SFR name="UEP3" addr="3919"/>
      <SFR name="UEP4" addr="3920"/>
      <SFR name="UEP5" addr="3921"/>
      <SFR name="UEP6" addr="3922"/>
      <SFR name="UEP7" addr="3923"/>
      <SFR name="UEP8" addr="3924"/>
      <SFR name="UEP9" addr="3925"/>
      <SFR name="UEP10" addr="3926"/>
      <SFR name="UEP11" addr="3927"/>
      <SFR name="UEP12" addr="3928"/>
      <SFR name="UEP13" addr="3929"/>
      <SFR name="UEP14" addr="3930"/>
      <SFR name="UEP15" addr="3931"/>
      <SFR name="UIE" addr="3932"/>
      <SFR name="UEIE" addr="3933"/>
      <SFR name="UADDR" addr="3934"/>
      <SFR name="UCFG" addr="3935"/>
      <SFR name="UFRML" addr="3936"/>
      <SFR name="UFRMH" addr="3937"/>
      <SFR name="UIR" addr="3938"/>
      <SFR name="UEIR" addr="3939"/>
      <SFR name="USTAT" addr="3940"/>
      <SFR name="UCON" addr="3941"/>
      <SFR name="PMDIN1L" addr="3942"/>
      <SFR name="PMDIN1H" addr="3943"/>
      <SFR name="PMADDRL" addr="3944"/>
      <SFR name="PMADDRH" addr="3945"/>
      <SFR name="PMDOUT1L" addr="3944"/>
      <SFR name="PMDOUT1H" addr="3945"/>
      <SFR name="CMSTAT" addr="3946"/>
      <SFR name="SSP2CON2" addr="3947"/>
      <SFR name="SSP2CON1" addr="3948"/>
      <SFR name="SSP2STAT" addr="3949"/>
      <SFR name="SSP2ADD" addr="3950"/>
      <SFR name="SSP2MSK" addr="3950"/>
      <SFR name="SSP2BUF" addr="3951"/>
      <SFR name="CCP5CON" addr="3952"/>
      <SFR name="CCPR5L" addr="3953"/>
      <SFR name="CCPR5H" addr="3954"/>
      <SFR name="CCP4CON" addr="3955"/>
      <SFR name="CCPR4L" addr="3956"/>
      <SFR name="CCPR4H" addr="3957"/>
      <SFR name="T4CON" addr="3958"/>
      <SFR name="PR4" addr="3959"/>
      <SFR name="CVRCON" addr="8055"/>
      <SFR name="TMR4" addr="3960"/>
      <SFR name="T3CON" addr="3961"/>
      <SFR name="TMR3L" addr="3962"/>
      <SFR name="TMR3H" addr="3963"/>
      <SFR name="BAUDCON2" addr="3964"/>
      <SFR name="SPBRGH2" addr="3965"/>
      <SFR name="BAUDCON1" addr="3966"/>
      <SFR name="SPBRGH1" addr="3967"/>
      <SFR name="PORTA" addr="3968"/>
      <SFR name="PORTB" addr="3969"/>
      <SFR name="PORTC" addr="3970"/>
      <SFR name="PORTD" addr="3971"/>
      <SFR name="PORTE" addr="3972"/>
      <SFR name="PORTF" addr="3973"/>
      <SFR name="PORTG" addr="3974"/>
      <SFR name="LATA" addr="3977"/>
      <SFR name="LATB" addr="3978"/>
      <SFR name="LATC" addr="3979"/>
      <SFR name="LATD" addr="3980"/>
      <SFR name="LATE" addr="3981"/>
      <SFR name="LATF" addr="3982"/>
      <SFR name="LATG" addr="3983"/>
      <SFR name="TRISA" addr="3986"/>
      <SFR name="TRISB" addr="3987"/>
      <SFR name="TRISC" addr="3988"/>
      <SFR name="TRISD" addr="3989"/>
      <SFR name="TRISE" addr="3990"/>
      <SFR name="TRISF" addr="3991"/>
      <SFR name="TRISG" addr="3992"/>
      <SFR name="OSCTUNE" addr="3995"/>
      <SFR name="RCSTA2" addr="3996"/>
      <SFR name="PIE1" addr="3997"/>
      <SFR name="PIR1" addr="3998"/>
      <SFR name="IPR1" addr="3999"/>
      <SFR name="PIE2" addr="4000"/>
      <SFR name="PIR2" addr="4001"/>
      <SFR name="IPR2" addr="4002"/>
      <SFR name="PIE3" addr="4003"/>
      <SFR name="PIR3" addr="4004"/>
      <SFR name="IPR3" addr="4005"/>
      <SFR name="TXSTA2" addr="4008"/>
      <SFR name="TXREG2" addr="4009"/>
      <SFR name="RCREG2" addr="4010"/>
      <SFR name="SPBRG2" addr="4011"/>
      <SFR name="RCSTA1" addr="4012"/>
      <SFR name="TXSTA1" addr="4013"/>
      <SFR name="TXREG1" addr="4014"/>
      <SFR name="RCREG1" addr="4015"/>
      <SFR name="SPBRG1" addr="4016"/>
      <SFR name="ECCP3CON" addr="4017"/>
      <SFR name="CCPR3L" addr="4018"/>
      <SFR name="CCPR3H" addr="4019"/>
      <SFR name="ECCP3DEL" addr="4020"/>
      <SFR name="ECCP3AS" addr="4021"/>
      <SFR name="ECCP2CON" addr="4022"/>
      <SFR name="CCPR2L" addr="4023"/>
      <SFR name="CCPR2H" addr="4024"/>
      <SFR name="ECCP2DEL" addr="4025"/>
      <SFR name="ECCP2AS" addr="4026"/>
      <SFR name="ECCP1CON" addr="4027"/>
      <SFR name="CCPR1L" addr="4028"/>
      <SFR name="CCPR1H" addr="4029"/>
      <SFR name="ECCP1DEL" addr="4030"/>
      <SFR name="ECCP1AS" addr="4031"/>
      <SFR name="WDTCON" addr="4032"/>
      <SFR name="ADCON1" addr="4033"/>
      <SFR name="ANCON0" addr="8129"/>
      <SFR name="ADCON0" addr="4034"/>
      <SFR name="ANCON1" addr="8130"/>
      <SFR name="ADRESL" addr="4035"/>
      <SFR name="ADRESH" addr="4036"/>
      <SFR name="SSP1CON2" addr="4037"/>
      <SFR name="SSP1CON1" addr="4038"/>
      <SFR name="SSP1STAT" addr="4039"/>
      <SFR name="SSP1ADD" addr="4040"/>
      <SFR name="SSP1MSK" addr="4040"/>
      <SFR name="SSP1BUF" addr="4041"/>
      <SFR name="T2CON" addr="4042"/>
      <SFR name="PR2" addr="4043"/>
      <SFR name="TMR2" addr="4044"/>
      <SFR name="PADCFG1" addr="8140"/>
      <SFR name="T1CON" addr="4045"/>
      <SFR name="ODCON3" addr="8141"/>
      <SFR name="TMR1L" addr="4046"/>
      <SFR name="TMR1H" addr="4047"/>
      <SFR name="ODCON2" addr="8142"/>
      <SFR name="ODCON1" addr="8143"/>
      <SFR name="RCON" addr="4048"/>
      <SFR name="CM2CON1" addr="4049"/>
      <SFR name="CM1CON1" addr="4050"/>
      <SFR name="OSCCON" addr="4051"/>
      <SFR name="REFOCON" addr="8147"/>
      <SFR name="T0CON" addr="4053"/>
      <SFR name="TMR0L" addr="4054"/>
      <SFR name="TMR0H" addr="4055"/>
      <SFR name="INTCON3" addr="4080"/>
      <SFR name="INTCON2" addr="4081"/>
      <SFR name="INTCON" addr="4082"/>
   </CPUInfo>
   <ConfigBits start_addr="98296" end_addr="98301">
      <ConfigByte name="CONFIG1L" addr="98296">
         <ConfigField name="WDTEN" desc="Watchdog Timer Enable bit" default="1" ishidden="false" nop_marker="false">
            <ConfigFieldValue name="ON" desc="WDT enabled" value="1"/>
            <ConfigFieldValue name="OFF" desc="WDT disabled (control is placed on SWDTEN bit)" value="0"/>
         </ConfigField>
         <ConfigField name="PLLDIV" desc="PLL Prescaler Selection bits" default="7" ishidden="false" nop_marker="false">
            <ConfigFieldValue name="1" desc="No prescale (4 MHz oscillator input drives PLL directly)" value="7"/>
            <ConfigFieldValue name="2" desc="Divide by 2 (8 MHz oscillator input)" value="6"/>
            <ConfigFieldValue name="3" desc="Divide by 3 (12 MHz oscillator input)" value="5"/>
            <ConfigFieldValue name="4" desc="Divide by 4 (16 MHz oscillator input)" value="4"/>
            <ConfigFieldValue name="5" desc="Divide by 5 (20 MHz oscillator input)" value="3"/>
            <ConfigFieldValue name="6" desc="Divide by 6 (24 MHz oscillator input)" value="2"/>
            <ConfigFieldValue name="10" desc="Divide by 10 (40 MHz oscillator input)" value="1"/>
            <ConfigFieldValue name="12" desc="Divide by 12 (48 MHz oscillator input)" value="0"/>
         </ConfigField>
         <ConfigField name="-" desc="" default="0" ishidden="false" nop_marker="false"/>
         <ConfigField name="STVREN" desc="Stack Overflow/Underflow Reset Enable bit" default="1" ishidden="false" nop_marker="false">
            <ConfigFieldValue name="ON" desc="Reset on stack overflow/underflow enabled" value="1"/>
            <ConfigFieldValue name="OFF" desc="Reset on stack overflow/underflow disabled" value="0"/>
         </ConfigField>
         <ConfigField name="XINST" desc="Extended Instruction Set Enable bit" default="1" ishidden="false" nop_marker="false">
            <ConfigFieldValue name="ON" desc="Instruction set extension and Indexed Addressing mode enabled" value="1"/>
            <ConfigFieldValue name="OFF" desc="Instruction set extension and Indexed Addressing mode disabled (Legacy mode)" value="0"/>
         </ConfigField>
         <ConfigField name="DEBUG" desc="Background Debugger Enable bit" default="1" ishidden="false" nop_marker="false">
            <ConfigFieldValue name="OFF" desc="Background debugger disabled; RB6 and RB7 configured as general purpose I/O pins" value="1"/>
            <ConfigFieldValue name="ON" desc="Background debugger enabled; RB6 and RB7 are dedicated to In-Circuit Debug" value="0"/>
         </ConfigField>
      </ConfigByte>
      <ConfigByte name="CONFIG1H" addr="98297">
         <ConfigField name="CPUDIV" desc="CPU System Clock Postscaler" default="3" ishidden="false" nop_marker="false">
            <ConfigFieldValue name="OSC1" desc="No CPU system clock divide" value="3"/>
            <ConfigFieldValue name="OSC2_PLL2" desc="CPU system clock divide by 2" value="2"/>
            <ConfigFieldValue name="OSC3_PLL3" desc="CPU system clock divide by 3" value="1"/>
            <ConfigFieldValue name="OSC4_PLL6" desc="CPU system clock divide by 6" value="0"/>
         </ConfigField>
         <ConfigField name="CP0" desc="Code Protection bit" default="1" ishidden="false" nop_marker="false">
            <ConfigFieldValue name="OFF" desc="Program memory is not code-protected" value="1"/>
            <ConfigFieldValue name="ON" desc="Program memory is code-protected" value="0"/>
         </ConfigField>
         <ConfigField name="SIGN" desc="Config Word Signature Bit" default="0" ishidden="true" nop_marker="false">
         </ConfigField>
<!-- config byte CONFIG1H field SIGN default value (0) not defined -->
         <ConfigField name="RESERVED" desc="RESERVED" default="15" ishidden="true" nop_marker="true">
         </ConfigField>
<!-- config byte CONFIG1H field RESERVED default value (15) not defined -->
      </ConfigByte>
      <ConfigByte name="CONFIG2L" addr="98298">
         <ConfigField name="FOSC" desc="Oscillator Selection bits" default="7" ishidden="false" nop_marker="false">
            <ConfigFieldValue name="ECPLL" desc="EC Oscillator with PLL, CLKO on RA6, ECPLL used by USB" value="7"/>
            <ConfigFieldValue name="EC" desc="EC Oscillator with CLKO on RA6, EC used by USB" value="6"/>
            <ConfigFieldValue name="HSPLL" desc="HS oscillator, PLL enabled, HSPLL used by USB" value="5"/>
            <ConfigFieldValue name="HS" desc="HS oscillator, HS used by USB" value="4"/>
            <ConfigFieldValue name="INTOSCPLLO" desc="INTOSC with PLL enabled, CLKO on RA6 and Port function on RA7" value="3"/>
            <ConfigFieldValue name="INTOSCPLL" desc="INTOSC with PLL enabled, Port function on RA6 and RA7" value="2"/>
            <ConfigFieldValue name="INTOSCO" desc="INTOSC, CLKO on RA6 and Port function on RA7" value="1"/>
            <ConfigFieldValue name="INTOSC" desc="INTOSC, Port function on RA6 and RA7" value="0"/>
         </ConfigField>
         <ConfigField name="-" desc="" default="0" ishidden="false" nop_marker="false"/>
         <ConfigField name="FCMEN" desc="Fail-Safe Clock Monitor Enable bit" default="1" ishidden="false" nop_marker="false">
            <ConfigFieldValue name="ON" desc="Fail-Safe Clock Monitor enabled" value="1"/>
            <ConfigFieldValue name="OFF" desc="Fail-Safe Clock Monitor disabled" value="0"/>
         </ConfigField>
         <ConfigField name="IESO" desc="Two-Speed Start-up (Internal/External Oscillator Switchover) Control bit" default="1" ishidden="false" nop_marker="false">
            <ConfigFieldValue name="ON" desc="Two-Speed Start-up enabled" value="1"/>
            <ConfigFieldValue name="OFF" desc="Two-Speed Start-up disabled" value="0"/>
         </ConfigField>
      </ConfigByte>
      <ConfigByte name="CONFIG2H" addr="98299">
         <ConfigField name="WDTPS" desc="Watchdog Timer Postscaler Select bits" default="15" ishidden="false" nop_marker="false">
            <ConfigFieldValue name="32768" desc="1:32768" value="15"/>
            <ConfigFieldValue name="16384" desc="1:16384" value="14"/>
            <ConfigFieldValue name="8192" desc="1:8192" value="13"/>
            <ConfigFieldValue name="4096" desc="1:4096" value="12"/>
            <ConfigFieldValue name="2048" desc="1:2048" value="11"/>
            <ConfigFieldValue name="1024" desc="1:1024" value="10"/>
            <ConfigFieldValue name="512" desc="1:512" value="9"/>
            <ConfigFieldValue name="256" desc="1:256" value="8"/>
            <ConfigFieldValue name="128" desc="1:128" value="7"/>
            <ConfigFieldValue name="64" desc="1:64" value="6"/>
            <ConfigFieldValue name="32" desc="1:32" value="5"/>
            <ConfigFieldValue name="16" desc="1:16" value="4"/>
            <ConfigFieldValue name="8" desc="1:8" value="3"/>
            <ConfigFieldValue name="4" desc="1:4" value="2"/>
            <ConfigFieldValue name="2" desc="1:2" value="1"/>
            <ConfigFieldValue name="1" desc="1:1" value="0"/>
         </ConfigField>
         <ConfigField name="RESERVED" desc="RESERVED" default="15" ishidden="true" nop_marker="true">
         </ConfigField>
<!-- config byte CONFIG2H field RESERVED default value (15) not defined -->
      </ConfigByte>
      <ConfigByte name="CONFIG3L" addr="98300">
         <ConfigField name="-" desc="" default="0" ishidden="false" nop_marker="false"/>
         <ConfigField name="RESERVED" desc="RESERVED" default="31" ishidden="true" nop_marker="false">
         </ConfigField>
<!-- config byte CONFIG3L field RESERVED default value (31) not defined -->
      </ConfigByte>
      <ConfigByte name="CONFIG3H" addr="98301">
         <ConfigField name="CCP2MX" desc="ECCP2 MUX bit" default="1" ishidden="false" nop_marker="false">
            <ConfigFieldValue name="DEFAULT" desc="ECCP2/P2A is multiplexed with RC1" value="1"/>
            <ConfigFieldValue name="ALTERNATE" desc="ECCP2/P2A is multiplexed with RE7" value="0"/>
         </ConfigField>
         <ConfigField name="RES" desc="RESERVED" default="0" ishidden="true" nop_marker="false">
         </ConfigField>
<!-- config byte CONFIG3H field RES default value (0) not defined -->
         <ConfigField name="-" desc="" default="0" ishidden="false" nop_marker="false"/>
         <ConfigField name="MSSPMSK" desc="MSSP Address Masking Mode Select bit" default="1" ishidden="false" nop_marker="false">
            <ConfigFieldValue name="MSK7" desc="7-Bit Address Masking mode enable" value="1"/>
            <ConfigFieldValue name="MSK5" desc="5-Bit Address Masking mode enable" value="0"/>
         </ConfigField>
         <ConfigField name="RESERVED" desc="RESERVED" default="15" ishidden="true" nop_marker="true">
         </ConfigField>
<!-- config byte CONFIG3H field RESERVED default value (15) not defined -->
      </ConfigByte>
   </ConfigBits>
   <ReversedTypes>
      <ReversedType name="tAD"/>
      <ReversedType name="tCCP"/>
      <ReversedType name="tCCPR1"/>
      <ReversedType name="tCCPR2"/>
      <ReversedType name="tCCPR3"/>
      <ReversedType name="tPMADDR"/>
      <ReversedType name="tPMCON"/>
      <ReversedType name="tPMDIN"/>
      <ReversedType name="tPMDOUT"/>
      <ReversedType name="tPMDOUT1"/>
      <ReversedType name="tPME"/>
      <ReversedType name="tPMMODE"/>
      <ReversedType name="tPMSTAT"/>
      <ReversedType name="tTMR0"/>
      <ReversedType name="tTMR16"/>
      <ReversedType name="tTMR8"/>
      <ReversedType name="tUFRM"/>
   </ReversedTypes>
   <Timers16Bit>
      <Timer number="0"/>
      <Timer number="1"/>
      <Timer number="3"/>
   </Timers16Bit>
   <DataSpaces>
      <GPR_DataSpace beginaddr="0" endaddr="96"/>
      <DPR_DataSpace beginaddr="96" endaddr="3904"/>
      <SFR_DataSpace beginaddr="3904" endaddr="4096"/>
   </DataSpaces>
</Microcontroller>
