<?xml version="1.0" encoding="UTF-8"?>
<Microcontroller name="PIC18F85K22">
   <Generator program="pic18x_include_file_generator.exe"/>
   <Source filename="PIC18F85K22.PIC" mplabx_version="v3.55" filedate="2017-02-22"/>
   <CPUInfo>
      <Chip name="PIC18F85K22" is_extended="true" first_access_bank_absolute_address="3936" rom_size="32768" alt_shared_addr_test="0"/>
      <EEPROM size="1024" eeadr="3938" eeadrh="3939" eecon1="3967" eecon2="3966" eedata="3937"/>
      <IPEN_Location sfr="RCON" bit="7"/>
      <SFR name="PMD3" addr="3862"/>
      <SFR name="PMD2" addr="3863"/>
      <SFR name="PMD1" addr="3864"/>
      <SFR name="PMD0" addr="3865"/>
      <SFR name="PSTR3CON" addr="3866"/>
      <SFR name="PSTR2CON" addr="3867"/>
      <SFR name="TXREG2" addr="3868"/>
      <SFR name="RCREG2" addr="3869"/>
      <SFR name="SPBRG2" addr="3870"/>
      <SFR name="SPBRGH2" addr="3871"/>
      <SFR name="BAUDCON2" addr="3872"/>
      <SFR name="TXSTA2" addr="3873"/>
      <SFR name="RCSTA2" addr="3874"/>
      <SFR name="ANCON2" addr="3875"/>
      <SFR name="ANCON1" addr="3876"/>
      <SFR name="ANCON0" addr="3877"/>
      <SFR name="MEMCON" addr="3878"/>
      <SFR name="ODCON3" addr="3879"/>
      <SFR name="ODCON2" addr="3880"/>
      <SFR name="ODCON1" addr="3881"/>
      <SFR name="REFOCON" addr="3882"/>
      <SFR name="CCPTMRS2" addr="3883"/>
      <SFR name="CCPTMRS1" addr="3884"/>
      <SFR name="CCPTMRS0" addr="3885"/>
      <SFR name="CM3CON" addr="3886"/>
      <SFR name="CM2CON" addr="3887"/>
      <SFR name="T8CON" addr="3894"/>
      <SFR name="PR8" addr="3895"/>
      <SFR name="TMR8" addr="3896"/>
      <SFR name="T6CON" addr="3897"/>
      <SFR name="PR6" addr="3898"/>
      <SFR name="TMR6" addr="3899"/>
      <SFR name="CCP8CON" addr="3910"/>
      <SFR name="CCPR8L" addr="3911"/>
      <SFR name="CCPR8H" addr="3912"/>
      <SFR name="CCP3CON" addr="3913"/>
      <SFR name="CCPR3L" addr="3914"/>
      <SFR name="CCPR3H" addr="3915"/>
      <SFR name="ECCP3DEL" addr="3916"/>
      <SFR name="ECCP3AS" addr="3917"/>
      <SFR name="CCP2CON" addr="3918"/>
      <SFR name="CCPR2L" addr="3919"/>
      <SFR name="CCPR2H" addr="3920"/>
      <SFR name="ECCP2DEL" addr="3921"/>
      <SFR name="ECCP2AS" addr="3922"/>
      <SFR name="PADCFG1" addr="3923"/>
      <SFR name="CM1CON" addr="3924"/>
      <SFR name="CTMUICON" addr="3925"/>
      <SFR name="CTMUCONL" addr="3926"/>
      <SFR name="CTMUCONH" addr="3927"/>
      <SFR name="ALRMVALL" addr="3928"/>
      <SFR name="ALRMVALH" addr="3929"/>
      <SFR name="ALRMRPT" addr="3930"/>
      <SFR name="ALRMCFG" addr="3931"/>
      <SFR name="RTCVALL" addr="3932"/>
      <SFR name="RTCVALH" addr="3933"/>
      <SFR name="RTCCAL" addr="3934"/>
      <SFR name="RTCCFG" addr="3935"/>
      <SFR name="PIE6" addr="3936"/>
      <SFR name="OSCCON2" addr="3940"/>
      <SFR name="BAUDCON1" addr="3941"/>
      <SFR name="SSP2CON2" addr="3942"/>
      <SFR name="SSP2CON1" addr="3943"/>
      <SFR name="SSP2STAT" addr="3944"/>
      <SFR name="SSP2ADD" addr="3945"/>
      <SFR name="SSP2MSK" addr="3945"/>
      <SFR name="SSP2BUF" addr="3946"/>
      <SFR name="T4CON" addr="3947"/>
      <SFR name="PR4" addr="3948"/>
      <SFR name="TMR4" addr="3949"/>
      <SFR name="CCP7CON" addr="3950"/>
      <SFR name="CCPR7L" addr="3951"/>
      <SFR name="CCPR7H" addr="3952"/>
      <SFR name="CCP6CON" addr="3953"/>
      <SFR name="CCPR6L" addr="3954"/>
      <SFR name="CCPR6H" addr="3955"/>
      <SFR name="CCP5CON" addr="3956"/>
      <SFR name="CCPR5L" addr="3957"/>
      <SFR name="CCPR5H" addr="3958"/>
      <SFR name="CCP4CON" addr="3959"/>
      <SFR name="CCPR4L" addr="3960"/>
      <SFR name="CCPR4H" addr="3961"/>
      <SFR name="T5GCON" addr="3962"/>
      <SFR name="T5CON" addr="3963"/>
      <SFR name="TMR5L" addr="3964"/>
      <SFR name="TMR5H" addr="3965"/>
      <SFR name="PORTA" addr="3968"/>
      <SFR name="PORTB" addr="3969"/>
      <SFR name="PORTC" addr="3970"/>
      <SFR name="PORTD" addr="3971"/>
      <SFR name="PORTE" addr="3972"/>
      <SFR name="PORTF" addr="3973"/>
      <SFR name="PORTG" addr="3974"/>
      <SFR name="PORTH" addr="3975"/>
      <SFR name="PORTJ" addr="3976"/>
      <SFR name="LATA" addr="3977"/>
      <SFR name="LATB" addr="3978"/>
      <SFR name="LATC" addr="3979"/>
      <SFR name="LATD" addr="3980"/>
      <SFR name="LATE" addr="3981"/>
      <SFR name="LATF" addr="3982"/>
      <SFR name="LATG" addr="3983"/>
      <SFR name="LATH" addr="3984"/>
      <SFR name="LATJ" addr="3985"/>
      <SFR name="TRISA" addr="3986"/>
      <SFR name="TRISB" addr="3987"/>
      <SFR name="TRISC" addr="3988"/>
      <SFR name="TRISD" addr="3989"/>
      <SFR name="TRISE" addr="3990"/>
      <SFR name="TRISF" addr="3991"/>
      <SFR name="TRISG" addr="3992"/>
      <SFR name="TRISH" addr="3993"/>
      <SFR name="TRISJ" addr="3994"/>
      <SFR name="OSCTUNE" addr="3995"/>
      <SFR name="PSTR1CON" addr="3996"/>
      <SFR name="PIE1" addr="3997"/>
      <SFR name="PIR1" addr="3998"/>
      <SFR name="IPR1" addr="3999"/>
      <SFR name="PIE2" addr="4000"/>
      <SFR name="PIR2" addr="4001"/>
      <SFR name="IPR2" addr="4002"/>
      <SFR name="PIE3" addr="4003"/>
      <SFR name="PIR3" addr="4004"/>
      <SFR name="IPR3" addr="4005"/>
      <SFR name="PIR6" addr="4006"/>
      <SFR name="PSPCON" addr="4007"/>
      <SFR name="HLVDCON" addr="4008"/>
      <SFR name="IPR6" addr="4009"/>
      <SFR name="T1GCON" addr="4010"/>
      <SFR name="RCSTA1" addr="4011"/>
      <SFR name="TXSTA1" addr="4012"/>
      <SFR name="TXREG1" addr="4013"/>
      <SFR name="RCREG1" addr="4014"/>
      <SFR name="SPBRG1" addr="4015"/>
      <SFR name="T3GCON" addr="4016"/>
      <SFR name="T3CON" addr="4017"/>
      <SFR name="TMR3L" addr="4018"/>
      <SFR name="TMR3H" addr="4019"/>
      <SFR name="CMSTAT" addr="4020"/>
      <SFR name="CVRCON" addr="4021"/>
      <SFR name="PIE4" addr="4022"/>
      <SFR name="PIR4" addr="4023"/>
      <SFR name="IPR4" addr="4024"/>
      <SFR name="PIE5" addr="4025"/>
      <SFR name="PIR5" addr="4026"/>
      <SFR name="CCP1CON" addr="4027"/>
      <SFR name="CCPR1L" addr="4028"/>
      <SFR name="CCPR1H" addr="4029"/>
      <SFR name="ECCP1DEL" addr="4030"/>
      <SFR name="ECCP1AS" addr="4031"/>
      <SFR name="ADCON2" addr="4032"/>
      <SFR name="ADCON1" addr="4033"/>
      <SFR name="ADCON0" addr="4034"/>
      <SFR name="ADRESL" addr="4035"/>
      <SFR name="ADRESH" addr="4036"/>
      <SFR name="SSP1CON2" addr="4037"/>
      <SFR name="SSP1CON1" addr="4038"/>
      <SFR name="SSP1STAT" addr="4039"/>
      <SFR name="SSP1ADD" addr="4040"/>
      <SFR name="SSP1MSK" addr="4040"/>
      <SFR name="SSP1BUF" addr="4041"/>
      <SFR name="T2CON" addr="4042"/>
      <SFR name="PR2" addr="4043"/>
      <SFR name="TMR2" addr="4044"/>
      <SFR name="T1CON" addr="4045"/>
      <SFR name="TMR1L" addr="4046"/>
      <SFR name="TMR1H" addr="4047"/>
      <SFR name="RCON" addr="4048"/>
      <SFR name="WDTCON" addr="4049"/>
      <SFR name="IPR5" addr="4050"/>
      <SFR name="OSCCON" addr="4051"/>
      <SFR name="SPBRGH1" addr="4052"/>
      <SFR name="T0CON" addr="4053"/>
      <SFR name="TMR0L" addr="4054"/>
      <SFR name="TMR0H" addr="4055"/>
      <SFR name="INTCON3" addr="4080"/>
      <SFR name="INTCON2" addr="4081"/>
      <SFR name="INTCON" addr="4082"/>
   </CPUInfo>
   <ConfigBits start_addr="3145728" end_addr="3145741">
      <ConfigByte name="CONFIG1L" addr="3145728">
         <ConfigField name="RETEN" desc="VREG Sleep Enable bit" default="1" ishidden="false" nop_marker="false">
            <ConfigFieldValue name="ON" desc="Enabled" value="1"/>
            <ConfigFieldValue name="OFF" desc="Disabled - Controlled by SRETEN bit" value="0"/>
         </ConfigField>
         <ConfigField name="-" desc="" default="0" ishidden="false" nop_marker="false"/>
         <ConfigField name="INTOSCSEL" desc="LF-INTOSC Low-power Enable bit" default="1" ishidden="false" nop_marker="false">
            <ConfigFieldValue name="HIGH" desc="LF-INTOSC in High-power mode during Sleep" value="1"/>
            <ConfigFieldValue name="LOW" desc="LF-INTOSC in Low-power mode during Sleep" value="0"/>
         </ConfigField>
         <ConfigField name="SOSCSEL" desc="SOSC Power Selection and mode Configuration bits" default="3" ishidden="false" nop_marker="false">
            <ConfigFieldValue name="HIGH" desc="High Power SOSC circuit selected" value="3"/>
            <ConfigFieldValue name="DIG" desc="Digital (SCLKI) mode" value="2"/>
            <ConfigFieldValue name="LOW" desc="Low Power SOSC circuit selected" value="1"/>
         </ConfigField>
         <ConfigField name="-" desc="" default="0" ishidden="false" nop_marker="false"/>
         <ConfigField name="XINST" desc="Extended Instruction Set" default="1" ishidden="false" nop_marker="false">
            <ConfigFieldValue name="ON" desc="Enabled" value="1"/>
            <ConfigFieldValue name="OFF" desc="Disabled" value="0"/>
         </ConfigField>
         <ConfigField name="-" desc="" default="0" ishidden="false" nop_marker="false"/>
      </ConfigByte>
      <ConfigByte name="CONFIG1H" addr="3145729">
         <ConfigField name="FOSC" desc="Oscillator" default="8" ishidden="false" nop_marker="false">
            <ConfigFieldValue name="EC1" desc="EC oscillator (Low power, DC - 160 kHz)" value="13"/>
            <ConfigFieldValue name="EC1IO" desc="EC oscillator, CLKOUT function on OSC2 (Low power, DC - 160 kHz)" value="12"/>
            <ConfigFieldValue name="EC2" desc="EC oscillator (Medium power, 160 kHz - 16 MHz)" value="11"/>
            <ConfigFieldValue name="EC2IO" desc="EC oscillator, CLKOUT function on OSC2 (Medium power, 160 kHz - 16 MHz)" value="10"/>
            <ConfigFieldValue name="INTIO1" desc="Internal RC oscillator, CLKOUT function on OSC2" value="9"/>
            <ConfigFieldValue name="INTIO2" desc="Internal RC oscillator" value="8"/>
            <ConfigFieldValue name="RCIO" desc="External RC oscillator" value="7"/>
            <ConfigFieldValue name="RC" desc="External RC oscillator, CLKOUT function on OSC2" value="6"/>
            <ConfigFieldValue name="EC3" desc="EC oscillator (High power, 16 MHz - 64 MHz)" value="5"/>
            <ConfigFieldValue name="EC3IO" desc="EC oscillator, CLKOUT function on OSC2 (High power, 16 MHz - 64 MHz)" value="4"/>
            <ConfigFieldValue name="HS1" desc="HS oscillator (Medium power, 4 MHz - 16 MHz)" value="3"/>
            <ConfigFieldValue name="HS2" desc="HS oscillator (High power, 16 MHz - 25 MHz)" value="2"/>
            <ConfigFieldValue name="XT" desc="XT oscillator" value="1"/>
            <ConfigFieldValue name="LP" desc="LP oscillator" value="0"/>
         </ConfigField>
         <ConfigField name="PLLCFG" desc="PLL x4 Enable bit" default="0" ishidden="false" nop_marker="false">
            <ConfigFieldValue name="ON" desc="Enabled" value="1"/>
            <ConfigFieldValue name="OFF" desc="Disabled" value="0"/>
         </ConfigField>
         <ConfigField name="-" desc="" default="0" ishidden="false" nop_marker="false"/>
         <ConfigField name="FCMEN" desc="Fail-Safe Clock Monitor" default="0" ishidden="false" nop_marker="false">
            <ConfigFieldValue name="ON" desc="Enabled" value="1"/>
            <ConfigFieldValue name="OFF" desc="Disabled" value="0"/>
         </ConfigField>
         <ConfigField name="IESO" desc="Internal External Oscillator Switch Over Mode" default="0" ishidden="false" nop_marker="false">
            <ConfigFieldValue name="ON" desc="Enabled" value="1"/>
            <ConfigFieldValue name="OFF" desc="Disabled" value="0"/>
         </ConfigField>
      </ConfigByte>
      <ConfigByte name="CONFIG2L" addr="3145730">
         <ConfigField name="PWRTEN" desc="Power Up Timer" default="1" ishidden="false" nop_marker="false">
            <ConfigFieldValue name="OFF" desc="Disabled" value="1"/>
            <ConfigFieldValue name="ON" desc="Enabled" value="0"/>
         </ConfigField>
         <ConfigField name="BOREN" desc="Brown Out Detect" default="3" ishidden="false" nop_marker="false">
            <ConfigFieldValue name="SBORDIS" desc="Enabled in hardware, SBOREN disabled" value="3"/>
            <ConfigFieldValue name="NOSLP" desc="Enabled while active, disabled in SLEEP, SBOREN disabled" value="2"/>
            <ConfigFieldValue name="ON" desc="Controlled with SBOREN bit" value="1"/>
            <ConfigFieldValue name="OFF" desc="Disabled in hardware, SBOREN disabled" value="0"/>
         </ConfigField>
         <ConfigField name="BORV" desc="Brown-out Reset Voltage bits" default="3" ishidden="false" nop_marker="false">
            <ConfigFieldValue name="3" desc="1.8V" value="3"/>
            <ConfigFieldValue name="2" desc="2.0V" value="2"/>
            <ConfigFieldValue name="1" desc="2.7V" value="1"/>
            <ConfigFieldValue name="0" desc="3.0V" value="0"/>
         </ConfigField>
         <ConfigField name="BORPWR" desc="BORMV Power level" default="3" ishidden="false" nop_marker="false">
            <ConfigFieldValue name="ZPBORMV" desc="ZPBORMV instead of BORMV is selected" value="3"/>
            <ConfigFieldValue name="HIGH" desc="BORMV set to high power level" value="2"/>
            <ConfigFieldValue name="MEDIUM" desc="BORMV set to medium power level" value="1"/>
            <ConfigFieldValue name="LOW" desc="BORMV set to low power level" value="0"/>
         </ConfigField>
         <ConfigField name="-" desc="" default="0" ishidden="false" nop_marker="false"/>
      </ConfigByte>
      <ConfigByte name="CONFIG2H" addr="3145731">
         <ConfigField name="WDTEN" desc="Watchdog Timer" default="3" ishidden="false" nop_marker="false">
            <ConfigFieldValue name="SWDTDIS" desc="WDT enabled in hardware; SWDTEN bit disabled" value="3"/>
            <ConfigFieldValue name="ON" desc="WDT controlled by SWDTEN bit setting" value="2"/>
            <ConfigFieldValue name="NOSLP" desc="WDT enabled only while device is active and disabled in Sleep mode; SWDTEN bit disabled" value="1"/>
            <ConfigFieldValue name="OFF" desc="WDT disabled in hardware; SWDTEN bit disabled" value="0"/>
         </ConfigField>
         <ConfigField name="WDTPS" desc="Watchdog Postscaler" default="31" ishidden="false" nop_marker="false">
            <ConfigFieldValue name="1048576" desc="1:1048576" value="31"/>
            <ConfigFieldValue name="524288" desc="1:524288" value="19"/>
            <ConfigFieldValue name="262144" desc="1:262144" value="18"/>
            <ConfigFieldValue name="131072" desc="1:131072" value="17"/>
            <ConfigFieldValue name="65536" desc="1:65536" value="16"/>
            <ConfigFieldValue name="32768" desc="1:32768" value="15"/>
            <ConfigFieldValue name="16384" desc="1:16384" value="14"/>
            <ConfigFieldValue name="8192" desc="1:8192" value="13"/>
            <ConfigFieldValue name="4096" desc="1:4096" value="12"/>
            <ConfigFieldValue name="2048" desc="1:2048" value="11"/>
            <ConfigFieldValue name="1024" desc="1:1024" value="10"/>
            <ConfigFieldValue name="512" desc="1:512" value="9"/>
            <ConfigFieldValue name="256" desc="1:256" value="8"/>
            <ConfigFieldValue name="128" desc="1:128" value="7"/>
            <ConfigFieldValue name="64" desc="1:64" value="6"/>
            <ConfigFieldValue name="32" desc="1:32" value="5"/>
            <ConfigFieldValue name="16" desc="1:16" value="4"/>
            <ConfigFieldValue name="8" desc="1:8" value="3"/>
            <ConfigFieldValue name="4" desc="1:4" value="2"/>
            <ConfigFieldValue name="2" desc="1:2" value="1"/>
            <ConfigFieldValue name="1" desc="1:1" value="0"/>
         </ConfigField>
         <ConfigField name="-" desc="" default="0" ishidden="false" nop_marker="false"/>
      </ConfigByte>
      <ConfigByte name="CONFIG3L" addr="3145732">
         <ConfigField name="RTCOSC" desc="RTCC Clock Select" default="1" ishidden="false" nop_marker="false">
            <ConfigFieldValue name="SOSCREF" desc="RTCC uses SOSC" value="1"/>
            <ConfigFieldValue name="INTOSCREF" desc="RTCC uses INTRC" value="0"/>
         </ConfigField>
         <ConfigField name="-" desc="" default="0" ishidden="false" nop_marker="false"/>
         <ConfigField name="-" desc="" default="0" ishidden="false" nop_marker="false"/>
         <ConfigField name="EASHFT" desc="External Address Shift bit" default="1" ishidden="false" nop_marker="false">
            <ConfigFieldValue name="ON" desc="Address shifting enabled" value="1"/>
            <ConfigFieldValue name="OFF" desc="Address shifting disabled" value="0"/>
         </ConfigField>
         <ConfigField name="ABW" desc="Address Bus Width Select bits" default="3" ishidden="false" nop_marker="false">
            <ConfigFieldValue name="MM" desc="8-bit address bus" value="3"/>
            <ConfigFieldValue name="XM12" desc="12-bit address bus" value="2"/>
            <ConfigFieldValue name="XM16" desc="16-bit address bus" value="1"/>
            <ConfigFieldValue name="XM20" desc="20-bit address bus" value="0"/>
         </ConfigField>
         <ConfigField name="BW" desc="Data Bus Width" default="1" ishidden="false" nop_marker="false">
            <ConfigFieldValue name="16" desc="16-bit external bus mode" value="1"/>
            <ConfigFieldValue name="8" desc="8-bit external bus mode" value="0"/>
         </ConfigField>
         <ConfigField name="WAIT" desc="External Bus Wait" default="1" ishidden="false" nop_marker="false">
            <ConfigFieldValue name="OFF" desc="Disabled" value="1"/>
            <ConfigFieldValue name="ON" desc="Enabled" value="0"/>
         </ConfigField>
      </ConfigByte>
      <ConfigByte name="CONFIG3H" addr="3145733">
         <ConfigField name="CCP2MX" desc="CCP2 Mux" default="1" ishidden="false" nop_marker="false">
            <ConfigFieldValue name="PORTC" desc="RC1" value="1"/>
            <ConfigFieldValue name="PORTBE" desc="RE7-Microcontroller Mode/RB3-All other modes" value="0"/>
         </ConfigField>
         <ConfigField name="ECCPMX" desc="ECCP Mux" default="1" ishidden="false" nop_marker="false">
            <ConfigFieldValue name="PORTE" desc="Enhanced CCP1/3 [P1B/P1C/P3B/P3C] muxed with RE6/RE5/RE4/RE3" value="1"/>
            <ConfigFieldValue name="PORTH" desc="Enhanced CCP1/3 [P1B/P1C/P3B/P3C] muxed with RH7/RH6/RH5/RH4" value="0"/>
         </ConfigField>
         <ConfigField name="-" desc="" default="0" ishidden="false" nop_marker="false"/>
         <ConfigField name="MSSPMSK" desc="MSSP address masking" default="1" ishidden="false" nop_marker="false">
            <ConfigFieldValue name="MSK7" desc="7 Bit address masking mode" value="1"/>
            <ConfigFieldValue name="MSK5" desc="5 bit address masking mode" value="0"/>
         </ConfigField>
         <ConfigField name="-" desc="" default="0" ishidden="false" nop_marker="false"/>
         <ConfigField name="-" desc="" default="0" ishidden="false" nop_marker="false"/>
         <ConfigField name="MCLRE" desc="Master Clear Enable" default="1" ishidden="false" nop_marker="false">
            <ConfigFieldValue name="ON" desc="MCLR Enabled, RG5 Disabled" value="1"/>
            <ConfigFieldValue name="OFF" desc="MCLR Disabled, RG5 Enabled" value="0"/>
         </ConfigField>
      </ConfigByte>
      <ConfigByte name="CONFIG4L" addr="3145734">
         <ConfigField name="STVREN" desc="Stack Overflow Reset" default="1" ishidden="false" nop_marker="false">
            <ConfigFieldValue name="ON" desc="Enabled" value="1"/>
            <ConfigFieldValue name="OFF" desc="Disabled" value="0"/>
         </ConfigField>
         <ConfigField name="-" desc="" default="0" ishidden="false" nop_marker="false"/>
         <ConfigField name="-" desc="" default="0" ishidden="false" nop_marker="false"/>
         <ConfigField name="-" desc="" default="0" ishidden="false" nop_marker="false"/>
         <ConfigField name="BBSIZ" desc="Boot Block Size" default="1" ishidden="false" nop_marker="false">
            <ConfigFieldValue name="BB2K" desc="2K word Boot Block size" value="1"/>
            <ConfigFieldValue name="BB1K" desc="1K word Boot Block size" value="0"/>
         </ConfigField>
         <ConfigField name="-" desc="" default="0" ishidden="false" nop_marker="false"/>
         <ConfigField name="-" desc="" default="0" ishidden="false" nop_marker="false"/>
         <ConfigField name="DEBUG" desc="Background Debug" default="1" ishidden="false" nop_marker="false">
            <ConfigFieldValue name="OFF" desc="Disabled" value="1"/>
            <ConfigFieldValue name="ON" desc="Enabled" value="0"/>
         </ConfigField>
      </ConfigByte>
      <ConfigByte/>
      <ConfigByte name="CONFIG5L" addr="3145736">
         <ConfigField name="CP0" desc="Code Protect 00800-01FFF" default="1" ishidden="false" nop_marker="false">
            <ConfigFieldValue name="OFF" desc="Disabled" value="1"/>
            <ConfigFieldValue name="ON" desc="Enabled" value="0"/>
         </ConfigField>
         <ConfigField name="CP1" desc="Code Protect 02000-03FFF" default="1" ishidden="false" nop_marker="false">
            <ConfigFieldValue name="OFF" desc="Disabled" value="1"/>
            <ConfigFieldValue name="ON" desc="Enabled" value="0"/>
         </ConfigField>
         <ConfigField name="CP2" desc="Code Protect 04000-05FFF" default="1" ishidden="false" nop_marker="false">
            <ConfigFieldValue name="OFF" desc="Disabled" value="1"/>
            <ConfigFieldValue name="ON" desc="Enabled" value="0"/>
         </ConfigField>
         <ConfigField name="CP3" desc="Code Protect 06000-07FFF" default="1" ishidden="false" nop_marker="false">
            <ConfigFieldValue name="OFF" desc="Disabled" value="1"/>
            <ConfigFieldValue name="ON" desc="Enabled" value="0"/>
         </ConfigField>
         <ConfigField name="-" desc="" default="0" ishidden="false" nop_marker="false"/>
         <ConfigField name="-" desc="" default="0" ishidden="false" nop_marker="false"/>
         <ConfigField name="-" desc="" default="0" ishidden="false" nop_marker="false"/>
         <ConfigField name="-" desc="" default="0" ishidden="false" nop_marker="false"/>
      </ConfigByte>
      <ConfigByte name="CONFIG5H" addr="3145737">
         <ConfigField name="-" desc="" default="0" ishidden="false" nop_marker="false"/>
         <ConfigField name="-" desc="" default="0" ishidden="false" nop_marker="false"/>
         <ConfigField name="-" desc="" default="0" ishidden="false" nop_marker="false"/>
         <ConfigField name="-" desc="" default="0" ishidden="false" nop_marker="false"/>
         <ConfigField name="-" desc="" default="0" ishidden="false" nop_marker="false"/>
         <ConfigField name="-" desc="" default="0" ishidden="false" nop_marker="false"/>
         <ConfigField name="CPB" desc="Code Protect Boot" default="1" ishidden="false" nop_marker="false">
            <ConfigFieldValue name="OFF" desc="Disabled" value="1"/>
            <ConfigFieldValue name="ON" desc="Enabled" value="0"/>
         </ConfigField>
         <ConfigField name="CPD" desc="Data EE Read Protect" default="1" ishidden="false" nop_marker="false">
            <ConfigFieldValue name="OFF" desc="Disabled" value="1"/>
            <ConfigFieldValue name="ON" desc="Enabled" value="0"/>
         </ConfigField>
      </ConfigByte>
      <ConfigByte name="CONFIG6L" addr="3145738">
         <ConfigField name="WRT0" desc="Table Write Protect 00800-017FF" default="1" ishidden="false" nop_marker="false">
            <ConfigFieldValue name="OFF" desc="Disabled" value="1"/>
            <ConfigFieldValue name="ON" desc="Enabled" value="0"/>
         </ConfigField>
         <ConfigField name="WRT1" desc="Table Write Protect 01800-03FFF" default="1" ishidden="false" nop_marker="false">
            <ConfigFieldValue name="OFF" desc="Disabled" value="1"/>
            <ConfigFieldValue name="ON" desc="Enabled" value="0"/>
         </ConfigField>
         <ConfigField name="WRT2" desc="Table Write Protect 04000-05FFF" default="1" ishidden="false" nop_marker="false">
            <ConfigFieldValue name="OFF" desc="Disabled" value="1"/>
            <ConfigFieldValue name="ON" desc="Enabled" value="0"/>
         </ConfigField>
         <ConfigField name="WRT3" desc="Table Write Protect 06000-07FFF" default="1" ishidden="false" nop_marker="false">
            <ConfigFieldValue name="OFF" desc="Disabled" value="1"/>
            <ConfigFieldValue name="ON" desc="Enabled" value="0"/>
         </ConfigField>
         <ConfigField name="-" desc="" default="0" ishidden="false" nop_marker="false"/>
         <ConfigField name="-" desc="" default="0" ishidden="false" nop_marker="false"/>
         <ConfigField name="-" desc="" default="0" ishidden="false" nop_marker="false"/>
         <ConfigField name="-" desc="" default="0" ishidden="false" nop_marker="false"/>
      </ConfigByte>
      <ConfigByte name="CONFIG6H" addr="3145739">
         <ConfigField name="-" desc="" default="0" ishidden="false" nop_marker="false"/>
         <ConfigField name="-" desc="" default="0" ishidden="false" nop_marker="false"/>
         <ConfigField name="-" desc="" default="0" ishidden="false" nop_marker="false"/>
         <ConfigField name="-" desc="" default="0" ishidden="false" nop_marker="false"/>
         <ConfigField name="-" desc="" default="0" ishidden="false" nop_marker="false"/>
         <ConfigField name="WRTC" desc="Config. Write Protect" default="1" ishidden="false" nop_marker="false">
            <ConfigFieldValue name="OFF" desc="Disabled" value="1"/>
            <ConfigFieldValue name="ON" desc="Enabled" value="0"/>
         </ConfigField>
         <ConfigField name="WRTB" desc="Table Write Protect Boot" default="1" ishidden="false" nop_marker="false">
            <ConfigFieldValue name="OFF" desc="Disabled" value="1"/>
            <ConfigFieldValue name="ON" desc="Enabled" value="0"/>
         </ConfigField>
         <ConfigField name="WRTD" desc="Data EE Write Protect" default="1" ishidden="false" nop_marker="false">
            <ConfigFieldValue name="OFF" desc="Disabled" value="1"/>
            <ConfigFieldValue name="ON" desc="Enabled" value="0"/>
         </ConfigField>
      </ConfigByte>
      <ConfigByte name="CONFIG7L" addr="3145740">
         <ConfigField name="EBRT0" desc="Table Read Protect 00800-017FF" default="1" ishidden="false" nop_marker="false">
            <ConfigFieldValue name="OFF" desc="Disabled" value="1"/>
            <ConfigFieldValue name="ON" desc="Enabled" value="0"/>
         </ConfigField>
         <ConfigField name="EBRT1" desc="Table Read Protect 01800-03FFF" default="1" ishidden="false" nop_marker="false">
            <ConfigFieldValue name="OFF" desc="Disabled" value="1"/>
            <ConfigFieldValue name="ON" desc="Enabled" value="0"/>
         </ConfigField>
         <ConfigField name="EBRT2" desc="Table Read Protect 04000-05FFF" default="1" ishidden="false" nop_marker="false">
            <ConfigFieldValue name="OFF" desc="Disabled" value="1"/>
            <ConfigFieldValue name="ON" desc="Enabled" value="0"/>
         </ConfigField>
         <ConfigField name="EBRT3" desc="Table Read Protect 06000-07FFF" default="1" ishidden="false" nop_marker="false">
            <ConfigFieldValue name="OFF" desc="Disabled" value="1"/>
            <ConfigFieldValue name="ON" desc="Enabled" value="0"/>
         </ConfigField>
         <ConfigField name="-" desc="" default="0" ishidden="false" nop_marker="false"/>
         <ConfigField name="-" desc="" default="0" ishidden="false" nop_marker="false"/>
         <ConfigField name="-" desc="" default="0" ishidden="false" nop_marker="false"/>
         <ConfigField name="-" desc="" default="0" ishidden="false" nop_marker="false"/>
      </ConfigByte>
      <ConfigByte name="CONFIG7H" addr="3145741">
         <ConfigField name="-" desc="" default="0" ishidden="false" nop_marker="false"/>
         <ConfigField name="EBRTB" desc="Table Read Protect Boot" default="1" ishidden="false" nop_marker="false">
            <ConfigFieldValue name="OFF" desc="Disabled" value="1"/>
            <ConfigFieldValue name="ON" desc="Enabled" value="0"/>
         </ConfigField>
      </ConfigByte>
   </ConfigBits>
   <ReversedTypes>
      <ReversedType name="tAD"/>
      <ReversedType name="tALRMVAL"/>
      <ReversedType name="tCCP"/>
      <ReversedType name="tCTMUCON"/>
      <ReversedType name="tRTCVAL"/>
      <ReversedType name="tTMR0"/>
      <ReversedType name="tTMR16"/>
      <ReversedType name="tTMR8"/>
   </ReversedTypes>
   <Timers16Bit>
      <Timer number="0"/>
      <Timer number="1"/>
      <Timer number="3"/>
      <Timer number="5"/>
   </Timers16Bit>
   <DataSpaces>
      <GPR_DataSpace beginaddr="0" endaddr="2048"/>
      <SFR_DataSpace beginaddr="3862" endaddr="4096"/>
   </DataSpaces>
</Microcontroller>
