<?xml version="1.0" encoding="UTF-8"?>
<Microcontroller name="PIC18F27J13">
   <Generator program="pic18x_include_file_generator.exe"/>
   <Source filename="PIC18F27J13.PIC" mplabx_version="v3.55" filedate="2017-02-22"/>
   <CPUInfo>
      <Chip name="PIC18F27J13" is_extended="true" first_access_bank_absolute_address="3936" rom_size="131064" alt_shared_addr_test="0"/>
      <EEPROM size="0" eeadr="0" eeadrh="0" eecon1="4006" eecon2="4007" eedata="0"/>
      <IPEN_Location sfr="RCON" bit="7"/>
      <SFR name="ADCTRIG" addr="3768"/>
      <SFR name="PMDIS0" addr="3769"/>
      <SFR name="PMDIS1" addr="3770"/>
      <SFR name="PMDIS2" addr="3771"/>
      <SFR name="PMDIS3" addr="3772"/>
      <SFR name="PPSCON" addr="3775"/>
      <SFR name="RPOR0" addr="3776"/>
      <SFR name="RPOR1" addr="3777"/>
      <SFR name="RPOR2" addr="3778"/>
      <SFR name="RPOR3" addr="3779"/>
      <SFR name="RPOR4" addr="3780"/>
      <SFR name="RPOR5" addr="3781"/>
      <SFR name="RPOR6" addr="3782"/>
      <SFR name="RPOR7" addr="3783"/>
      <SFR name="RPOR8" addr="3784"/>
      <SFR name="RPOR9" addr="3785"/>
      <SFR name="RPOR10" addr="3786"/>
      <SFR name="RPOR11" addr="3787"/>
      <SFR name="RPOR12" addr="3788"/>
      <SFR name="RPOR13" addr="3789"/>
      <SFR name="RPOR14" addr="3790"/>
      <SFR name="RPOR15" addr="3791"/>
      <SFR name="RPOR16" addr="3792"/>
      <SFR name="RPOR17" addr="3793"/>
      <SFR name="RPOR18" addr="3794"/>
      <SFR name="RPINR1" addr="3809"/>
      <SFR name="RPINR2" addr="3810"/>
      <SFR name="RPINR3" addr="3811"/>
      <SFR name="RPINR4" addr="3812"/>
      <SFR name="RPINR6" addr="3814"/>
      <SFR name="RPINR15" addr="3815"/>
      <SFR name="RPINR7" addr="3816"/>
      <SFR name="RPINR8" addr="3817"/>
      <SFR name="RPINR9" addr="3818"/>
      <SFR name="RPINR12" addr="3826"/>
      <SFR name="RPINR13" addr="3827"/>
      <SFR name="RPINR14" addr="3828"/>
      <SFR name="RPINR16" addr="3831"/>
      <SFR name="RPINR17" addr="3832"/>
      <SFR name="RPINR21" addr="3836"/>
      <SFR name="RPINR22" addr="3837"/>
      <SFR name="RPINR23" addr="3838"/>
      <SFR name="RPINR24" addr="3839"/>
      <SFR name="CCP10CON" addr="3840"/>
      <SFR name="CCPR10L" addr="3841"/>
      <SFR name="CCPR10H" addr="3842"/>
      <SFR name="CCP9CON" addr="3843"/>
      <SFR name="CCPR9L" addr="3844"/>
      <SFR name="CCPR9H" addr="3845"/>
      <SFR name="CCP8CON" addr="3846"/>
      <SFR name="CCPR8L" addr="3847"/>
      <SFR name="CCPR8H" addr="3848"/>
      <SFR name="CCP7CON" addr="3849"/>
      <SFR name="CCPR7L" addr="3850"/>
      <SFR name="CCPR7H" addr="3851"/>
      <SFR name="CCP6CON" addr="3852"/>
      <SFR name="CCPR6L" addr="3853"/>
      <SFR name="CCPR6H" addr="3854"/>
      <SFR name="CCP5CON" addr="3855"/>
      <SFR name="CCPR5L" addr="3856"/>
      <SFR name="CCPR5H" addr="3857"/>
      <SFR name="CCP4CON" addr="3858"/>
      <SFR name="CCPR4L" addr="3859"/>
      <SFR name="CCPR4H" addr="3860"/>
      <SFR name="CCP3CON" addr="3861"/>
      <SFR name="CCPR3L" addr="3862"/>
      <SFR name="CCPR3H" addr="3863"/>
      <SFR name="ECCP3DEL" addr="3864"/>
      <SFR name="ECCP3AS" addr="3865"/>
      <SFR name="PSTR3CON" addr="3866"/>
      <SFR name="T8CON" addr="3867"/>
      <SFR name="PR8" addr="3868"/>
      <SFR name="TMR8" addr="3869"/>
      <SFR name="T6CON" addr="3870"/>
      <SFR name="PR6" addr="3871"/>
      <SFR name="TMR6" addr="3872"/>
      <SFR name="T5GCON" addr="3873"/>
      <SFR name="T5CON" addr="3874"/>
      <SFR name="TMR5L" addr="3875"/>
      <SFR name="TMR5H" addr="3876"/>
      <SFR name="CM3CON" addr="3877"/>
      <SFR name="RTCVALL" addr="3898"/>
      <SFR name="RTCVALH" addr="3899"/>
      <SFR name="PADCFG1" addr="3900"/>
      <SFR name="REFOCON" addr="3901"/>
      <SFR name="RTCCAL" addr="3902"/>
      <SFR name="RTCCFG" addr="3903"/>
      <SFR name="ODCON3" addr="3904"/>
      <SFR name="ODCON2" addr="3905"/>
      <SFR name="ODCON1" addr="3906"/>
      <SFR name="ALRMVALL" addr="3908"/>
      <SFR name="ALRMVALH" addr="3909"/>
      <SFR name="ALRMRPT" addr="3910"/>
      <SFR name="ALRMCFG" addr="3911"/>
      <SFR name="ANCON0" addr="3912"/>
      <SFR name="ANCON1" addr="3913"/>
      <SFR name="DSWAKEL" addr="3914"/>
      <SFR name="DSWAKEH" addr="3915"/>
      <SFR name="DSCONL" addr="3916"/>
      <SFR name="DSCONH" addr="3917"/>
      <SFR name="DSGPR0" addr="3918"/>
      <SFR name="DSGPR1" addr="3919"/>
      <SFR name="CCPTMRS2" addr="3920"/>
      <SFR name="CCPTMRS1" addr="3921"/>
      <SFR name="CCPTMRS0" addr="3922"/>
      <SFR name="CVRCON" addr="3923"/>
      <SFR name="DMABCH" addr="3942"/>
      <SFR name="DMABCL" addr="3943"/>
      <SFR name="RXADDRH" addr="3944"/>
      <SFR name="RXADDRL" addr="3945"/>
      <SFR name="TXADDRH" addr="3946"/>
      <SFR name="TXADDRL" addr="3947"/>
      <SFR name="CMSTAT" addr="3952"/>
      <SFR name="SSP2CON2" addr="3953"/>
      <SFR name="SSP2CON1" addr="3954"/>
      <SFR name="SSP2STAT" addr="3955"/>
      <SFR name="SSP2ADD" addr="3956"/>
      <SFR name="SSP2MSK" addr="3956"/>
      <SFR name="SSP2BUF" addr="3957"/>
      <SFR name="T4CON" addr="3958"/>
      <SFR name="PR4" addr="3959"/>
      <SFR name="TMR4" addr="3960"/>
      <SFR name="T3CON" addr="3961"/>
      <SFR name="TMR3L" addr="3962"/>
      <SFR name="TMR3H" addr="3963"/>
      <SFR name="BAUDCON2" addr="3964"/>
      <SFR name="SPBRGH2" addr="3965"/>
      <SFR name="BAUDCON1" addr="3966"/>
      <SFR name="SPBRGH1" addr="3967"/>
      <SFR name="PORTA" addr="3968"/>
      <SFR name="PORTB" addr="3969"/>
      <SFR name="PORTC" addr="3970"/>
      <SFR name="HLVDCON" addr="3973"/>
      <SFR name="DMACON2" addr="3974"/>
      <SFR name="OSCCON2" addr="3975"/>
      <SFR name="DMACON1" addr="3976"/>
      <SFR name="LATA" addr="3977"/>
      <SFR name="LATB" addr="3978"/>
      <SFR name="LATC" addr="3979"/>
      <SFR name="PIE4" addr="3982"/>
      <SFR name="PIR4" addr="3983"/>
      <SFR name="IPR4" addr="3984"/>
      <SFR name="PIE5" addr="3985"/>
      <SFR name="TRISA" addr="3986"/>
      <SFR name="TRISB" addr="3987"/>
      <SFR name="TRISC" addr="3988"/>
      <SFR name="T3GCON" addr="3991"/>
      <SFR name="PIR5" addr="3992"/>
      <SFR name="IPR5" addr="3993"/>
      <SFR name="T1GCON" addr="3994"/>
      <SFR name="OSCTUNE" addr="3995"/>
      <SFR name="RCSTA2" addr="3996"/>
      <SFR name="PIE1" addr="3997"/>
      <SFR name="PIR1" addr="3998"/>
      <SFR name="IPR1" addr="3999"/>
      <SFR name="PIE2" addr="4000"/>
      <SFR name="PIR2" addr="4001"/>
      <SFR name="IPR2" addr="4002"/>
      <SFR name="PIE3" addr="4003"/>
      <SFR name="PIR3" addr="4004"/>
      <SFR name="IPR3" addr="4005"/>
      <SFR name="TXSTA2" addr="4008"/>
      <SFR name="TXREG2" addr="4009"/>
      <SFR name="RCREG2" addr="4010"/>
      <SFR name="SPBRG2" addr="4011"/>
      <SFR name="RCSTA1" addr="4012"/>
      <SFR name="TXSTA1" addr="4013"/>
      <SFR name="TXREG1" addr="4014"/>
      <SFR name="RCREG1" addr="4015"/>
      <SFR name="SPBRG1" addr="4016"/>
      <SFR name="CTMUICON" addr="4017"/>
      <SFR name="CTMUCONL" addr="4018"/>
      <SFR name="CTMUCONH" addr="4019"/>
      <SFR name="CCP2CON" addr="4020"/>
      <SFR name="CCPR2L" addr="4021"/>
      <SFR name="CCPR2H" addr="4022"/>
      <SFR name="ECCP2DEL" addr="4023"/>
      <SFR name="ECCP2AS" addr="4024"/>
      <SFR name="PSTR2CON" addr="4025"/>
      <SFR name="CCP1CON" addr="4026"/>
      <SFR name="CCPR1L" addr="4027"/>
      <SFR name="CCPR1H" addr="4028"/>
      <SFR name="ECCP1DEL" addr="4029"/>
      <SFR name="ECCP1AS" addr="4030"/>
      <SFR name="PSTR1CON" addr="4031"/>
      <SFR name="WDTCON" addr="4032"/>
      <SFR name="ADCON1" addr="4033"/>
      <SFR name="ADCON0" addr="4034"/>
      <SFR name="ADRESL" addr="4035"/>
      <SFR name="ADRESH" addr="4036"/>
      <SFR name="SSP1CON2" addr="4037"/>
      <SFR name="SSP1CON1" addr="4038"/>
      <SFR name="SSP1STAT" addr="4039"/>
      <SFR name="SSP1ADD" addr="4040"/>
      <SFR name="SSP1MSK" addr="4040"/>
      <SFR name="SSP1BUF" addr="4041"/>
      <SFR name="T2CON" addr="4042"/>
      <SFR name="PR2" addr="4043"/>
      <SFR name="TMR2" addr="4044"/>
      <SFR name="T1CON" addr="4045"/>
      <SFR name="TMR1L" addr="4046"/>
      <SFR name="TMR1H" addr="4047"/>
      <SFR name="RCON" addr="4048"/>
      <SFR name="CM2CON" addr="4049"/>
      <SFR name="CM1CON" addr="4050"/>
      <SFR name="OSCCON" addr="4051"/>
      <SFR name="T0CON" addr="4053"/>
      <SFR name="TMR0L" addr="4054"/>
      <SFR name="TMR0H" addr="4055"/>
      <SFR name="INTCON3" addr="4080"/>
      <SFR name="INTCON2" addr="4081"/>
      <SFR name="INTCON" addr="4082"/>
   </CPUInfo>
   <ConfigBits start_addr="131064" end_addr="131071">
      <ConfigByte name="CONFIG1L" addr="131064">
         <ConfigField name="WDTEN" desc="Watchdog Timer" default="1" ishidden="false" nop_marker="false">
            <ConfigFieldValue name="ON" desc="Enabled" value="1"/>
            <ConfigFieldValue name="OFF" desc="Disabled - Controlled by SWDTEN bit" value="0"/>
         </ConfigField>
         <ConfigField name="PLLDIV" desc="96MHz PLL Prescaler Selection (PLLSEL=0)" default="7" ishidden="false" nop_marker="false">
            <ConfigFieldValue name="1" desc="No prescale (4 MHz oscillator input drives PLL directly)" value="7"/>
            <ConfigFieldValue name="2" desc="Divide by 2 (8 MHz oscillator input)" value="6"/>
            <ConfigFieldValue name="3" desc="Divide by 3 (12 MHz oscillator input)" value="5"/>
            <ConfigFieldValue name="4" desc="Divide by 4 (16 MHz oscillator input)" value="4"/>
            <ConfigFieldValue name="5" desc="Divide by 5 (20 MHz oscillator input)" value="3"/>
            <ConfigFieldValue name="6" desc="Divide by 6 (24 MHz oscillator input)" value="2"/>
            <ConfigFieldValue name="10" desc="Divide by 10 (40 MHz oscillator input)" value="1"/>
            <ConfigFieldValue name="12" desc="Divide by 12 (48 MHz oscillator input)" value="0"/>
         </ConfigField>
         <ConfigField name="CFGPLLEN" desc="PLL Enable Configuration Bit" default="1" ishidden="false" nop_marker="false">
            <ConfigFieldValue name="OFF" desc="PLL Disabled" value="1"/>
            <ConfigFieldValue name="ON" desc="PLL Enabled" value="0"/>
         </ConfigField>
         <ConfigField name="STVREN" desc="Stack Overflow/Underflow Reset" default="1" ishidden="false" nop_marker="false">
            <ConfigFieldValue name="ON" desc="Enabled" value="1"/>
            <ConfigFieldValue name="OFF" desc="Disabled" value="0"/>
         </ConfigField>
         <ConfigField name="XINST" desc="Extended Instruction Set" default="1" ishidden="false" nop_marker="false">
            <ConfigFieldValue name="ON" desc="Enabled" value="1"/>
            <ConfigFieldValue name="OFF" desc="Disabled" value="0"/>
         </ConfigField>
         <ConfigField name="DEBUG" desc="Background Debug" default="1" ishidden="true" nop_marker="false">
            <ConfigFieldValue name="OFF" desc="Disabled" value="1"/>
            <ConfigFieldValue name="ON" desc="Enabled" value="0"/>
         </ConfigField>
      </ConfigByte>
      <ConfigByte name="CONFIG1H" addr="131065">
         <ConfigField name="-" desc="" default="0" ishidden="false" nop_marker="false"/>
         <ConfigField name="CP0" desc="Code Protect" default="1" ishidden="false" nop_marker="false">
            <ConfigFieldValue name="OFF" desc="Program memory is not code-protected" value="1"/>
            <ConfigFieldValue name="ON" desc="Program memory is code-protected" value="0"/>
         </ConfigField>
         <ConfigField name="SIGN" desc="Config Word Signature Bit" default="0" ishidden="true" nop_marker="false">
         </ConfigField>
<!-- config byte CONFIG1H field SIGN default value (0) not defined -->
         <ConfigField name="RESERVED" desc="RESERVED" default="15" ishidden="true" nop_marker="true"/>
      </ConfigByte>
      <ConfigByte name="CONFIG2L" addr="131066">
         <ConfigField name="OSC" desc="Oscillator" default="7" ishidden="false" nop_marker="false">
            <ConfigFieldValue name="ECPLL" desc="EC+PLL (CLKO-RA6)" value="7"/>
            <ConfigFieldValue name="EC" desc="EC (CLKO-RA6)" value="6"/>
            <ConfigFieldValue name="HSPLL" desc="HS+PLL" value="5"/>
            <ConfigFieldValue name="HS" desc="HS" value="4"/>
            <ConfigFieldValue name="INTOSCPLLO" desc="INTOSCPLLO (CLKO-RA6)" value="3"/>
            <ConfigFieldValue name="INTOSCPLL" desc="INTOSCPLL" value="2"/>
            <ConfigFieldValue name="INTOSCO" desc="INTOSCO (CLKO-RA6)" value="1"/>
            <ConfigFieldValue name="INTOSC" desc="INTOSC" value="0"/>
         </ConfigField>
         <ConfigField name="SOSCSEL" desc="T1OSC/SOSC Power Selection Bits" default="3" ishidden="false" nop_marker="false">
            <ConfigFieldValue name="HIGH" desc="High Power T1OSC/SOSC circuit selected" value="3"/>
            <ConfigFieldValue name="DIG" desc="Digital (SCLKI) mode selected" value="2"/>
            <ConfigFieldValue name="LOW" desc="Low Power T1OSC/SOSC circuit selected" value="1"/>
         </ConfigField>
         <ConfigField name="CLKOEC" desc="EC Clock Out Enable Bit " default="1" ishidden="false" nop_marker="false">
            <ConfigFieldValue name="ON" desc="CLKO output enabled on the RA6 pin" value="1"/>
            <ConfigFieldValue name="OFF" desc="CLKO output disabled on the RA6 pin" value="0"/>
         </ConfigField>
         <ConfigField name="FCMEN" desc="Fail-Safe Clock Monitor" default="1" ishidden="false" nop_marker="false">
            <ConfigFieldValue name="ON" desc="Enabled" value="1"/>
            <ConfigFieldValue name="OFF" desc="Disabled" value="0"/>
         </ConfigField>
         <ConfigField name="IESO" desc="Internal External Oscillator Switch Over Mode" default="1" ishidden="false" nop_marker="false">
            <ConfigFieldValue name="ON" desc="Enabled" value="1"/>
            <ConfigFieldValue name="OFF" desc="Disabled" value="0"/>
         </ConfigField>
      </ConfigByte>
      <ConfigByte name="CONFIG2H" addr="131067">
         <ConfigField name="WDTPS" desc="Watchdog Postscaler" default="15" ishidden="false" nop_marker="false">
            <ConfigFieldValue name="32768" desc="1:32768" value="15"/>
            <ConfigFieldValue name="16384" desc="1:16384" value="14"/>
            <ConfigFieldValue name="8192" desc="1:8192" value="13"/>
            <ConfigFieldValue name="4096" desc="1:4096" value="12"/>
            <ConfigFieldValue name="2048" desc="1:2048" value="11"/>
            <ConfigFieldValue name="1024" desc="1:1024" value="10"/>
            <ConfigFieldValue name="512" desc="1:512" value="9"/>
            <ConfigFieldValue name="256" desc="1:256" value="8"/>
            <ConfigFieldValue name="128" desc="1:128" value="7"/>
            <ConfigFieldValue name="64" desc="1:64" value="6"/>
            <ConfigFieldValue name="32" desc="1:32" value="5"/>
            <ConfigFieldValue name="16" desc="1:16" value="4"/>
            <ConfigFieldValue name="8" desc="1:8" value="3"/>
            <ConfigFieldValue name="4" desc="1:4" value="2"/>
            <ConfigFieldValue name="2" desc="1:2" value="1"/>
            <ConfigFieldValue name="1" desc="1:1" value="0"/>
         </ConfigField>
         <ConfigField name="RESERVED" desc="RESERVED" default="15" ishidden="true" nop_marker="true"/>
      </ConfigByte>
      <ConfigByte name="CONFIG3L" addr="131068">
         <ConfigField name="DSWDTOSC" desc="DSWDT Clock Select" default="1" ishidden="false" nop_marker="false">
            <ConfigFieldValue name="INTOSCREF" desc="DSWDT uses INTRC" value="1"/>
            <ConfigFieldValue name="T1OSCREF" desc="DSWDT uses T1OSC/T1CKI" value="0"/>
         </ConfigField>
         <ConfigField name="RTCOSC" desc="RTCC Clock Select" default="1" ishidden="false" nop_marker="false">
            <ConfigFieldValue name="T1OSCREF" desc="RTCC uses T1OSC/T1CKI" value="1"/>
            <ConfigFieldValue name="INTOSCREF" desc="RTCC uses INTRC" value="0"/>
         </ConfigField>
         <ConfigField name="DSBOREN" desc="Deep Sleep BOR" default="1" ishidden="false" nop_marker="false">
            <ConfigFieldValue name="ON" desc="Enabled" value="1"/>
            <ConfigFieldValue name="OFF" desc="Disabled" value="0"/>
         </ConfigField>
         <ConfigField name="DSWDTEN" desc="Deep Sleep Watchdog Timer" default="1" ishidden="false" nop_marker="false">
            <ConfigFieldValue name="ON" desc="Enabled" value="1"/>
            <ConfigFieldValue name="OFF" desc="Disabled" value="0"/>
         </ConfigField>
         <ConfigField name="DSWDTPS" desc="Deep Sleep Watchdog Postscaler" default="15" ishidden="false" nop_marker="false">
            <ConfigFieldValue name="G2" desc="1:2,147,483,648 (25.7 days)" value="15"/>
            <ConfigFieldValue name="M536" desc="1:536,870,912 (6.4 days)" value="14"/>
            <ConfigFieldValue name="M134" desc="1:134,217,728 (38.5 hours)" value="13"/>
            <ConfigFieldValue name="M33" desc="1:33,554,432 (9.6 hours)" value="12"/>
            <ConfigFieldValue name="M8" desc="1:8,388,608 (2.4 hours)" value="11"/>
            <ConfigFieldValue name="M2" desc="1:2,097,152 (36 minutes)" value="10"/>
            <ConfigFieldValue name="K524" desc="1:524,288 (9 minutes)" value="9"/>
            <ConfigFieldValue name="K131" desc="1:131,072 (135 seconds)" value="8"/>
            <ConfigFieldValue name="K32" desc="1:32,768 (34 seconds)" value="7"/>
            <ConfigFieldValue name="8192" desc="1:8,192 (8.5 seconds)" value="6"/>
            <ConfigFieldValue name="2048" desc="1:2,048 (2.1 seconds)" value="5"/>
            <ConfigFieldValue name="512" desc="1:512 (528 ms)" value="4"/>
            <ConfigFieldValue name="128" desc="1:128 (132 ms)" value="3"/>
            <ConfigFieldValue name="32" desc="1:32 (33 ms)" value="2"/>
            <ConfigFieldValue name="8" desc="1:8 (8.3 ms)" value="1"/>
            <ConfigFieldValue name="2" desc="1:2 (2.1 ms)" value="0"/>
         </ConfigField>
      </ConfigByte>
      <ConfigByte name="CONFIG3H" addr="131069">
         <ConfigField name="IOL1WAY" desc="IOLOCK One-Way Set Enable bit" default="1" ishidden="false" nop_marker="false">
            <ConfigFieldValue name="ON" desc="The IOLOCK bit (PPSCON&lt;0>) can be set once" value="1"/>
            <ConfigFieldValue name="OFF" desc="The IOLOCK bit (PPSCON&lt;0>) can be set and cleared as needed" value="0"/>
         </ConfigField>
         <ConfigField name="ADCSEL" desc="ADC 10 or 12 Bit Select" default="1" ishidden="false" nop_marker="false">
            <ConfigFieldValue name="BIT10" desc="10 - Bit ADC Enabled" value="1"/>
            <ConfigFieldValue name="BIT12" desc="12 - Bit ADC Enabled" value="0"/>
         </ConfigField>
         <ConfigField name="PLLSEL" desc="PLL Selection Bit" default="1" ishidden="false" nop_marker="false">
            <ConfigFieldValue name="PLL4X" desc="Selects 4x PLL" value="1"/>
            <ConfigFieldValue name="PLL96" desc="Selects 96MHz PLL" value="0"/>
         </ConfigField>
         <ConfigField name="MSSP7B_EN" desc="MSSP address masking" default="1" ishidden="false" nop_marker="false">
            <ConfigFieldValue name="MSK7" desc="7 Bit address masking mode" value="1"/>
            <ConfigFieldValue name="MSK5" desc="5 Bit address masking mode" value="0"/>
         </ConfigField>
         <ConfigField name="RESERVED" desc="RESERVED" default="15" ishidden="true" nop_marker="true"/>
      </ConfigByte>
      <ConfigByte name="CONFIG4L" addr="131070">
         <ConfigField name="WPFP" desc="Write/Erase Protect Page Start/End Location" default="127" ishidden="false" nop_marker="false">
            <ConfigFieldValue name="PAGE_127" desc="Write Protect Program Flash Page 127" value="127"/>
            <ConfigFieldValue name="PAGE_126" desc="Write Protect Program Flash Page 126" value="126"/>
            <ConfigFieldValue name="PAGE_125" desc="Write Protect Program Flash Page 125" value="125"/>
            <ConfigFieldValue name="PAGE_124" desc="Write Protect Program Flash Page 124" value="124"/>
            <ConfigFieldValue name="PAGE_123" desc="Write Protect Program Flash Page 123" value="123"/>
            <ConfigFieldValue name="PAGE_122" desc="Write Protect Program Flash Page 122" value="122"/>
            <ConfigFieldValue name="PAGE_121" desc="Write Protect Program Flash Page 121" value="121"/>
            <ConfigFieldValue name="PAGE_120" desc="Write Protect Program Flash Page 120" value="120"/>
            <ConfigFieldValue name="PAGE_119" desc="Write Protect Program Flash Page 119" value="119"/>
            <ConfigFieldValue name="PAGE_118" desc="Write Protect Program Flash Page 118" value="118"/>
            <ConfigFieldValue name="PAGE_117" desc="Write Protect Program Flash Page 117" value="117"/>
            <ConfigFieldValue name="PAGE_116" desc="Write Protect Program Flash Page 116" value="116"/>
            <ConfigFieldValue name="PAGE_115" desc="Write Protect Program Flash Page 115" value="115"/>
            <ConfigFieldValue name="PAGE_114" desc="Write Protect Program Flash Page 114" value="114"/>
            <ConfigFieldValue name="PAGE_113" desc="Write Protect Program Flash Page 113" value="113"/>
            <ConfigFieldValue name="PAGE_112" desc="Write Protect Program Flash Page 112" value="112"/>
            <ConfigFieldValue name="PAGE_111" desc="Write Protect Program Flash Page 111" value="111"/>
            <ConfigFieldValue name="PAGE_110" desc="Write Protect Program Flash Page 110" value="110"/>
            <ConfigFieldValue name="PAGE_109" desc="Write Protect Program Flash Page 109" value="109"/>
            <ConfigFieldValue name="PAGE_108" desc="Write Protect Program Flash Page 108" value="108"/>
            <ConfigFieldValue name="PAGE_107" desc="Write Protect Program Flash Page 107" value="107"/>
            <ConfigFieldValue name="PAGE_106" desc="Write Protect Program Flash Page 106" value="106"/>
            <ConfigFieldValue name="PAGE_105" desc="Write Protect Program Flash Page 105" value="105"/>
            <ConfigFieldValue name="PAGE_104" desc="Write Protect Program Flash Page 104" value="104"/>
            <ConfigFieldValue name="PAGE_103" desc="Write Protect Program Flash Page 103" value="103"/>
            <ConfigFieldValue name="PAGE_102" desc="Write Protect Program Flash Page 102" value="102"/>
            <ConfigFieldValue name="PAGE_101" desc="Write Protect Program Flash Page 101" value="101"/>
            <ConfigFieldValue name="PAGE_100" desc="Write Protect Program Flash Page 100" value="100"/>
            <ConfigFieldValue name="PAGE_99" desc="Write Protect Program Flash Page 99" value="99"/>
            <ConfigFieldValue name="PAGE_98" desc="Write Protect Program Flash Page 98" value="98"/>
            <ConfigFieldValue name="PAGE_97" desc="Write Protect Program Flash Page 97" value="97"/>
            <ConfigFieldValue name="PAGE_96" desc="Write Protect Program Flash Page 96" value="96"/>
            <ConfigFieldValue name="PAGE_95" desc="Write Protect Program Flash Page 95" value="95"/>
            <ConfigFieldValue name="PAGE_94" desc="Write Protect Program Flash Page 94" value="94"/>
            <ConfigFieldValue name="PAGE_93" desc="Write Protect Program Flash Page 93" value="93"/>
            <ConfigFieldValue name="PAGE_92" desc="Write Protect Program Flash Page 92" value="92"/>
            <ConfigFieldValue name="PAGE_91" desc="Write Protect Program Flash Page 91" value="91"/>
            <ConfigFieldValue name="PAGE_90" desc="Write Protect Program Flash Page 90" value="90"/>
            <ConfigFieldValue name="PAGE_89" desc="Write Protect Program Flash Page 89" value="89"/>
            <ConfigFieldValue name="PAGE_88" desc="Write Protect Program Flash Page 88" value="88"/>
            <ConfigFieldValue name="PAGE_87" desc="Write Protect Program Flash Page 87" value="87"/>
            <ConfigFieldValue name="PAGE_86" desc="Write Protect Program Flash Page 86" value="86"/>
            <ConfigFieldValue name="PAGE_85" desc="Write Protect Program Flash Page 85" value="85"/>
            <ConfigFieldValue name="PAGE_84" desc="Write Protect Program Flash Page 84" value="84"/>
            <ConfigFieldValue name="PAGE_83" desc="Write Protect Program Flash Page 83" value="83"/>
            <ConfigFieldValue name="PAGE_82" desc="Write Protect Program Flash Page 82" value="82"/>
            <ConfigFieldValue name="PAGE_81" desc="Write Protect Program Flash Page 81" value="81"/>
            <ConfigFieldValue name="PAGE_80" desc="Write Protect Program Flash Page 80" value="80"/>
            <ConfigFieldValue name="PAGE_79" desc="Write Protect Program Flash Page 79" value="79"/>
            <ConfigFieldValue name="PAGE_78" desc="Write Protect Program Flash Page 78" value="78"/>
            <ConfigFieldValue name="PAGE_77" desc="Write Protect Program Flash Page 77" value="77"/>
            <ConfigFieldValue name="PAGE_76" desc="Write Protect Program Flash Page 76" value="76"/>
            <ConfigFieldValue name="PAGE_75" desc="Write Protect Program Flash Page 75" value="75"/>
            <ConfigFieldValue name="PAGE_74" desc="Write Protect Program Flash Page 74" value="74"/>
            <ConfigFieldValue name="PAGE_73" desc="Write Protect Program Flash Page 73" value="73"/>
            <ConfigFieldValue name="PAGE_72" desc="Write Protect Program Flash Page 72" value="72"/>
            <ConfigFieldValue name="PAGE_71" desc="Write Protect Program Flash Page 71" value="71"/>
            <ConfigFieldValue name="PAGE_70" desc="Write Protect Program Flash Page 70" value="70"/>
            <ConfigFieldValue name="PAGE_69" desc="Write Protect Program Flash Page 69" value="69"/>
            <ConfigFieldValue name="PAGE_68" desc="Write Protect Program Flash Page 68" value="68"/>
            <ConfigFieldValue name="PAGE_67" desc="Write Protect Program Flash Page 67" value="67"/>
            <ConfigFieldValue name="PAGE_66" desc="Write Protect Program Flash Page 66" value="66"/>
            <ConfigFieldValue name="PAGE_65" desc="Write Protect Program Flash Page 65" value="65"/>
            <ConfigFieldValue name="PAGE_64" desc="Write Protect Program Flash Page 64" value="64"/>
            <ConfigFieldValue name="PAGE_63" desc="Write Protect Program Flash Page 63" value="63"/>
            <ConfigFieldValue name="PAGE_62" desc="Write Protect Program Flash Page 62" value="62"/>
            <ConfigFieldValue name="PAGE_61" desc="Write Protect Program Flash Page 61" value="61"/>
            <ConfigFieldValue name="PAGE_60" desc="Write Protect Program Flash Page 60" value="60"/>
            <ConfigFieldValue name="PAGE_59" desc="Write Protect Program Flash Page 59" value="59"/>
            <ConfigFieldValue name="PAGE_58" desc="Write Protect Program Flash Page 58" value="58"/>
            <ConfigFieldValue name="PAGE_57" desc="Write Protect Program Flash Page 57" value="57"/>
            <ConfigFieldValue name="PAGE_56" desc="Write Protect Program Flash Page 56" value="56"/>
            <ConfigFieldValue name="PAGE_55" desc="Write Protect Program Flash Page 55" value="55"/>
            <ConfigFieldValue name="PAGE_54" desc="Write Protect Program Flash Page 54" value="54"/>
            <ConfigFieldValue name="PAGE_53" desc="Write Protect Program Flash Page 53" value="53"/>
            <ConfigFieldValue name="PAGE_52" desc="Write Protect Program Flash Page 52" value="52"/>
            <ConfigFieldValue name="PAGE_51" desc="Write Protect Program Flash Page 51" value="51"/>
            <ConfigFieldValue name="PAGE_50" desc="Write Protect Program Flash Page 50" value="50"/>
            <ConfigFieldValue name="PAGE_49" desc="Write Protect Program Flash Page 49" value="49"/>
            <ConfigFieldValue name="PAGE_48" desc="Write Protect Program Flash Page 48" value="48"/>
            <ConfigFieldValue name="PAGE_47" desc="Write Protect Program Flash Page 47" value="47"/>
            <ConfigFieldValue name="PAGE_46" desc="Write Protect Program Flash Page 46" value="46"/>
            <ConfigFieldValue name="PAGE_45" desc="Write Protect Program Flash Page 45" value="45"/>
            <ConfigFieldValue name="PAGE_44" desc="Write Protect Program Flash Page 44" value="44"/>
            <ConfigFieldValue name="PAGE_43" desc="Write Protect Program Flash Page 43" value="43"/>
            <ConfigFieldValue name="PAGE_42" desc="Write Protect Program Flash Page 42" value="42"/>
            <ConfigFieldValue name="PAGE_41" desc="Write Protect Program Flash Page 41" value="41"/>
            <ConfigFieldValue name="PAGE_40" desc="Write Protect Program Flash Page 40" value="40"/>
            <ConfigFieldValue name="PAGE_39" desc="Write Protect Program Flash Page 39" value="39"/>
            <ConfigFieldValue name="PAGE_38" desc="Write Protect Program Flash Page 38" value="38"/>
            <ConfigFieldValue name="PAGE_37" desc="Write Protect Program Flash Page 37" value="37"/>
            <ConfigFieldValue name="PAGE_36" desc="Write Protect Program Flash Page 36" value="36"/>
            <ConfigFieldValue name="PAGE_35" desc="Write Protect Program Flash Page 35" value="35"/>
            <ConfigFieldValue name="PAGE_34" desc="Write Protect Program Flash Page 34" value="34"/>
            <ConfigFieldValue name="PAGE_33" desc="Write Protect Program Flash Page 33" value="33"/>
            <ConfigFieldValue name="PAGE_32" desc="Write Protect Program Flash Page 32" value="32"/>
            <ConfigFieldValue name="PAGE_31" desc="Write Protect Program Flash Page 31" value="31"/>
            <ConfigFieldValue name="PAGE_30" desc="Write Protect Program Flash Page 30" value="30"/>
            <ConfigFieldValue name="PAGE_29" desc="Write Protect Program Flash Page 29" value="29"/>
            <ConfigFieldValue name="PAGE_28" desc="Write Protect Program Flash Page 28" value="28"/>
            <ConfigFieldValue name="PAGE_27" desc="Write Protect Program Flash Page 27" value="27"/>
            <ConfigFieldValue name="PAGE_26" desc="Write Protect Program Flash Page 26" value="26"/>
            <ConfigFieldValue name="PAGE_25" desc="Write Protect Program Flash Page 25" value="25"/>
            <ConfigFieldValue name="PAGE_24" desc="Write Protect Program Flash Page 24" value="24"/>
            <ConfigFieldValue name="PAGE_23" desc="Write Protect Program Flash Page 23" value="23"/>
            <ConfigFieldValue name="PAGE_22" desc="Write Protect Program Flash Page 22" value="22"/>
            <ConfigFieldValue name="PAGE_21" desc="Write Protect Program Flash Page 21" value="21"/>
            <ConfigFieldValue name="PAGE_20" desc="Write Protect Program Flash Page 20" value="20"/>
            <ConfigFieldValue name="PAGE_19" desc="Write Protect Program Flash Page 19" value="19"/>
            <ConfigFieldValue name="PAGE_18" desc="Write Protect Program Flash Page 18" value="18"/>
            <ConfigFieldValue name="PAGE_17" desc="Write Protect Program Flash Page 17" value="17"/>
            <ConfigFieldValue name="PAGE_16" desc="Write Protect Program Flash Page 16" value="16"/>
            <ConfigFieldValue name="PAGE_15" desc="Write Protect Program Flash Page 15" value="15"/>
            <ConfigFieldValue name="PAGE_14" desc="Write Protect Program Flash Page 14" value="14"/>
            <ConfigFieldValue name="PAGE_13" desc="Write Protect Program Flash Page 13" value="13"/>
            <ConfigFieldValue name="PAGE_12" desc="Write Protect Program Flash Page 12" value="12"/>
            <ConfigFieldValue name="PAGE_11" desc="Write Protect Program Flash Page 11" value="11"/>
            <ConfigFieldValue name="PAGE_10" desc="Write Protect Program Flash Page 10" value="10"/>
            <ConfigFieldValue name="PAGE_9" desc="Write Protect Program Flash Page 9" value="9"/>
            <ConfigFieldValue name="PAGE_8" desc="Write Protect Program Flash Page 8" value="8"/>
            <ConfigFieldValue name="PAGE_7" desc="Write Protect Program Flash Page 7" value="7"/>
            <ConfigFieldValue name="PAGE_6" desc="Write Protect Program Flash Page 6" value="6"/>
            <ConfigFieldValue name="PAGE_5" desc="Write Protect Program Flash Page 5" value="5"/>
            <ConfigFieldValue name="PAGE_4" desc="Write Protect Program Flash Page 4" value="4"/>
            <ConfigFieldValue name="PAGE_3" desc="Write Protect Program Flash Page 3" value="3"/>
            <ConfigFieldValue name="PAGE_2" desc="Write Protect Program Flash Page 2" value="2"/>
            <ConfigFieldValue name="PAGE_1" desc="Write Protect Program Flash Page 1" value="1"/>
            <ConfigFieldValue name="PAGE_0" desc="Write Protect Program Flash Page 0" value="0"/>
         </ConfigField>
         <ConfigField name="WPCFG" desc="Write/Erase Protect Configuration Region " default="1" ishidden="false" nop_marker="false">
            <ConfigFieldValue name="OFF" desc="Configuration Words page not erase/write-protected" value="1"/>
            <ConfigFieldValue name="ON" desc="Configuration Words page erase/write-protected" value="0"/>
         </ConfigField>
      </ConfigByte>
      <ConfigByte name="CONFIG4H" addr="131071">
         <ConfigField name="WPDIS" desc="Write Protect Disable bit" default="1" ishidden="false" nop_marker="false">
            <ConfigFieldValue name="OFF" desc="WPFP&lt;6:0>/WPEND region ignored" value="1"/>
            <ConfigFieldValue name="ON" desc="WPFP&lt;6:0>/WPEND region erase/write protected" value="0"/>
         </ConfigField>
         <ConfigField name="WPEND" desc="Write/Erase Protect Region Select bit (valid when WPDIS = 0)" default="1" ishidden="false" nop_marker="false">
            <ConfigFieldValue name="PAGE_WPFP" desc="Pages WPFP&lt;6:0> through Configuration Words erase/write protected" value="1"/>
            <ConfigFieldValue name="PAGE_0" desc="Pages 0 through WPFP&lt;6:0> erase/write protected" value="0"/>
         </ConfigField>
         <ConfigField name="-" desc="" default="0" ishidden="false" nop_marker="false"/>
         <ConfigField name="-" desc="" default="0" ishidden="false" nop_marker="false"/>
         <ConfigField name="RESERVED" desc="" default="15" ishidden="true" nop_marker="true"/>
      </ConfigByte>
   </ConfigBits>
   <ReversedTypes>
      <ReversedType name="tAD"/>
      <ReversedType name="tALRMVAL"/>
      <ReversedType name="tCCP"/>
      <ReversedType name="tCTMUCON"/>
      <ReversedType name="tDSCON"/>
      <ReversedType name="tDSWAKE"/>
      <ReversedType name="tRTCVAL"/>
      <ReversedType name="tTMR0"/>
      <ReversedType name="tTMR16"/>
      <ReversedType name="tTMR8"/>
   </ReversedTypes>
   <Timers16Bit>
      <Timer number="0"/>
      <Timer number="1"/>
      <Timer number="3"/>
   </Timers16Bit>
   <DataSpaces>
      <GPR_DataSpace beginaddr="0" endaddr="96"/>
      <DPR_DataSpace beginaddr="96" endaddr="3760"/>
      <SFR_DataSpace beginaddr="3760" endaddr="4096"/>
   </DataSpaces>
</Microcontroller>
